patch,category,id,name,wpa,sample_size
16.1,Keystone,8369,First Strike,0.761,40326
16.1,Keystone,8230,Stormraider's Surge,2.2127,374
16.1,Keystone,8214,Summon Aery,2.642,13861
16.1,Keystone,8360,Unsealed Spellbook,4.5108,1788
16.1,Keystone,8437,Grasp of the Undying,-18.8431,115
16.1,Keystone,8229,Arcane Comet,-2.1326,26124
16.1,Keystone,8128,Dark Harvest,-4.0769,1191
16.1,Keystone,8112,Electrocute,-1.8298,7264
16.1,Spell,1,Cleanse,-2.4574,133
16.1,Spell,3,Exhaust,0.5324,1150
16.1,Spell,4,Flash,-0.0,91281
16.1,Spell,6,Ghost,1.637,1059
16.1,Spell,12,Teleport,0.0317,81841
16.1,Spell,14,Ignite,-4.7623,2386
16.1,Spell,21,Barrier,1.5811,4696
16.1,Starter,1027,Sapphire Crystal,-3.8696,327
16.1,Starter,1054,Doran's Shield,3.5005,122
16.1,Starter,1056,Doran's Ring,0.1249,75262
16.1,Starter,1082,Dark Seal,1.4959,139
16.1,Starter,3070,Tear of the Goddess,-0.5846,14964
16.1,Boots,3009,Boots of Swiftness,-0.1758,2004
16.1,Boots,3020,Sorcerer's Shoes,0.2628,59994
16.1,Boots,3047,Plated Steelcaps,1.8459,2135
16.1,Boots,3111,Mercury's Treads,0.8066,6139
16.1,Boots,3158,Ionian Boots of Lucidity,0.8867,17138
16.1,1st Item,2065,Shurelya's Battlesong,2.7543,185
16.1,1st Item,2503,Blackfire Torch,7.5921,166
16.1,1st Item,2504,Kaenic Rookern,4.962,155
16.1,1st Item,2522,Actualizer,-5.597,342
16.1,1st Item,3003,Archangel's Staff,0.9388,7026
16.1,1st Item,3089,Rabadon's Deathcap,-4.033,138
16.1,1st Item,3118,Malignance,-6.5211,173
16.1,1st Item,3119,Winter's Approach,2.1012,173
16.1,1st Item,3152,Hextech Rocketbelt,1.8117,1070
16.1,1st Item,3157,Zhonya's Hourglass,-5.396,240
16.1,1st Item,4629,Cosmic Drive,6.6147,115
16.1,1st Item,4646,Stormsurge,0.8608,171
16.1,1st Item,6655,Luden's Echo,-0.8432,29343
16.1,1st Item,6657,Rod of Ages,0.3731,48933
16.1,2nd Item,2065,Shurelya's Battlesong,7.1384,187
16.1,2nd Item,2504,Kaenic Rookern,-0.1482,190
16.1,2nd Item,2522,Actualizer,-3.4538,1005
16.1,2nd Item,3003,Archangel's Staff,1.1117,37019
16.1,2nd Item,3041,Mejai's Soulstealer,-4.2701,219
16.1,2nd Item,3089,Rabadon's Deathcap,-0.6668,14126
16.1,2nd Item,3102,Banshee's Veil,-2.3749,904
16.1,2nd Item,3119,Winter's Approach,-0.0414,229
16.1,2nd Item,3135,Void Staff,-1.8119,767
16.1,2nd Item,3137,Cryptbloom,0.8653,3698
16.1,2nd Item,3152,Hextech Rocketbelt,0.8412,416
16.1,2nd Item,3157,Zhonya's Hourglass,-0.7132,3167
16.1,2nd Item,4628,Horizon Focus,-2.3403,199
16.1,2nd Item,4629,Cosmic Drive,0.8258,388
16.1,2nd Item,4645,Shadowflame,-2.2962,5193
16.1,2nd Item,4646,Stormsurge,-1.0052,7611
16.1,2nd Item,6655,Luden's Echo,-0.9615,4259
16.1,2nd Item,6657,Rod of Ages,-1.0788,2151
16.1,3rd Item,2504,Kaenic Rookern,1.3496,184
16.1,3rd Item,2522,Actualizer,-1.0398,1379
16.1,3rd Item,3003,Archangel's Staff,-1.4008,2474
16.1,3rd Item,3041,Mejai's Soulstealer,2.2588,459
16.1,3rd Item,3089,Rabadon's Deathcap,0.5532,33200
16.1,3rd Item,3102,Banshee's Veil,1.0841,1901
16.1,3rd Item,3110,Frozen Heart,6.3604,133
16.1,3rd Item,3119,Winter's Approach,0.6726,198
16.1,3rd Item,3135,Void Staff,-0.7963,3515
16.1,3rd Item,3137,Cryptbloom,1.531,3363
16.1,3rd Item,3157,Zhonya's Hourglass,-0.7784,6239
16.1,3rd Item,3165,Morellonomicon,-5.6684,197
16.1,3rd Item,3742,Dead Man's Plate,-2.7643,155
16.1,3rd Item,4629,Cosmic Drive,-0.1982,259
16.1,3rd Item,4645,Shadowflame,-1.7236,4535
16.1,3rd Item,4646,Stormsurge,-1.2437,1494
16.1,3rd Item,6655,Luden's Echo,-1.7899,1721
16.1,3rd Item,6657,Rod of Ages,-2.2364,623
16.1,4th+ Item,2504,Kaenic Rookern,-2.2889,309
16.1,4th+ Item,2522,Actualizer,-2.7101,537
16.1,4th+ Item,3003,Archangel's Staff,2.5062,562
16.1,4th+ Item,3041,Mejai's Soulstealer,0.1122,726
16.1,4th+ Item,3089,Rabadon's Deathcap,-0.0547,6366
16.1,4th+ Item,3102,Banshee's Veil,0.6488,3905
16.1,4th+ Item,3110,Frozen Heart,2.2777,182
16.1,4th+ Item,3119,Winter's Approach,-2.0679,164
16.1,4th+ Item,3135,Void Staff,0.0757,6505
16.1,4th+ Item,3137,Cryptbloom,1.2551,3111
16.1,4th+ Item,3143,Randuin's Omen,3.5333,263
16.1,4th+ Item,3157,Zhonya's Hourglass,-0.5653,9308
16.1,4th+ Item,3165,Morellonomicon,0.6432,384
16.1,4th+ Item,3742,Dead Man's Plate,0.6748,466
16.1,4th+ Item,4401,Force of Nature,2.9594,243
16.1,4th+ Item,4629,Cosmic Drive,-0.0412,284
16.1,4th+ Item,4645,Shadowflame,-0.5056,5283
16.1,4th+ Item,4646,Stormsurge,-0.0809,988
16.1,4th+ Item,6655,Luden's Echo,-0.7059,833
16.1,4th+ Item,6657,Rod of Ages,-6.2291,132
16.1,4th+ Item,6665,"Jak'Sho, The Protean",1.645,241
16.1,4th+ Item,8020,Abyssal Mask,0.8119,118
16.1,All Items,2065,Shurelya's Battlesong,2.2788,526
16.1,All Items,2503,Blackfire Torch,4.3052,251
16.1,All Items,2504,Kaenic Rookern,0.346,845
16.1,All Items,2522,Actualizer,-2.5312,3269
16.1,All Items,3003,Archangel's Staff,0.9705,47082
16.1,All Items,3041,Mejai's Soulstealer,0.2529,1417
16.1,All Items,3089,Rabadon's Deathcap,0.1493,53849
16.1,All Items,3102,Banshee's Veil,0.3901,6797
16.1,All Items,3110,Frozen Heart,3.5052,427
16.1,All Items,3116,Rylai's Crystal Scepter,5.0655,118
16.1,All Items,3118,Malignance,-2.8623,354
16.1,All Items,3119,Winter's Approach,0.1938,764
16.1,All Items,3135,Void Staff,-0.341,10859
16.1,All Items,3137,Cryptbloom,1.2021,10203
16.1,All Items,3143,Randuin's Omen,1.9459,379
16.1,All Items,3146,Hextech Gunblade,2.5361,128
16.1,All Items,3152,Hextech Rocketbelt,1.4352,1682
16.1,All Items,3157,Zhonya's Hourglass,-0.726,19012
16.1,All Items,3165,Morellonomicon,-2.0757,665
16.1,All Items,3742,Dead Man's Plate,-0.5132,682
16.1,All Items,4401,Force of Nature,2.9004,370
16.1,All Items,4628,Horizon Focus,-1.0952,358
16.1,All Items,4629,Cosmic Drive,0.9535,1059
16.1,All Items,4645,Shadowflame,-1.5108,15116
16.1,All Items,4646,Stormsurge,-0.9272,10280
16.1,All Items,6653,Liandry's Torment,-4.3593,181
16.1,All Items,6655,Luden's Echo,-0.8987,36165
16.1,All Items,6657,Rod of Ages,0.2647,51840
16.1,All Items,6665,"Jak'Sho, The Protean",0.8228,364
16.1,All Items,8020,Abyssal Mask,2.1054,322
16.2,Keystone,8369,First Strike,0.6559,48130
16.2,Keystone,8230,Stormraider's Surge,-1.2884,343
16.2,Keystone,8214,Summon Aery,2.5984,11608
16.2,Keystone,8360,Unsealed Spellbook,3.6081,3205
16.2,Keystone,8229,Arcane Comet,-2.5904,25398
16.2,Keystone,8128,Dark Harvest,-3.7228,1079
16.2,Keystone,8112,Electrocute,-0.0569,7638
16.2,Keystone,8351,Glacial Augment,-5.2738,104
16.2,Spell,1,Cleanse,1.7125,214
16.2,Spell,3,Exhaust,-1.1071,1615
16.2,Spell,4,Flash,0.0002,97789
16.2,Spell,6,Ghost,1.0366,2091
16.2,Spell,7,Heal,-1.4682,113
16.2,Spell,12,Teleport,0.0551,85917
16.2,Spell,14,Ignite,-3.4897,2289
16.2,Spell,21,Barrier,0.4726,5612
16.2,Starter,1027,Sapphire Crystal,2.5345,317
16.2,Starter,1054,Doran's Shield,-9.4796,104
16.2,Starter,1055,Doran's Blade,-0.9898,148
16.2,Starter,1056,Doran's Ring,0.2582,81145
16.2,Starter,1082,Dark Seal,-8.9358,153
16.2,Starter,3070,Tear of the Goddess,-1.2513,15458
16.2,Boots,3009,Boots of Swiftness,0.896,2196
16.2,Boots,3020,Sorcerer's Shoes,0.0214,62354
16.2,Boots,3047,Plated Steelcaps,2.224,3072
16.2,Boots,3111,Mercury's Treads,1.7819,8637
16.2,Boots,3158,Ionian Boots of Lucidity,0.9465,17786
16.2,1st Item,2065,Shurelya's Battlesong,-2.112,311
16.2,1st Item,2503,Blackfire Torch,0.4159,197
16.2,1st Item,2504,Kaenic Rookern,3.5074,152
16.2,1st Item,2522,Actualizer,-2.5671,155
16.2,1st Item,3003,Archangel's Staff,0.1804,6899
16.2,1st Item,3089,Rabadon's Deathcap,-0.9595,141
16.2,1st Item,3118,Malignance,3.0003,183
16.2,1st Item,3119,Winter's Approach,4.8553,248
16.2,1st Item,3152,Hextech Rocketbelt,4.7273,1963
16.2,1st Item,3157,Zhonya's Hourglass,-0.8741,298
16.2,1st Item,4646,Stormsurge,0.1812,285
16.2,1st Item,6655,Luden's Echo,-0.9498,29367
16.2,1st Item,6657,Rod of Ages,0.2832,54411
16.2,2nd Item,2065,Shurelya's Battlesong,-0.565,265
16.2,2nd Item,2504,Kaenic Rookern,-0.2578,151
16.2,2nd Item,2522,Actualizer,-4.1093,550
16.2,2nd Item,3003,Archangel's Staff,0.9496,42379
16.2,2nd Item,3041,Mejai's Soulstealer,-2.6095,196
16.2,2nd Item,3089,Rabadon's Deathcap,-0.4246,13454
16.2,2nd Item,3102,Banshee's Veil,0.7532,861
16.2,2nd Item,3119,Winter's Approach,2.5368,253
16.2,2nd Item,3135,Void Staff,-2.6229,748
16.2,2nd Item,3137,Cryptbloom,0.6934,3842
16.2,2nd Item,3152,Hextech Rocketbelt,-3.074,471
16.2,2nd Item,3157,Zhonya's Hourglass,-1.097,3144
16.2,2nd Item,4628,Horizon Focus,-2.962,122
16.2,2nd Item,4629,Cosmic Drive,0.812,496
16.2,2nd Item,4645,Shadowflame,-2.1659,6088
16.2,2nd Item,4646,Stormsurge,-0.4492,9401
16.2,2nd Item,6655,Luden's Echo,-2.5216,3528
16.2,2nd Item,6657,Rod of Ages,-1.185,2024
16.2,3rd Item,2504,Kaenic Rookern,3.5797,225
16.2,3rd Item,2522,Actualizer,0.9037,995
16.2,3rd Item,3003,Archangel's Staff,0.6156,2171
16.2,3rd Item,3041,Mejai's Soulstealer,-0.279,499
16.2,3rd Item,3089,Rabadon's Deathcap,0.4851,37326
16.2,3rd Item,3102,Banshee's Veil,-0.5938,1722
16.2,3rd Item,3110,Frozen Heart,0.4374,175
16.2,3rd Item,3119,Winter's Approach,3.5548,151
16.2,3rd Item,3135,Void Staff,-0.5135,3487
16.2,3rd Item,3137,Cryptbloom,1.6825,3731
16.2,3rd Item,3152,Hextech Rocketbelt,0.8211,121
16.2,3rd Item,3157,Zhonya's Hourglass,-1.4976,7048
16.2,3rd Item,3165,Morellonomicon,-1.8117,182
16.2,3rd Item,3742,Dead Man's Plate,-0.1169,245
16.2,3rd Item,4629,Cosmic Drive,0.6571,262
16.2,3rd Item,4645,Shadowflame,-1.8424,5396
16.2,3rd Item,4646,Stormsurge,-1.4333,1534
16.2,3rd Item,6655,Luden's Echo,-0.1549,1635
16.2,3rd Item,6657,Rod of Ages,-1.7829,196
16.2,4th+ Item,2065,Shurelya's Battlesong,-2.2326,107
16.2,4th+ Item,2504,Kaenic Rookern,-0.9123,363
16.2,4th+ Item,2522,Actualizer,0.8892,705
16.2,4th+ Item,3003,Archangel's Staff,-0.9455,602
16.2,4th+ Item,3041,Mejai's Soulstealer,1.3554,747
16.2,4th+ Item,3089,Rabadon's Deathcap,0.0933,7005
16.2,4th+ Item,3102,Banshee's Veil,0.5842,4227
16.2,4th+ Item,3110,Frozen Heart,-2.7808,207
16.2,4th+ Item,3119,Winter's Approach,5.4959,164
16.2,4th+ Item,3135,Void Staff,0.1038,7156
16.2,4th+ Item,3137,Cryptbloom,1.9522,3493
16.2,4th+ Item,3143,Randuin's Omen,0.0561,341
16.2,4th+ Item,3152,Hextech Rocketbelt,-0.0085,126
16.2,4th+ Item,3157,Zhonya's Hourglass,-0.4793,10414
16.2,4th+ Item,3165,Morellonomicon,1.5167,403
16.2,4th+ Item,3742,Dead Man's Plate,0.529,601
16.2,4th+ Item,4401,Force of Nature,-0.9499,240
16.2,4th+ Item,4629,Cosmic Drive,-0.0599,310
16.2,4th+ Item,4645,Shadowflame,-1.0919,5250
16.2,4th+ Item,4646,Stormsurge,2.2227,902
16.2,4th+ Item,6655,Luden's Echo,-2.6855,572
16.2,4th+ Item,6657,Rod of Ages,-6.8156,171
16.2,4th+ Item,6665,"Jak'Sho, The Protean",-0.4924,297
16.2,4th+ Item,8020,Abyssal Mask,-0.9378,146
16.2,All Items,2065,Shurelya's Battlesong,-1.8369,770
16.2,All Items,2503,Blackfire Torch,0.4421,328
16.2,All Items,2504,Kaenic Rookern,1.0977,895
16.2,All Items,2522,Actualizer,-0.4629,2418
16.2,All Items,3003,Archangel's Staff,0.8123,52053
16.2,All Items,3041,Mejai's Soulstealer,0.4416,1471
16.2,All Items,3089,Rabadon's Deathcap,0.2223,57947
16.2,All Items,3102,Banshee's Veil,0.3653,6905
16.2,All Items,3110,Frozen Heart,-0.1654,493
16.2,All Items,3116,Rylai's Crystal Scepter,-2.3979,135
16.2,All Items,3118,Malignance,1.6688,372
16.2,All Items,3119,Winter's Approach,4.0245,816
16.2,All Items,3135,Void Staff,-0.2407,11449
16.2,All Items,3137,Cryptbloom,1.4509,11115
16.2,All Items,3143,Randuin's Omen,-0.6812,479
16.2,All Items,3152,Hextech Rocketbelt,2.9546,2684
16.2,All Items,3157,Zhonya's Hourglass,-0.9166,20957
16.2,All Items,3165,Morellonomicon,0.538,664
16.2,All Items,3742,Dead Man's Plate,0.2299,946
16.2,All Items,4401,Force of Nature,-0.4026,406
16.2,All Items,4628,Horizon Focus,-1.4555,230
16.2,All Items,4629,Cosmic Drive,0.3455,1129
16.2,All Items,4645,Shadowflame,-1.7247,16824
16.2,All Items,4646,Stormsurge,-0.3575,12140
16.2,All Items,6653,Liandry's Torment,-4.7548,229
16.2,All Items,6655,Luden's Echo,-1.1008,35110
16.2,All Items,6657,Rod of Ages,0.2017,56806
16.2,All Items,6665,"Jak'Sho, The Protean",-2.3665,419
16.2,All Items,8020,Abyssal Mask,0.1884,387
16.3,Keystone,8369,First Strike,0.6308,53749
16.3,Keystone,8230,Stormraider's Surge,-2.681,380
16.3,Keystone,8214,Summon Aery,2.5995,12216
16.3,Keystone,8360,Unsealed Spellbook,3.9568,3752
16.3,Keystone,8437,Grasp of the Undying,-1.2128,147
16.3,Keystone,8229,Arcane Comet,-2.2405,28913
16.3,Keystone,8128,Dark Harvest,0.0101,1485
16.3,Keystone,8112,Electrocute,-1.3726,9130
16.3,Spell,1,Cleanse,1.8621,216
16.3,Spell,3,Exhaust,1.5274,1989
16.3,Spell,4,Flash,0.0002,110023
16.3,Spell,6,Ghost,1.8712,2214
16.3,Spell,7,Heal,1.2693,163
16.3,Spell,12,Teleport,-0.1383,95498
16.3,Spell,14,Ignite,-0.8189,3317
16.3,Spell,21,Barrier,1.2077,6720
16.3,Starter,1027,Sapphire Crystal,-5.5727,244
16.3,Starter,1054,Doran's Shield,-2.788,162
16.3,Starter,1055,Doran's Blade,-0.6997,158
16.3,Starter,1056,Doran's Ring,0.191,90995
16.3,Starter,1082,Dark Seal,0.649,198
16.3,Starter,3070,Tear of the Goddess,-0.9175,17699
16.3,Boots,3009,Boots of Swiftness,1.9439,2656
16.3,Boots,3020,Sorcerer's Shoes,0.0369,67509
16.3,Boots,3047,Plated Steelcaps,1.5495,3667
16.3,Boots,3111,Mercury's Treads,0.2082,10088
16.3,Boots,3158,Ionian Boots of Lucidity,1.3557,21026
16.3,1st Item,2065,Shurelya's Battlesong,0.3125,190
16.3,1st Item,2503,Blackfire Torch,1.1383,197
16.3,1st Item,2504,Kaenic Rookern,1.6794,224
16.3,1st Item,2522,Actualizer,-2.8407,178
16.3,1st Item,3003,Archangel's Staff,-0.0523,9779
16.3,1st Item,3089,Rabadon's Deathcap,2.6754,155
16.3,1st Item,3118,Malignance,2.1753,207
16.3,1st Item,3119,Winter's Approach,3.6703,293
16.3,1st Item,3152,Hextech Rocketbelt,4.3027,1856
16.3,1st Item,3157,Zhonya's Hourglass,-3.4174,348
16.3,1st Item,4646,Stormsurge,1.8392,222
16.3,1st Item,6655,Luden's Echo,-0.9037,30906
16.3,1st Item,6657,Rod of Ages,0.3492,60974
16.3,1st Item,8020,Abyssal Mask,-2.6188,118
16.3,2nd Item,2065,Shurelya's Battlesong,6.2059,385
16.3,2nd Item,2504,Kaenic Rookern,-1.0292,229
16.3,2nd Item,2522,Actualizer,-0.7354,870
16.3,2nd Item,3003,Archangel's Staff,1.1133,45690
16.3,2nd Item,3041,Mejai's Soulstealer,-5.1005,223
16.3,2nd Item,3089,Rabadon's Deathcap,-1.0728,14305
16.3,2nd Item,3102,Banshee's Veil,-0.1509,979
16.3,2nd Item,3110,Frozen Heart,6.1049,108
16.3,2nd Item,3118,Malignance,2.6271,117
16.3,2nd Item,3119,Winter's Approach,-0.0379,514
16.3,2nd Item,3135,Void Staff,3.0641,904
16.3,2nd Item,3137,Cryptbloom,0.7687,4717
16.3,2nd Item,3152,Hextech Rocketbelt,3.8069,485
16.3,2nd Item,3157,Zhonya's Hourglass,-2.5283,3768
16.3,2nd Item,4628,Horizon Focus,3.5435,101
16.3,2nd Item,4629,Cosmic Drive,1.8417,469
16.3,2nd Item,4645,Shadowflame,-1.247,5958
16.3,2nd Item,4646,Stormsurge,-1.3064,11279
16.3,2nd Item,6655,Luden's Echo,-1.6005,4579
16.3,2nd Item,6657,Rod of Ages,-2.0113,2810
16.3,3rd Item,2065,Shurelya's Battlesong,1.8742,106
16.3,3rd Item,2504,Kaenic Rookern,0.6625,239
16.3,3rd Item,2522,Actualizer,-0.2972,1654
16.3,3rd Item,3003,Archangel's Staff,-0.0434,2398
16.3,3rd Item,3041,Mejai's Soulstealer,1.3133,547
16.3,3rd Item,3089,Rabadon's Deathcap,0.4025,39137
16.3,3rd Item,3102,Banshee's Veil,0.7527,1909
16.3,3rd Item,3110,Frozen Heart,-0.6528,238
16.3,3rd Item,3119,Winter's Approach,-3.3667,173
16.3,3rd Item,3135,Void Staff,0.1025,3644
16.3,3rd Item,3137,Cryptbloom,1.8757,3961
16.3,3rd Item,3143,Randuin's Omen,1.295,146
16.3,3rd Item,3152,Hextech Rocketbelt,4.3529,135
16.3,3rd Item,3157,Zhonya's Hourglass,-1.1836,8226
16.3,3rd Item,3165,Morellonomicon,-3.9785,265
16.3,3rd Item,3742,Dead Man's Plate,-1.0092,305
16.3,3rd Item,4401,Force of Nature,-0.7418,103
16.3,3rd Item,4629,Cosmic Drive,-1.9189,271
16.3,3rd Item,4645,Shadowflame,-0.991,8163
16.3,3rd Item,4646,Stormsurge,-0.106,1931
16.3,3rd Item,6655,Luden's Echo,-2.6674,1219
16.3,3rd Item,6657,Rod of Ages,-1.4819,285
16.3,3rd Item,8020,Abyssal Mask,-0.0506,118
16.3,4th+ Item,2065,Shurelya's Battlesong,1.4273,108
16.3,4th+ Item,2504,Kaenic Rookern,1.775,404
16.3,4th+ Item,2522,Actualizer,-0.3874,652
16.3,4th+ Item,3003,Archangel's Staff,1.6944,555
16.3,4th+ Item,3041,Mejai's Soulstealer,1.7786,884
16.3,4th+ Item,3089,Rabadon's Deathcap,0.2082,8550
16.3,4th+ Item,3102,Banshee's Veil,-0.5044,4020
16.3,4th+ Item,3110,Frozen Heart,5.2734,236
16.3,4th+ Item,3119,Winter's Approach,4.9796,102
16.3,4th+ Item,3135,Void Staff,0.1943,7505
16.3,4th+ Item,3137,Cryptbloom,0.8491,3429
16.3,4th+ Item,3143,Randuin's Omen,2.6798,440
16.3,4th+ Item,3152,Hextech Rocketbelt,-1.5327,144
16.3,4th+ Item,3157,Zhonya's Hourglass,-0.2992,12583
16.3,4th+ Item,3165,Morellonomicon,-0.8009,654
16.3,4th+ Item,3742,Dead Man's Plate,-0.4332,678
16.3,4th+ Item,4401,Force of Nature,2.439,218
16.3,4th+ Item,4628,Horizon Focus,-3.4352,106
16.3,4th+ Item,4629,Cosmic Drive,-0.2307,230
16.3,4th+ Item,4645,Shadowflame,-1.3672,6333
16.3,4th+ Item,4646,Stormsurge,1.6732,1078
16.3,4th+ Item,6655,Luden's Echo,1.9667,541
16.3,4th+ Item,6657,Rod of Ages,-5.5078,118
16.3,4th+ Item,6665,"Jak'Sho, The Protean",2.546,278
16.3,4th+ Item,8020,Abyssal Mask,-0.866,134
16.3,All Items,2065,Shurelya's Battlesong,3.5507,792
16.3,All Items,2503,Blackfire Torch,-0.6146,329
16.3,All Items,2504,Kaenic Rookern,0.9637,1110
16.3,All Items,2522,Actualizer,-0.5605,3369
16.3,All Items,3003,Archangel's Staff,0.8762,58424
16.3,All Items,3041,Mejai's Soulstealer,0.5846,1671
16.3,All Items,3083,Warmog's Armor,5.2932,105
16.3,All Items,3089,Rabadon's Deathcap,0.0408,62164
16.3,All Items,3102,Banshee's Veil,-0.1501,7016
16.3,All Items,3110,Frozen Heart,2.9685,659
16.3,All Items,3116,Rylai's Crystal Scepter,-4.2345,112
16.3,All Items,3118,Malignance,1.0037,404
16.3,All Items,3119,Winter's Approach,0.9062,1083
16.3,All Items,3135,Void Staff,0.3977,12124
16.3,All Items,3137,Cryptbloom,1.1397,12179
16.3,All Items,3143,Randuin's Omen,1.4424,648
16.3,All Items,3152,Hextech Rocketbelt,3.9119,2626
16.3,All Items,3157,Zhonya's Hourglass,-0.9711,25014
16.3,All Items,3165,Morellonomicon,-1.7666,1028
16.3,All Items,3742,Dead Man's Plate,-0.7958,1088
16.3,All Items,4401,Force of Nature,-0.2214,383
16.3,All Items,4628,Horizon Focus,1.085,303
16.3,All Items,4629,Cosmic Drive,0.6482,1063
16.3,All Items,4645,Shadowflame,-1.2086,20554
16.3,All Items,4646,Stormsurge,-0.8765,14526
16.3,All Items,6653,Liandry's Torment,-1.801,226
16.3,All Items,6655,Luden's Echo,-1.0036,37255
16.3,All Items,6657,Rod of Ages,0.2256,64190
16.3,All Items,6665,"Jak'Sho, The Protean",1.2633,403
16.3,All Items,8020,Abyssal Mask,-0.3837,445
16.4,Keystone,8369,First Strike,0.74,51841
16.4,Keystone,8230,Stormraider's Surge,-1.5809,374
16.4,Keystone,8214,Summon Aery,2.3068,12435
16.4,Keystone,8360,Unsealed Spellbook,5.785,3113
16.4,Keystone,8437,Grasp of the Undying,0.1387,127
16.4,Keystone,8229,Arcane Comet,-2.0207,35173
16.4,Keystone,8128,Dark Harvest,-2.4894,1531
16.4,Keystone,8112,Electrocute,-0.8216,9706
16.4,Spell,1,Cleanse,0.4805,262
16.4,Spell,3,Exhaust,1.4977,2505
16.4,Spell,4,Flash,-0.0025,114554
16.4,Spell,6,Ghost,2.8684,2125
16.4,Spell,7,Heal,-4.1007,164
16.4,Spell,12,Teleport,-0.1661,99163
16.4,Spell,14,Ignite,-0.0577,3578
16.4,Spell,21,Barrier,1.1181,6853
16.4,Starter,1027,Sapphire Crystal,2.8607,336
16.4,Starter,1054,Doran's Shield,4.097,228
16.4,Starter,1055,Doran's Blade,9.5327,135
16.4,Starter,1056,Doran's Ring,0.1824,94617
16.4,Starter,1082,Dark Seal,3.1381,233
16.4,Starter,3070,Tear of the Goddess,-1.1772,18466
16.4,Boots,3009,Boots of Swiftness,0.8121,2910
16.4,Boots,3020,Sorcerer's Shoes,0.0972,70057
16.4,Boots,3047,Plated Steelcaps,1.5173,3536
16.4,Boots,3111,Mercury's Treads,0.8989,10393
16.4,Boots,3158,Ionian Boots of Lucidity,1.4951,22244
16.4,1st Item,2065,Shurelya's Battlesong,0.8075,308
16.4,1st Item,2503,Blackfire Torch,2.0264,249
16.4,1st Item,2504,Kaenic Rookern,1.4518,334
16.4,1st Item,2522,Actualizer,-6.5821,118
16.4,1st Item,3003,Archangel's Staff,0.7923,11014
16.4,1st Item,3089,Rabadon's Deathcap,2.4483,207
16.4,1st Item,3118,Malignance,-1.2433,228
16.4,1st Item,3119,Winter's Approach,3.3567,210
16.4,1st Item,3152,Hextech Rocketbelt,3.9186,2014
16.4,1st Item,3157,Zhonya's Hourglass,-5.3217,409
16.4,1st Item,4646,Stormsurge,-1.6468,261
16.4,1st Item,6655,Luden's Echo,-1.3469,35176
16.4,1st Item,6657,Rod of Ages,0.5259,59485
16.4,1st Item,8020,Abyssal Mask,6.3624,101
16.4,2nd Item,2065,Shurelya's Battlesong,-0.1572,443
16.4,2nd Item,2504,Kaenic Rookern,-0.416,236
16.4,2nd Item,2522,Actualizer,-1.0538,977
16.4,2nd Item,3003,Archangel's Staff,1.1664,43618
16.4,2nd Item,3041,Mejai's Soulstealer,2.0699,276
16.4,2nd Item,3089,Rabadon's Deathcap,-0.2593,15082
16.4,2nd Item,3102,Banshee's Veil,-0.7765,1028
16.4,2nd Item,3110,Frozen Heart,-0.6666,124
16.4,2nd Item,3118,Malignance,0.9815,141
16.4,2nd Item,3119,Winter's Approach,3.4548,420
16.4,2nd Item,3135,Void Staff,-1.4297,1059
16.4,2nd Item,3137,Cryptbloom,1.6095,4724
16.4,2nd Item,3152,Hextech Rocketbelt,2.4293,631
16.4,2nd Item,3157,Zhonya's Hourglass,-2.6754,4000
16.4,2nd Item,3165,Morellonomicon,-1.1617,111
16.4,2nd Item,4629,Cosmic Drive,1.5476,528
16.4,2nd Item,4645,Shadowflame,-2.2666,7907
16.4,2nd Item,4646,Stormsurge,-0.9848,13196
16.4,2nd Item,6655,Luden's Echo,-1.6984,4903
16.4,2nd Item,6657,Rod of Ages,-1.4642,2976
16.4,3rd Item,2504,Kaenic Rookern,2.1905,236
16.4,3rd Item,2522,Actualizer,-0.3344,944
16.4,3rd Item,3003,Archangel's Staff,0.4391,2740
16.4,3rd Item,3041,Mejai's Soulstealer,2.7872,592
16.4,3rd Item,3089,Rabadon's Deathcap,0.1887,40889
16.4,3rd Item,3102,Banshee's Veil,0.641,1907
16.4,3rd Item,3110,Frozen Heart,2.7429,230
16.4,3rd Item,3119,Winter's Approach,2.0149,197
16.4,3rd Item,3135,Void Staff,0.8319,3593
16.4,3rd Item,3137,Cryptbloom,1.7826,4241
16.4,3rd Item,3143,Randuin's Omen,0.74,126
16.4,3rd Item,3152,Hextech Rocketbelt,0.6279,153
16.4,3rd Item,3157,Zhonya's Hourglass,-0.8933,8379
16.4,3rd Item,3165,Morellonomicon,-6.2034,236
16.4,3rd Item,3742,Dead Man's Plate,3.8137,325
16.4,3rd Item,4629,Cosmic Drive,-0.3072,264
16.4,3rd Item,4645,Shadowflame,-1.7098,9313
16.4,3rd Item,4646,Stormsurge,-0.4449,2054
16.4,3rd Item,6655,Luden's Echo,0.5859,958
16.4,3rd Item,6657,Rod of Ages,-0.8649,364
16.4,4th+ Item,2065,Shurelya's Battlesong,0.5747,109
16.4,4th+ Item,2504,Kaenic Rookern,4.3556,421
16.4,4th+ Item,2522,Actualizer,-1.2533,580
16.4,4th+ Item,3003,Archangel's Staff,1.2536,732
16.4,4th+ Item,3041,Mejai's Soulstealer,1.0253,895
16.4,4th+ Item,3089,Rabadon's Deathcap,0.2092,8715
16.4,4th+ Item,3102,Banshee's Veil,0.2431,4352
16.4,4th+ Item,3110,Frozen Heart,1.9836,263
16.4,4th+ Item,3119,Winter's Approach,4.7295,112
16.4,4th+ Item,3135,Void Staff,-0.006,8075
16.4,4th+ Item,3137,Cryptbloom,0.9377,3619
16.4,4th+ Item,3143,Randuin's Omen,3.5773,488
16.4,4th+ Item,3152,Hextech Rocketbelt,2.23,160
16.4,4th+ Item,3157,Zhonya's Hourglass,-0.6714,11819
16.4,4th+ Item,3165,Morellonomicon,-2.1102,690
16.4,4th+ Item,3742,Dead Man's Plate,-0.5773,695
16.4,4th+ Item,4401,Force of Nature,2.6432,266
16.4,4th+ Item,4629,Cosmic Drive,-0.0385,302
16.4,4th+ Item,4645,Shadowflame,-0.4973,7123
16.4,4th+ Item,4646,Stormsurge,0.3952,2012
16.4,4th+ Item,6655,Luden's Echo,1.7332,567
16.4,4th+ Item,6657,Rod of Ages,-4.6824,169
16.4,4th+ Item,6665,"Jak'Sho, The Protean",2.0507,321
16.4,4th+ Item,8020,Abyssal Mask,-0.904,150
16.4,All Items,2065,Shurelya's Battlesong,0.212,957
16.4,All Items,2503,Blackfire Torch,0.1909,348
16.4,All Items,2504,Kaenic Rookern,2.2617,1236
16.4,All Items,2522,Actualizer,-1.0906,2625
16.4,All Items,3003,Archangel's Staff,1.0622,58106
16.4,All Items,3041,Mejai's Soulstealer,1.7497,1781
16.4,All Items,3075,Thornmail,2.0105,104
16.4,All Items,3083,Warmog's Armor,1.9934,105
16.4,All Items,3089,Rabadon's Deathcap,0.0936,64927
16.4,All Items,3102,Banshee's Veil,0.1822,7375
16.4,All Items,3110,Frozen Heart,1.9108,678
16.4,All Items,3116,Rylai's Crystal Scepter,-5.9232,124
16.4,All Items,3118,Malignance,0.9205,461
16.4,All Items,3119,Winter's Approach,3.2828,939
16.4,All Items,3135,Void Staff,0.1204,12802
16.4,All Items,3137,Cryptbloom,1.4541,12657
16.4,All Items,3143,Randuin's Omen,3.1085,681
16.4,All Items,3152,Hextech Rocketbelt,3.3588,2964
16.4,All Items,3157,Zhonya's Hourglass,-1.1494,24688
16.4,All Items,3165,Morellonomicon,-3.076,1051
16.4,All Items,3742,Dead Man's Plate,0.6277,1110
16.4,All Items,4401,Force of Nature,0.5947,426
16.4,All Items,4628,Horizon Focus,-0.722,225
16.4,All Items,4629,Cosmic Drive,0.4846,1178
16.4,All Items,4645,Shadowflame,-1.5176,24469
16.4,All Items,4646,Stormsurge,-0.7777,17549
16.4,All Items,6653,Liandry's Torment,-3.7396,218
16.4,All Items,6655,Luden's Echo,-1.3027,41614
16.4,All Items,6657,Rod of Ages,0.4099,62996
16.4,All Items,6665,"Jak'Sho, The Protean",3.0978,439
16.4,All Items,8020,Abyssal Mask,2.9908,399
16.5,Keystone,8369,First Strike,0.7356,64469
16.5,Keystone,8230,Stormraider's Surge,3.9029,410
16.5,Keystone,8214,Summon Aery,2.1977,12586
16.5,Keystone,8360,Unsealed Spellbook,3.0795,3097
16.5,Keystone,8437,Grasp of the Undying,-5.2431,174
16.5,Keystone,8229,Arcane Comet,-2.1597,35765
16.5,Keystone,8128,Dark Harvest,-2.1628,1731
16.5,Keystone,8112,Electrocute,-0.1714,11115
16.5,Keystone,8351,Glacial Augment,-0.0754,175
16.5,Spell,1,Cleanse,3.6185,307
16.5,Spell,3,Exhaust,1.205,2296
16.5,Spell,4,Flash,0.0026,129753
16.5,Spell,6,Ghost,5.003,2169
16.5,Spell,7,Heal,0.9069,169
16.5,Spell,12,Teleport,-0.1511,112781
16.5,Spell,14,Ignite,-1.7511,3856
16.5,Spell,21,Barrier,1.038,8265
16.5,Starter,1027,Sapphire Crystal,3.5215,292
16.5,Starter,1054,Doran's Shield,5.3548,194
16.5,Starter,1055,Doran's Blade,2.4022,143
16.5,Starter,1056,Doran's Ring,0.0873,106653
16.5,Starter,1082,Dark Seal,0.4073,187
16.5,Starter,3070,Tear of the Goddess,-0.5009,21700
16.5,Boots,3009,Boots of Swiftness,0.3013,3150
16.5,Boots,3020,Sorcerer's Shoes,0.4447,82745
16.5,Boots,3047,Plated Steelcaps,2.887,3853
16.5,Boots,3111,Mercury's Treads,-0.166,10065
16.5,Boots,3158,Ionian Boots of Lucidity,1.0613,23464
16.5,1st Item,2065,Shurelya's Battlesong,0.6547,279
16.5,1st Item,2503,Blackfire Torch,-2.5949,243
16.5,1st Item,2504,Kaenic Rookern,7.6387,217
16.5,1st Item,3003,Archangel's Staff,0.0412,7381
16.5,1st Item,3089,Rabadon's Deathcap,0.0107,258
16.5,1st Item,3118,Malignance,-2.1129,267
16.5,1st Item,3119,Winter's Approach,-4.448,219
16.5,1st Item,3152,Hextech Rocketbelt,2.666,2200
16.5,1st Item,3157,Zhonya's Hourglass,-1.2823,394
16.5,1st Item,4646,Stormsurge,-1.1153,322
16.5,1st Item,6655,Luden's Echo,-0.7054,40430
16.5,1st Item,6657,Rod of Ages,0.3423,72008
16.5,2nd Item,2065,Shurelya's Battlesong,-0.9641,420
16.5,2nd Item,2504,Kaenic Rookern,1.2522,236
16.5,2nd Item,2522,Actualizer,-2.0599,746
16.5,2nd Item,3003,Archangel's Staff,0.9609,56321
16.5,2nd Item,3041,Mejai's Soulstealer,-1.8629,264
16.5,2nd Item,3089,Rabadon's Deathcap,-0.5724,17893
16.5,2nd Item,3102,Banshee's Veil,-0.5696,1093
16.5,2nd Item,3110,Frozen Heart,3.3838,119
16.5,2nd Item,3118,Malignance,-1.7922,180
16.5,2nd Item,3119,Winter's Approach,1.5983,363
16.5,2nd Item,3135,Void Staff,-0.2924,1061
16.5,2nd Item,3137,Cryptbloom,1.0478,4312
16.5,2nd Item,3152,Hextech Rocketbelt,-1.7018,612
16.5,2nd Item,3157,Zhonya's Hourglass,-2.1709,4570
16.5,2nd Item,3165,Morellonomicon,-2.152,101
16.5,2nd Item,4628,Horizon Focus,0.5991,111
16.5,2nd Item,4629,Cosmic Drive,-0.8967,631
16.5,2nd Item,4645,Shadowflame,-2.1922,7624
16.5,2nd Item,4646,Stormsurge,-0.4234,12497
16.5,2nd Item,6655,Luden's Echo,-1.7821,4050
16.5,2nd Item,6657,Rod of Ages,-2.0692,2712
16.5,3rd Item,2065,Shurelya's Battlesong,-1.9199,136
16.5,3rd Item,2504,Kaenic Rookern,5.0813,233
16.5,3rd Item,2522,Actualizer,1.3608,630
16.5,3rd Item,3003,Archangel's Staff,0.7301,3971
16.5,3rd Item,3041,Mejai's Soulstealer,0.4325,633
16.5,3rd Item,3089,Rabadon's Deathcap,0.1674,48731
16.5,3rd Item,3102,Banshee's Veil,-0.1631,2266
16.5,3rd Item,3110,Frozen Heart,3.1772,200
16.5,3rd Item,3119,Winter's Approach,-4.8332,211
16.5,3rd Item,3135,Void Staff,0.096,4586
16.5,3rd Item,3137,Cryptbloom,0.5248,4481
16.5,3rd Item,3143,Randuin's Omen,2.6798,131
16.5,3rd Item,3152,Hextech Rocketbelt,2.886,189
16.5,3rd Item,3157,Zhonya's Hourglass,-0.7783,9634
16.5,3rd Item,3165,Morellonomicon,0.3522,271
16.5,3rd Item,3742,Dead Man's Plate,0.2153,294
16.5,3rd Item,4629,Cosmic Drive,0.9343,297
16.5,3rd Item,4645,Shadowflame,-0.6369,7237
16.5,3rd Item,4646,Stormsurge,0.4951,2172
16.5,3rd Item,6655,Luden's Echo,-2.2406,1760
16.5,3rd Item,6657,Rod of Ages,-2.2464,641
16.5,4th+ Item,2065,Shurelya's Battlesong,0.5588,143
16.5,4th+ Item,2504,Kaenic Rookern,2.642,453
16.5,4th+ Item,2522,Actualizer,-0.8987,287
16.5,4th+ Item,3003,Archangel's Staff,-0.4298,895
16.5,4th+ Item,3041,Mejai's Soulstealer,1.7354,1038
16.5,4th+ Item,3089,Rabadon's Deathcap,0.9803,9147
16.5,4th+ Item,3102,Banshee's Veil,-0.0658,5444
16.5,4th+ Item,3110,Frozen Heart,2.6595,300
16.5,4th+ Item,3119,Winter's Approach,1.6881,136
16.5,4th+ Item,3135,Void Staff,0.1924,9217
16.5,4th+ Item,3137,Cryptbloom,2.2061,4387
16.5,4th+ Item,3143,Randuin's Omen,1.4093,513
16.5,4th+ Item,3152,Hextech Rocketbelt,-4.1935,167
16.5,4th+ Item,3157,Zhonya's Hourglass,-0.9705,14454
16.5,4th+ Item,3165,Morellonomicon,-0.5755,516
16.5,4th+ Item,3742,Dead Man's Plate,1.8053,723
16.5,4th+ Item,4401,Force of Nature,-1.3554,236
16.5,4th+ Item,4629,Cosmic Drive,0.4634,382
16.5,4th+ Item,4645,Shadowflame,-0.8081,8928
16.5,4th+ Item,4646,Stormsurge,0.5114,1675
16.5,4th+ Item,6655,Luden's Echo,-2.7099,725
16.5,4th+ Item,6657,Rod of Ages,-1.6508,220
16.5,4th+ Item,6665,"Jak'Sho, The Protean",-4.1305,338
16.5,4th+ Item,8020,Abyssal Mask,2.5142,142
16.5,All Items,2065,Shurelya's Battlesong,-0.4032,982
16.5,All Items,2503,Blackfire Torch,-1.1083,389
16.5,All Items,2504,Kaenic Rookern,3.8075,1145
16.5,All Items,2522,Actualizer,-0.6557,1753
16.5,All Items,3003,Archangel's Staff,0.8304,68571
16.5,All Items,3041,Mejai's Soulstealer,0.7077,1952
16.5,All Items,3083,Warmog's Armor,3.7615,139
16.5,All Items,3089,Rabadon's Deathcap,0.0914,76060
16.5,All Items,3102,Banshee's Veil,-0.1438,8926
16.5,All Items,3110,Frozen Heart,3.2312,684
16.5,All Items,3116,Rylai's Crystal Scepter,1.6234,134
16.5,All Items,3118,Malignance,-1.4432,551
16.5,All Items,3119,Winter's Approach,-1.3261,931
16.5,All Items,3135,Void Staff,0.1293,14932
16.5,All Items,3137,Cryptbloom,1.2583,13218
16.5,All Items,3143,Randuin's Omen,1.6886,699
16.5,All Items,3152,Hextech Rocketbelt,1.4707,3175
16.5,All Items,3157,Zhonya's Hourglass,-1.1057,29169
16.5,All Items,3165,Morellonomicon,-0.6561,895
16.5,All Items,3742,Dead Man's Plate,2.0187,1127
16.5,All Items,4401,Force of Nature,-1.8585,389
16.5,All Items,4628,Horizon Focus,1.9602,263
16.5,All Items,4629,Cosmic Drive,0.1466,1412
16.5,All Items,4645,Shadowflame,-1.2071,23917
16.5,All Items,4646,Stormsurge,-0.2191,16701
16.5,All Items,6653,Liandry's Torment,-4.6136,287
16.5,All Items,6655,Luden's Echo,-0.885,46982
16.5,All Items,6657,Rod of Ages,0.228,75583
16.5,All Items,6665,"Jak'Sho, The Protean",-2.9027,449
16.5,All Items,8020,Abyssal Mask,1.9764,368
16.6,Keystone,8369,First Strike,0.8286,64347
16.6,Keystone,8230,Stormraider's Surge,-1.6028,536
16.6,Keystone,8214,Summon Aery,2.0385,11073
16.6,Keystone,8360,Unsealed Spellbook,5.4002,2589
16.6,Keystone,8437,Grasp of the Undying,-7.3688,160
16.6,Keystone,8229,Arcane Comet,-2.0633,38099
16.6,Keystone,8128,Dark Harvest,-1.1971,1864
16.6,Keystone,8112,Electrocute,-0.5627,10695
16.6,Keystone,8351,Glacial Augment,6.4095,215
16.6,Spell,1,Cleanse,3.9516,293
16.6,Spell,3,Exhaust,0.7522,2016
16.6,Spell,4,Flash,-0.0008,129830
16.6,Spell,6,Ghost,1.7224,2118
16.6,Spell,7,Heal,-1.1323,171
16.6,Spell,12,Teleport,-0.1068,113369
16.6,Spell,14,Ignite,-1.358,4028
16.6,Spell,21,Barrier,1.4576,7927
16.6,Starter,1027,Sapphire Crystal,-0.1795,412
16.6,Starter,1052,Amplifying Tome,-4.3218,131
16.6,Starter,1054,Doran's Shield,-5.8401,188
16.6,Starter,1055,Doran's Blade,-1.8895,111
16.6,Starter,1056,Doran's Ring,0.1931,106166
16.6,Starter,1082,Dark Seal,-1.3326,245
16.6,Starter,3070,Tear of the Goddess,-0.8322,22039
16.6,Boots,3009,Boots of Swiftness,0.7509,3211
16.6,Boots,3020,Sorcerer's Shoes,0.4726,83553
16.6,Boots,3047,Plated Steelcaps,1.7805,3882
16.6,Boots,3111,Mercury's Treads,0.2615,10212
16.6,Boots,3158,Ionian Boots of Lucidity,0.6686,22234
16.6,1st Item,2065,Shurelya's Battlesong,0.3517,188
16.6,1st Item,2503,Blackfire Torch,1.8153,263
16.6,1st Item,2504,Kaenic Rookern,0.4242,170
16.6,1st Item,3003,Archangel's Staff,0.1102,11921
16.6,1st Item,3089,Rabadon's Deathcap,-1.5561,255
16.6,1st Item,3118,Malignance,0.3467,341
16.6,1st Item,3119,Winter's Approach,0.4756,189
16.6,1st Item,3152,Hextech Rocketbelt,2.7985,2528
16.6,1st Item,3157,Zhonya's Hourglass,0.7112,459
16.6,1st Item,4646,Stormsurge,-1.7914,356
16.6,1st Item,6655,Luden's Echo,-0.4978,42983
16.6,1st Item,6657,Rod of Ages,0.2001,64495
16.6,2nd Item,2065,Shurelya's Battlesong,0.122,490
16.6,2nd Item,2504,Kaenic Rookern,6.0737,200
16.6,2nd Item,2522,Actualizer,-0.9366,573
16.6,2nd Item,3003,Archangel's Staff,0.9548,49243
16.6,2nd Item,3041,Mejai's Soulstealer,0.1812,284
16.6,2nd Item,3089,Rabadon's Deathcap,-0.7376,16760
16.6,2nd Item,3102,Banshee's Veil,-0.532,1106
16.6,2nd Item,3110,Frozen Heart,5.8188,103
16.6,2nd Item,3118,Malignance,-1.5446,182
16.6,2nd Item,3119,Winter's Approach,-0.977,312
16.6,2nd Item,3135,Void Staff,0.4334,1157
16.6,2nd Item,3137,Cryptbloom,1.3275,3819
16.6,2nd Item,3152,Hextech Rocketbelt,-0.6759,779
16.6,2nd Item,3157,Zhonya's Hourglass,-1.7602,4936
16.6,2nd Item,3165,Morellonomicon,-7.3309,107
16.6,2nd Item,4628,Horizon Focus,0.6487,138
16.6,2nd Item,4629,Cosmic Drive,0.5955,554
16.6,2nd Item,4645,Shadowflame,-1.6246,7026
16.6,2nd Item,4646,Stormsurge,-0.64,18282
16.6,2nd Item,6655,Luden's Echo,-1.2916,6226
16.6,2nd Item,6657,Rod of Ages,0.1578,3448
16.6,3rd Item,2065,Shurelya's Battlesong,2.6072,108
16.6,3rd Item,2504,Kaenic Rookern,-1.7175,187
16.6,3rd Item,2522,Actualizer,-0.5126,491
16.6,3rd Item,3003,Archangel's Staff,0.0203,2990
16.6,3rd Item,3041,Mejai's Soulstealer,3.2461,681
16.6,3rd Item,3089,Rabadon's Deathcap,0.3196,48358
16.6,3rd Item,3102,Banshee's Veil,0.6317,2198
16.6,3rd Item,3110,Frozen Heart,0.7057,201
16.6,3rd Item,3119,Winter's Approach,0.2622,111
16.6,3rd Item,3135,Void Staff,-0.3783,4621
16.6,3rd Item,3137,Cryptbloom,1.2026,3739
16.6,3rd Item,3143,Randuin's Omen,-1.7162,118
16.6,3rd Item,3152,Hextech Rocketbelt,-0.0086,174
16.6,3rd Item,3157,Zhonya's Hourglass,-0.6826,9601
16.6,3rd Item,3165,Morellonomicon,1.0571,402
16.6,3rd Item,3742,Dead Man's Plate,-0.1612,272
16.6,3rd Item,4629,Cosmic Drive,0.8775,300
16.6,3rd Item,4645,Shadowflame,-1.5591,8145
16.6,3rd Item,4646,Stormsurge,0.7878,2818
16.6,3rd Item,6655,Luden's Echo,-1.9305,1754
16.6,3rd Item,6657,Rod of Ages,-3.0393,418
16.6,4th+ Item,2065,Shurelya's Battlesong,-0.6572,125
16.6,4th+ Item,2504,Kaenic Rookern,1.1322,382
16.6,4th+ Item,2522,Actualizer,2.7088,208
16.6,4th+ Item,3003,Archangel's Staff,1.3345,746
16.6,4th+ Item,3041,Mejai's Soulstealer,0.8944,1036
16.6,4th+ Item,3089,Rabadon's Deathcap,0.4569,8962
16.6,4th+ Item,3102,Banshee's Veil,0.0699,4413
16.6,4th+ Item,3110,Frozen Heart,1.2512,265
16.6,4th+ Item,3119,Winter's Approach,-2.4701,111
16.6,4th+ Item,3135,Void Staff,0.6962,8846
16.6,4th+ Item,3137,Cryptbloom,0.7436,3760
16.6,4th+ Item,3143,Randuin's Omen,1.8871,424
16.6,4th+ Item,3152,Hextech Rocketbelt,-1.2356,205
16.6,4th+ Item,3157,Zhonya's Hourglass,-0.6653,14928
16.6,4th+ Item,3165,Morellonomicon,-1.7605,797
16.6,4th+ Item,3742,Dead Man's Plate,1.1761,564
16.6,4th+ Item,4401,Force of Nature,1.4906,216
16.6,4th+ Item,4629,Cosmic Drive,1.1912,350
16.6,4th+ Item,4645,Shadowflame,-0.9957,9196
16.6,4th+ Item,4646,Stormsurge,1.4751,1642
16.6,4th+ Item,6655,Luden's Echo,-1.1983,536
16.6,4th+ Item,6657,Rod of Ages,-4.1044,201
16.6,4th+ Item,6665,"Jak'Sho, The Protean",0.516,262
16.6,All Items,2065,Shurelya's Battlesong,0.3654,914
16.6,All Items,2503,Blackfire Torch,1.2919,421
16.6,All Items,2504,Kaenic Rookern,1.6158,947
16.6,All Items,2522,Actualizer,-0.2961,1343
16.6,All Items,3003,Archangel's Staff,0.7624,64905
16.6,All Items,3041,Mejai's Soulstealer,1.5953,2010
16.6,All Items,3083,Warmog's Armor,2.8226,136
16.6,All Items,3089,Rabadon's Deathcap,0.0906,74368
16.6,All Items,3102,Banshee's Veil,0.169,7840
16.6,All Items,3110,Frozen Heart,2.1748,628
16.6,All Items,3116,Rylai's Crystal Scepter,-0.3155,160
16.6,All Items,3118,Malignance,-0.7218,648
16.6,All Items,3119,Winter's Approach,-0.6362,723
16.6,All Items,3135,Void Staff,0.3361,14699
16.6,All Items,3137,Cryptbloom,1.056,11354
16.6,All Items,3143,Randuin's Omen,0.3419,590
16.6,All Items,3152,Hextech Rocketbelt,1.706,3689
16.6,All Items,3157,Zhonya's Hourglass,-0.8282,30017
16.6,All Items,3165,Morellonomicon,-1.4891,1324
16.6,All Items,3742,Dead Man's Plate,0.3896,932
16.6,All Items,4401,Force of Nature,1.4211,357
16.6,All Items,4628,Horizon Focus,0.7932,271
16.6,All Items,4629,Cosmic Drive,0.957,1299
16.6,All Items,4645,Shadowflame,-1.3409,24511
16.6,All Items,4646,Stormsurge,-0.3367,23125
16.6,All Items,6653,Liandry's Torment,-4.9543,264
16.6,All Items,6655,Luden's Echo,-0.6487,51514
16.6,All Items,6657,Rod of Ages,0.1649,68568
16.6,All Items,6665,"Jak'Sho, The Protean",0.2356,398
16.6,All Items,8020,Abyssal Mask,5.9024,275
16.7,Keystone,8369,First Strike,0.9015,64296
16.7,Keystone,8230,Stormraider's Surge,2.8683,633
16.7,Keystone,8214,Summon Aery,1.6679,11075
16.7,Keystone,8360,Unsealed Spellbook,3.7405,2979
16.7,Keystone,8437,Grasp of the Undying,-10.7562,179
16.7,Keystone,8229,Arcane Comet,-2.1142,37982
16.7,Keystone,8128,Dark Harvest,-2.013,1719
16.7,Keystone,8112,Electrocute,-0.1291,11445
16.7,Keystone,8351,Glacial Augment,6.4914,111
16.7,Spell,1,Cleanse,-0.6764,269
16.7,Spell,3,Exhaust,1.1621,1935
16.7,Spell,4,Flash,0.0081,130626
16.7,Spell,6,Ghost,3.7563,2122
16.7,Spell,7,Heal,-2.073,252
16.7,Spell,12,Teleport,-0.0685,114413
16.7,Spell,14,Ignite,-1.5381,4189
16.7,Spell,21,Barrier,0.4894,7576
16.7,Starter,1027,Sapphire Crystal,2.2902,621
16.7,Starter,1054,Doran's Shield,5.6843,317
16.7,Starter,1056,Doran's Ring,0.159,108134
16.7,Starter,1082,Dark Seal,-0.1087,223
16.7,Starter,3070,Tear of the Goddess,-0.9081,20705
16.7,Boots,3009,Boots of Swiftness,1.8115,3556
16.7,Boots,3020,Sorcerer's Shoes,0.1399,84477
16.7,Boots,3047,Plated Steelcaps,2.4156,3892
16.7,Boots,3111,Mercury's Treads,-0.322,10149
16.7,Boots,3158,Ionian Boots of Lucidity,0.8322,22021
16.7,1st Item,2065,Shurelya's Battlesong,0.1494,197
16.7,1st Item,2503,Blackfire Torch,-2.7115,264
16.7,1st Item,2504,Kaenic Rookern,1.1636,178
16.7,1st Item,3003,Archangel's Staff,0.9414,12427
16.7,1st Item,3089,Rabadon's Deathcap,-3.9595,254
16.7,1st Item,3118,Malignance,-1.3166,301
16.7,1st Item,3119,Winter's Approach,2.1513,262
16.7,1st Item,3152,Hextech Rocketbelt,2.4179,2652
16.7,1st Item,3157,Zhonya's Hourglass,0.2647,426
16.7,1st Item,4646,Stormsurge,-1.3494,440
16.7,1st Item,6655,Luden's Echo,-0.6123,44925
16.7,1st Item,6657,Rod of Ages,0.162,62792
16.7,2nd Item,2065,Shurelya's Battlesong,0.9169,473
16.7,2nd Item,2503,Blackfire Torch,4.305,140
16.7,2nd Item,2504,Kaenic Rookern,-6.1636,163
16.7,2nd Item,2522,Actualizer,-6.1707,349
16.7,2nd Item,3003,Archangel's Staff,1.0457,48163
16.7,2nd Item,3041,Mejai's Soulstealer,-0.5713,291
16.7,2nd Item,3089,Rabadon's Deathcap,-0.5031,15582
16.7,2nd Item,3102,Banshee's Veil,-1.2436,1281
16.7,2nd Item,3110,Frozen Heart,2.1238,119
16.7,2nd Item,3118,Malignance,-1.4191,172
16.7,2nd Item,3119,Winter's Approach,-4.5,245
16.7,2nd Item,3135,Void Staff,-1.3707,989
16.7,2nd Item,3137,Cryptbloom,0.9415,3434
16.7,2nd Item,3152,Hextech Rocketbelt,0.8508,1192
16.7,2nd Item,3157,Zhonya's Hourglass,-1.7328,4976
16.7,2nd Item,3165,Morellonomicon,-2.4813,130
16.7,2nd Item,4628,Horizon Focus,-2.1038,124
16.7,2nd Item,4629,Cosmic Drive,-1.2366,544
16.7,2nd Item,4645,Shadowflame,-1.6759,6873
16.7,2nd Item,4646,Stormsurge,-0.6259,21877
16.7,2nd Item,6655,Luden's Echo,-0.2452,5824
16.7,2nd Item,6657,Rod of Ages,-1.2534,3688
16.7,3rd Item,2065,Shurelya's Battlesong,2.1142,125
16.7,3rd Item,2504,Kaenic Rookern,2.6281,216
16.7,3rd Item,2522,Actualizer,-0.9665,509
16.7,3rd Item,3003,Archangel's Staff,-0.308,2862
16.7,3rd Item,3041,Mejai's Soulstealer,-0.3337,691
16.7,3rd Item,3089,Rabadon's Deathcap,0.3137,49535
16.7,3rd Item,3102,Banshee's Veil,0.5983,2083
16.7,3rd Item,3110,Frozen Heart,1.8956,184
16.7,3rd Item,3119,Winter's Approach,4.424,147
16.7,3rd Item,3135,Void Staff,-0.1481,4462
16.7,3rd Item,3137,Cryptbloom,1.0172,3706
16.7,3rd Item,3143,Randuin's Omen,4.3814,126
16.7,3rd Item,3152,Hextech Rocketbelt,-1.3373,262
16.7,3rd Item,3157,Zhonya's Hourglass,-1.0275,9510
16.7,3rd Item,3165,Morellonomicon,-1.5115,449
16.7,3rd Item,3742,Dead Man's Plate,2.9156,253
16.7,3rd Item,4629,Cosmic Drive,0.3135,295
16.7,3rd Item,4645,Shadowflame,-1.3907,5724
16.7,3rd Item,4646,Stormsurge,-0.2831,5631
16.7,3rd Item,6655,Luden's Echo,0.3162,1409
16.7,3rd Item,6657,Rod of Ages,-0.4627,475
16.7,3rd Item,6665,"Jak'Sho, The Protean",-1.6099,113
16.7,4th+ Item,2065,Shurelya's Battlesong,-1.4534,119
16.7,4th+ Item,2504,Kaenic Rookern,-0.9243,378
16.7,4th+ Item,2522,Actualizer,3.0397,175
16.7,4th+ Item,3003,Archangel's Staff,2.0908,750
16.7,4th+ Item,3041,Mejai's Soulstealer,-1.0114,1094
16.7,4th+ Item,3089,Rabadon's Deathcap,0.099,9240
16.7,4th+ Item,3102,Banshee's Veil,0.8822,4680
16.7,4th+ Item,3110,Frozen Heart,1.1778,273
16.7,4th+ Item,3135,Void Staff,0.4745,8686
16.7,4th+ Item,3137,Cryptbloom,1.9058,3910
16.7,4th+ Item,3143,Randuin's Omen,0.3797,437
16.7,4th+ Item,3152,Hextech Rocketbelt,-1.1093,256
16.7,4th+ Item,3157,Zhonya's Hourglass,-0.5063,13820
16.7,4th+ Item,3165,Morellonomicon,-2.1389,809
16.7,4th+ Item,3742,Dead Man's Plate,2.0446,531
16.7,4th+ Item,4401,Force of Nature,1.3487,199
16.7,4th+ Item,4629,Cosmic Drive,-1.5598,394
16.7,4th+ Item,4645,Shadowflame,-0.8013,9768
16.7,4th+ Item,4646,Stormsurge,0.1573,2662
16.7,4th+ Item,6655,Luden's Echo,-1.3953,529
16.7,4th+ Item,6657,Rod of Ages,-4.9423,167
16.7,4th+ Item,6665,"Jak'Sho, The Protean",-1.3517,292
16.7,4th+ Item,8020,Abyssal Mask,0.4708,123
16.7,All Items,2065,Shurelya's Battlesong,0.5984,916
16.7,All Items,2503,Blackfire Torch,-0.1849,477
16.7,All Items,2504,Kaenic Rookern,-0.5835,945
16.7,All Items,2522,Actualizer,-2.0601,1082
16.7,All Items,3003,Archangel's Staff,0.9771,64207
16.7,All Items,3041,Mejai's Soulstealer,-0.6442,2093
16.7,All Items,3075,Thornmail,-0.9335,103
16.7,All Items,3083,Warmog's Armor,-0.5943,105
16.7,All Items,3089,Rabadon's Deathcap,0.1011,74638
16.7,All Items,3100,Lich Bane,2.8829,104
16.7,All Items,3102,Banshee's Veil,0.5067,8157
16.7,All Items,3110,Frozen Heart,1.9068,640
16.7,All Items,3116,Rylai's Crystal Scepter,-2.0667,156
16.7,All Items,3118,Malignance,-1.4639,584
16.7,All Items,3119,Winter's Approach,0.7865,743
16.7,All Items,3135,Void Staff,0.1472,14218
16.7,All Items,3137,Cryptbloom,1.3288,11090
16.7,All Items,3143,Randuin's Omen,1.4425,615
16.7,All Items,3152,Hextech Rocketbelt,1.5566,4370
16.7,All Items,3157,Zhonya's Hourglass,-0.8728,28825
16.7,All Items,3165,Morellonomicon,-1.8752,1403
16.7,All Items,3742,Dead Man's Plate,2.1311,897
16.7,All Items,4401,Force of Nature,0.9525,353
16.7,All Items,4628,Horizon Focus,-2.1102,261
16.7,All Items,4629,Cosmic Drive,-0.8884,1330
16.7,All Items,4645,Shadowflame,-1.2236,22511
16.7,All Items,4646,Stormsurge,-0.5072,30638
16.7,All Items,6653,Liandry's Torment,-4.1111,256
16.7,All Items,6655,Luden's Echo,-0.5531,52701
16.7,All Items,6657,Rod of Ages,0.0671,67125
16.7,All Items,6665,"Jak'Sho, The Protean",-1.2471,453
16.7,All Items,8020,Abyssal Mask,1.5295,336
16.8,Keystone,8369,First Strike,0.6487,41929
16.8,Keystone,8230,Stormraider's Surge,-1.2896,372
16.8,Keystone,8214,Summon Aery,1.6124,8170
16.8,Keystone,8360,Unsealed Spellbook,3.2285,1927
16.8,Keystone,8229,Arcane Comet,-1.5523,26466
16.8,Keystone,8128,Dark Harvest,0.2768,1383
16.8,Keystone,8112,Electrocute,-0.5166,7843
16.8,Spell,1,Cleanse,0.8503,190
16.8,Spell,3,Exhaust,1.7491,1365
16.8,Spell,4,Flash,0.0042,88365
16.8,Spell,6,Ghost,3.0141,1233
16.8,Spell,7,Heal,0.5218,266
16.8,Spell,12,Teleport,-0.0606,77257
16.8,Spell,14,Ignite,-2.0424,3005
16.8,Spell,21,Barrier,0.789,5125
16.8,Starter,1027,Sapphire Crystal,3.1798,379
16.8,Starter,1054,Doran's Shield,-9.1033,130
16.8,Starter,1056,Doran's Ring,0.1771,73006
16.8,Starter,1082,Dark Seal,-3.4972,195
16.8,Starter,3070,Tear of the Goddess,-0.8922,14347
16.8,Boots,3009,Boots of Swiftness,-0.5942,2548
16.8,Boots,3020,Sorcerer's Shoes,0.3917,58504
16.8,Boots,3047,Plated Steelcaps,0.6039,2630
16.8,Boots,3111,Mercury's Treads,0.4637,7239
16.8,Boots,3158,Ionian Boots of Lucidity,0.8346,16027
16.8,1st Item,2065,Shurelya's Battlesong,-3.7044,123
16.8,1st Item,2503,Blackfire Torch,-0.8086,199
16.8,1st Item,2504,Kaenic Rookern,3.2124,149
16.8,1st Item,3003,Archangel's Staff,0.3387,8496
16.8,1st Item,3089,Rabadon's Deathcap,-1.192,146
16.8,1st Item,3118,Malignance,-0.5115,197
16.8,1st Item,3119,Winter's Approach,2.6275,205
16.8,1st Item,3152,Hextech Rocketbelt,2.9698,2361
16.8,1st Item,3157,Zhonya's Hourglass,0.4938,324
16.8,1st Item,4646,Stormsurge,2.83,286
16.8,1st Item,6655,Luden's Echo,-0.6892,31169
16.8,1st Item,6657,Rod of Ages,0.2418,44117
16.8,2nd Item,2065,Shurelya's Battlesong,1.622,322
16.8,2nd Item,2504,Kaenic Rookern,4.4972,153
16.8,2nd Item,2522,Actualizer,-2.5521,165
16.8,2nd Item,3003,Archangel's Staff,1.0133,33980
16.8,2nd Item,3041,Mejai's Soulstealer,-1.8726,236
16.8,2nd Item,3089,Rabadon's Deathcap,-0.2078,11012
16.8,2nd Item,3102,Banshee's Veil,-0.2669,820
16.8,2nd Item,3119,Winter's Approach,5.7059,179
16.8,2nd Item,3135,Void Staff,-2.8859,608
16.8,2nd Item,3137,Cryptbloom,0.4733,2606
16.8,2nd Item,3152,Hextech Rocketbelt,-0.0548,1171
16.8,2nd Item,3157,Zhonya's Hourglass,-1.0462,3539
16.8,2nd Item,4628,Horizon Focus,0.828,103
16.8,2nd Item,4629,Cosmic Drive,3.0368,326
16.8,2nd Item,4645,Shadowflame,-1.8567,5104
16.8,2nd Item,4646,Stormsurge,-0.9107,14766
16.8,2nd Item,6655,Luden's Echo,-0.55,4010
16.8,2nd Item,6657,Rod of Ages,-1.8268,2460
16.8,3rd Item,2504,Kaenic Rookern,1.4592,147
16.8,3rd Item,2522,Actualizer,-1.3905,248
16.8,3rd Item,3003,Archangel's Staff,0.387,1946
16.8,3rd Item,3041,Mejai's Soulstealer,-0.343,497
16.8,3rd Item,3089,Rabadon's Deathcap,0.2897,34435
16.8,3rd Item,3102,Banshee's Veil,0.6482,1519
16.8,3rd Item,3110,Frozen Heart,6.3644,123
16.8,3rd Item,3135,Void Staff,-0.661,3001
16.8,3rd Item,3137,Cryptbloom,1.4052,2810
16.8,3rd Item,3152,Hextech Rocketbelt,1.4144,271
16.8,3rd Item,3157,Zhonya's Hourglass,-0.9749,6704
16.8,3rd Item,3165,Morellonomicon,-1.6643,323
16.8,3rd Item,3742,Dead Man's Plate,1.2219,159
16.8,3rd Item,4629,Cosmic Drive,-4.1946,196
16.8,3rd Item,4645,Shadowflame,-1.2259,4152
16.8,3rd Item,4646,Stormsurge,-0.3337,4031
16.8,3rd Item,6655,Luden's Echo,-0.3085,1015
16.8,3rd Item,6657,Rod of Ages,0.3316,269
16.8,4th+ Item,2504,Kaenic Rookern,3.1711,260
16.8,4th+ Item,2522,Actualizer,-3.4151,109
16.8,4th+ Item,3003,Archangel's Staff,0.5366,554
16.8,4th+ Item,3041,Mejai's Soulstealer,-1.6435,737
16.8,4th+ Item,3089,Rabadon's Deathcap,-0.019,6764
16.8,4th+ Item,3102,Banshee's Veil,0.5656,3263
16.8,4th+ Item,3110,Frozen Heart,0.6903,161
16.8,4th+ Item,3135,Void Staff,0.2025,6012
16.8,4th+ Item,3137,Cryptbloom,1.3383,2864
16.8,4th+ Item,3143,Randuin's Omen,4.765,289
16.8,4th+ Item,3152,Hextech Rocketbelt,-1.6138,197
16.8,4th+ Item,3157,Zhonya's Hourglass,-0.3937,9197
16.8,4th+ Item,3165,Morellonomicon,-1.8283,515
16.8,4th+ Item,3742,Dead Man's Plate,1.6353,368
16.8,4th+ Item,4401,Force of Nature,-4.0242,110
16.8,4th+ Item,4629,Cosmic Drive,4.9571,258
16.8,4th+ Item,4645,Shadowflame,-0.4997,6730
16.8,4th+ Item,4646,Stormsurge,0.0521,2075
16.8,4th+ Item,6655,Luden's Echo,-1.9207,412
16.8,4th+ Item,6657,Rod of Ages,-1.5905,123
16.8,4th+ Item,6665,"Jak'Sho, The Protean",0.8257,219
16.8,All Items,2065,Shurelya's Battlesong,0.6492,639
16.8,All Items,2503,Blackfire Torch,0.4088,300
16.8,All Items,2504,Kaenic Rookern,3.0849,715
16.8,All Items,2522,Actualizer,-2.4755,555
16.8,All Items,3003,Archangel's Staff,0.8528,44979
16.8,All Items,3041,Mejai's Soulstealer,-1.1686,1485
16.8,All Items,3089,Rabadon's Deathcap,0.1422,52379
16.8,All Items,3102,Banshee's Veil,0.4166,5690
16.8,All Items,3110,Frozen Heart,2.5933,418
16.8,All Items,3116,Rylai's Crystal Scepter,-6.1106,110
16.8,All Items,3118,Malignance,-1.4285,393
16.8,All Items,3119,Winter's Approach,3.5949,546
16.8,All Items,3135,Void Staff,-0.272,9673
16.8,All Items,3137,Cryptbloom,1.0589,8312
16.8,All Items,3143,Randuin's Omen,3.7383,418
16.8,All Items,3152,Hextech Rocketbelt,1.7516,4007
16.8,All Items,3157,Zhonya's Hourglass,-0.6934,19828
16.8,All Items,3165,Morellonomicon,-1.5483,936
16.8,All Items,3742,Dead Man's Plate,2.001,595
16.8,All Items,4401,Force of Nature,-2.8967,203
16.8,All Items,4628,Horizon Focus,-0.3758,199
16.8,All Items,4629,Cosmic Drive,1.8164,833
16.8,All Items,4645,Shadowflame,-1.1088,16073
16.8,All Items,4646,Stormsurge,-0.6558,21182
16.8,All Items,6653,Liandry's Torment,-3.7321,153
16.8,All Items,6655,Luden's Echo,-0.674,36618
16.8,All Items,6657,Rod of Ages,0.1292,46970
16.8,All Items,6665,"Jak'Sho, The Protean",0.5365,333
16.8,All Items,8020,Abyssal Mask,2.0276,247
16.9,Keystone,8369,First Strike,0.8897,41906
16.9,Keystone,8230,Stormraider's Surge,1.2792,2105
16.9,Keystone,8214,Summon Aery,1.5757,7110
16.9,Keystone,8360,Unsealed Spellbook,3.7192,1997
16.9,Keystone,8229,Arcane Comet,-1.2655,29863
16.9,Keystone,8992,Deathfire Touch,0.021,3415
16.9,Keystone,8128,Dark Harvest,-3.6329,1408
16.9,Keystone,8112,Electrocute,-1.6164,8276
16.9,Keystone,8351,Glacial Augment,-1.1939,143
16.9,Spell,1,Cleanse,3.3708,201
16.9,Spell,3,Exhaust,0.2823,1628
16.9,Spell,4,Flash,0.0059,96475
16.9,Spell,6,Ghost,0.6106,1468
16.9,Spell,7,Heal,0.7375,245
16.9,Spell,12,Teleport,-0.012,83682
16.9,Spell,14,Ignite,-1.675,3249
16.9,Spell,21,Barrier,0.6008,6098
16.9,Starter,1027,Sapphire Crystal,0.4137,429
16.9,Starter,1054,Doran's Shield,-3.1341,154
16.9,Starter,1056,Doran's Ring,0.1827,80567
16.9,Starter,1082,Dark Seal,4.5598,221
16.9,Starter,1120,Doran's Helm,5.3371,133
16.9,Starter,3070,Tear of the Goddess,-1.0002,14618
16.9,Boots,3008,Gluttonous Greaves,-0.1414,1048
16.9,Boots,3009,Boots of Swiftness,0.584,2691
16.9,Boots,3020,Sorcerer's Shoes,0.4949,64875
16.9,Boots,3047,Plated Steelcaps,2.7039,3142
16.9,Boots,3111,Mercury's Treads,-0.0085,6980
16.9,Boots,3158,Ionian Boots of Lucidity,0.502,16146
16.9,1st Item,2065,Shurelya's Battlesong,0.0143,134
16.9,1st Item,2503,Blackfire Torch,0.1728,301
16.9,1st Item,2504,Kaenic Rookern,-6.9085,135
16.9,1st Item,3003,Archangel's Staff,0.5341,9562
16.9,1st Item,3089,Rabadon's Deathcap,-5.6469,169
16.9,1st Item,3118,Malignance,-3.5813,299
16.9,1st Item,3119,Winter's Approach,-2.5761,287
16.9,1st Item,3152,Hextech Rocketbelt,2.3277,2670
16.9,1st Item,3157,Zhonya's Hourglass,-1.7824,444
16.9,1st Item,4646,Stormsurge,3.6209,394
16.9,1st Item,6655,Luden's Echo,-0.1709,40232
16.9,1st Item,6657,Rod of Ages,-0.0119,40918
16.9,2nd Item,2065,Shurelya's Battlesong,0.4358,306
16.9,2nd Item,2504,Kaenic Rookern,5.6175,166
16.9,2nd Item,2522,Actualizer,-2.9184,163
16.9,2nd Item,3003,Archangel's Staff,1.1188,30618
16.9,2nd Item,3041,Mejai's Soulstealer,-0.1043,237
16.9,2nd Item,3089,Rabadon's Deathcap,-0.5736,12179
16.9,2nd Item,3102,Banshee's Veil,-0.8922,887
16.9,2nd Item,3118,Malignance,-0.9582,125
16.9,2nd Item,3119,Winter's Approach,3.6937,284
16.9,2nd Item,3135,Void Staff,-0.74,752
16.9,2nd Item,3137,Cryptbloom,0.6584,2850
16.9,2nd Item,3152,Hextech Rocketbelt,0.7647,1860
16.9,2nd Item,3157,Zhonya's Hourglass,-2.2115,4205
16.9,2nd Item,3165,Morellonomicon,-7.1526,158
16.9,2nd Item,4628,Horizon Focus,-5.9433,107
16.9,2nd Item,4629,Cosmic Drive,3.1761,495
16.9,2nd Item,4645,Shadowflame,-2.1554,5351
16.9,2nd Item,4646,Stormsurge,-0.1582,21050
16.9,2nd Item,6655,Luden's Echo,-0.0669,4601
16.9,2nd Item,6657,Rod of Ages,-2.5937,2583
16.9,3rd Item,2504,Kaenic Rookern,-2.3578,183
16.9,3rd Item,2522,Actualizer,-3.85,266
16.9,3rd Item,3003,Archangel's Staff,-0.0416,2372
16.9,3rd Item,3041,Mejai's Soulstealer,-0.3554,516
16.9,3rd Item,3089,Rabadon's Deathcap,0.1855,36937
16.9,3rd Item,3102,Banshee's Veil,-0.2276,1611
16.9,3rd Item,3110,Frozen Heart,2.4127,162
16.9,3rd Item,3135,Void Staff,0.1823,3095
16.9,3rd Item,3137,Cryptbloom,1.7169,2818
16.9,3rd Item,3152,Hextech Rocketbelt,-0.1936,325
16.9,3rd Item,3157,Zhonya's Hourglass,-0.7903,7431
16.9,3rd Item,3165,Morellonomicon,-2.4663,384
16.9,3rd Item,3742,Dead Man's Plate,5.8293,174
16.9,3rd Item,4629,Cosmic Drive,-1.6038,246
16.9,3rd Item,4645,Shadowflame,-0.7968,4669
16.9,3rd Item,4646,Stormsurge,0.3747,4749
16.9,3rd Item,6655,Luden's Echo,-1.7847,1072
16.9,3rd Item,6657,Rod of Ages,-3.2099,311
16.9,4th+ Item,2504,Kaenic Rookern,3.5619,317
16.9,4th+ Item,2522,Actualizer,5.3976,144
16.9,4th+ Item,3003,Archangel's Staff,3.121,615
16.9,4th+ Item,3041,Mejai's Soulstealer,0.0833,793
16.9,4th+ Item,3089,Rabadon's Deathcap,-0.1307,7366
16.9,4th+ Item,3102,Banshee's Veil,1.011,3732
16.9,4th+ Item,3110,Frozen Heart,0.2172,196
16.9,4th+ Item,3135,Void Staff,0.3207,6218
16.9,4th+ Item,3137,Cryptbloom,0.8808,3042
16.9,4th+ Item,3143,Randuin's Omen,0.4948,302
16.9,4th+ Item,3152,Hextech Rocketbelt,1.9705,245
16.9,4th+ Item,3157,Zhonya's Hourglass,-0.1333,10579
16.9,4th+ Item,3165,Morellonomicon,-1.2064,682
16.9,4th+ Item,3742,Dead Man's Plate,2.4132,390
16.9,4th+ Item,4401,Force of Nature,-0.9138,131
16.9,4th+ Item,4629,Cosmic Drive,-2.6294,296
16.9,4th+ Item,4645,Shadowflame,-0.8901,7530
16.9,4th+ Item,4646,Stormsurge,-0.9522,2287
16.9,4th+ Item,6655,Luden's Echo,-1.712,383
16.9,4th+ Item,6657,Rod of Ages,0.6358,160
16.9,4th+ Item,6665,"Jak'Sho, The Protean",-2.2796,239
16.9,4th+ Item,8020,Abyssal Mask,-4.1614,119
16.9,All Items,2065,Shurelya's Battlesong,0.6132,600
16.9,All Items,2503,Blackfire Torch,-0.1207,410
16.9,All Items,2504,Kaenic Rookern,0.8317,808
16.9,All Items,2522,Actualizer,-1.5402,609
16.9,All Items,3003,Archangel's Staff,0.9549,43171
16.9,All Items,3041,Mejai's Soulstealer,0.0888,1562
16.9,All Items,3075,Thornmail,3.0323,101
16.9,All Items,3089,Rabadon's Deathcap,-0.0371,56675
16.9,All Items,3102,Banshee's Veil,0.3897,6321
16.9,All Items,3110,Frozen Heart,1.1482,498
16.9,All Items,3116,Rylai's Crystal Scepter,-1.8083,142
16.9,All Items,3118,Malignance,-2.2535,520
16.9,All Items,3119,Winter's Approach,1.2611,739
16.9,All Items,3135,Void Staff,0.1957,10144
16.9,All Items,3137,Cryptbloom,1.0317,8752
16.9,All Items,3143,Randuin's Omen,1.5582,443
16.9,All Items,3152,Hextech Rocketbelt,1.5786,5101
16.9,All Items,3157,Zhonya's Hourglass,-0.7678,22748
16.9,All Items,3165,Morellonomicon,-2.2914,1239
16.9,All Items,3742,Dead Man's Plate,4.334,671
16.9,All Items,4401,Force of Nature,0.3703,237
16.9,All Items,4628,Horizon Focus,-3.9634,224
16.9,All Items,4629,Cosmic Drive,0.4871,1125
16.9,All Items,4645,Shadowflame,-1.2856,17685
16.9,All Items,4646,Stormsurge,-0.0781,28497
16.9,All Items,6653,Liandry's Torment,-2.4963,211
16.9,All Items,6655,Luden's Echo,-0.2107,46296
16.9,All Items,6657,Rod of Ages,-0.1838,43976
16.9,All Items,6665,"Jak'Sho, The Protean",-3.8035,326
16.9,All Items,8020,Abyssal Mask,-1.3058,308
16.10,Keystone,8369,First Strike,0.9052,47488
16.10,Keystone,8230,Stormraider's Surge,3.5629,2728
16.10,Keystone,8214,Summon Aery,2.3995,7557
16.10,Keystone,8360,Unsealed Spellbook,2.9041,2106
16.10,Keystone,8437,Grasp of the Undying,-1.2655,130
16.10,Keystone,8229,Arcane Comet,-1.722,35006
16.10,Keystone,8992,Deathfire Touch,0.4801,2430
16.10,Keystone,8128,Dark Harvest,-3.5822,1459
16.10,Keystone,8112,Electrocute,-1.3404,9252
16.10,Keystone,8351,Glacial Augment,3.4434,158
16.10,Spell,1,Cleanse,-0.2295,208
16.10,Spell,3,Exhaust,-0.2572,1838
16.10,Spell,4,Flash,0.0024,108504
16.10,Spell,6,Ghost,2.2595,1961
16.10,Spell,7,Heal,3.8439,266
16.10,Spell,12,Teleport,-0.0765,93354
16.10,Spell,14,Ignite,-1.2826,3956
16.10,Spell,21,Barrier,1.0025,7001
16.10,Starter,1027,Sapphire Crystal,-0.5292,512
16.10,Starter,1054,Doran's Shield,10.0403,142
16.10,Starter,1056,Doran's Ring,0.2044,90666
16.10,Starter,1082,Dark Seal,0.9189,290
16.10,Starter,1120,Doran's Helm,9.6326,222
16.10,Starter,3070,Tear of the Goddess,-1.3827,16286
16.10,Boots,3008,Gluttonous Greaves,0.3501,633
16.10,Boots,3009,Boots of Swiftness,0.3176,3338
16.10,Boots,3020,Sorcerer's Shoes,0.486,73285
16.10,Boots,3047,Plated Steelcaps,1.3302,3491
16.10,Boots,3111,Mercury's Treads,-0.2621,8063
16.10,Boots,3158,Ionian Boots of Lucidity,0.7697,17972
16.10,1st Item,2065,Shurelya's Battlesong,6.1254,289
16.10,1st Item,2503,Blackfire Torch,-1.2967,312
16.10,1st Item,2504,Kaenic Rookern,-2.2614,158
16.10,1st Item,3003,Archangel's Staff,0.4102,10683
16.10,1st Item,3089,Rabadon's Deathcap,1.6326,175
16.10,1st Item,3118,Malignance,-5.0058,394
16.10,1st Item,3119,Winter's Approach,-5.3365,331
16.10,1st Item,3152,Hextech Rocketbelt,1.9702,3250
16.10,1st Item,3157,Zhonya's Hourglass,-3.3653,478
16.10,1st Item,4646,Stormsurge,2.7051,643
16.10,1st Item,6655,Luden's Echo,-0.5828,47125
16.10,1st Item,6657,Rod of Ages,0.3889,43727
16.10,2nd Item,2065,Shurelya's Battlesong,-1.5625,447
16.10,2nd Item,2503,Blackfire Torch,3.252,107
16.10,2nd Item,2504,Kaenic Rookern,5.1023,181
16.10,2nd Item,2522,Actualizer,2.4371,196
16.10,2nd Item,3003,Archangel's Staff,1.3945,33717
16.10,2nd Item,3041,Mejai's Soulstealer,-2.661,315
16.10,2nd Item,3089,Rabadon's Deathcap,-0.8457,13106
16.10,2nd Item,3102,Banshee's Veil,-0.3942,1053
16.10,2nd Item,3118,Malignance,-3.3593,132
16.10,2nd Item,3119,Winter's Approach,0.7951,313
16.10,2nd Item,3135,Void Staff,0.8074,817
16.10,2nd Item,3137,Cryptbloom,1.4555,3116
16.10,2nd Item,3152,Hextech Rocketbelt,0.4145,2126
16.10,2nd Item,3157,Zhonya's Hourglass,-1.5898,4784
16.10,2nd Item,3165,Morellonomicon,0.9691,170
16.10,2nd Item,4629,Cosmic Drive,-0.155,554
16.10,2nd Item,4645,Shadowflame,-2.1019,6141
16.10,2nd Item,4646,Stormsurge,-0.6822,26065
16.10,2nd Item,6655,Luden's Echo,-0.4028,4600
16.10,2nd Item,6657,Rod of Ages,-0.9028,2281
16.10,3rd Item,2504,Kaenic Rookern,0.6315,160
16.10,3rd Item,2522,Actualizer,0.5638,360
16.10,3rd Item,3003,Archangel's Staff,0.4178,2539
16.10,3rd Item,3041,Mejai's Soulstealer,-0.6666,634
16.10,3rd Item,3089,Rabadon's Deathcap,-0.0545,41772
16.10,3rd Item,3102,Banshee's Veil,0.0338,1938
16.10,3rd Item,3110,Frozen Heart,2.5781,173
16.10,3rd Item,3135,Void Staff,1.6255,3270
16.10,3rd Item,3137,Cryptbloom,1.9817,3183
16.10,3rd Item,3152,Hextech Rocketbelt,1.3593,458
16.10,3rd Item,3157,Zhonya's Hourglass,-0.8149,8736
16.10,3rd Item,3165,Morellonomicon,-2.5511,385
16.10,3rd Item,3742,Dead Man's Plate,-0.7355,197
16.10,3rd Item,4629,Cosmic Drive,-2.3765,265
16.10,3rd Item,4645,Shadowflame,-0.9621,5090
16.10,3rd Item,4646,Stormsurge,0.6449,5766
16.10,3rd Item,6655,Luden's Echo,-0.6776,1071
16.10,3rd Item,6657,Rod of Ages,-1.7585,349
16.10,4th+ Item,2065,Shurelya's Battlesong,-0.0803,121
16.10,4th+ Item,2504,Kaenic Rookern,2.3541,363
16.10,4th+ Item,2522,Actualizer,-1.7846,132
16.10,4th+ Item,3003,Archangel's Staff,0.3616,791
16.10,4th+ Item,3041,Mejai's Soulstealer,2.122,934
16.10,4th+ Item,3089,Rabadon's Deathcap,0.8227,8718
16.10,4th+ Item,3102,Banshee's Veil,0.213,4329
16.10,4th+ Item,3110,Frozen Heart,0.9792,247
16.10,4th+ Item,3135,Void Staff,0.626,6979
16.10,4th+ Item,3137,Cryptbloom,1.4014,3427
16.10,4th+ Item,3143,Randuin's Omen,0.0957,342
16.10,4th+ Item,3152,Hextech Rocketbelt,-0.7206,333
16.10,4th+ Item,3157,Zhonya's Hourglass,-1.0401,12206
16.10,4th+ Item,3165,Morellonomicon,-1.2403,778
16.10,4th+ Item,3742,Dead Man's Plate,0.9161,506
16.10,4th+ Item,4401,Force of Nature,1.9006,155
16.10,4th+ Item,4629,Cosmic Drive,0.6491,291
16.10,4th+ Item,4645,Shadowflame,-1.0681,8798
16.10,4th+ Item,4646,Stormsurge,0.3683,2336
16.10,4th+ Item,6655,Luden's Echo,0.4671,384
16.10,4th+ Item,6657,Rod of Ages,-0.505,175
16.10,4th+ Item,6665,"Jak'Sho, The Protean",2.2981,280
16.10,4th+ Item,8020,Abyssal Mask,-0.9666,104
16.10,All Items,2065,Shurelya's Battlesong,1.2012,951
16.10,All Items,2503,Blackfire Torch,1.1617,472
16.10,All Items,2504,Kaenic Rookern,1.7178,870
16.10,All Items,2522,Actualizer,1.154,761
16.10,All Items,3003,Archangel's Staff,1.1059,47735
16.10,All Items,3041,Mejai's Soulstealer,0.7699,1913
16.10,All Items,3075,Thornmail,-1.996,105
16.10,All Items,3083,Warmog's Armor,-0.7977,101
16.10,All Items,3089,Rabadon's Deathcap,-0.0916,63797
16.10,All Items,3100,Lich Bane,0.3553,136
16.10,All Items,3102,Banshee's Veil,0.1262,7435
16.10,All Items,3110,Frozen Heart,1.4924,568
16.10,All Items,3116,Rylai's Crystal Scepter,-1.352,154
16.10,All Items,3118,Malignance,-3.758,638
16.10,All Items,3119,Winter's Approach,-1.3346,827
16.10,All Items,3135,Void Staff,0.9133,11136
16.10,All Items,3137,Cryptbloom,1.5926,9781
16.10,All Items,3143,Randuin's Omen,-0.4898,477
16.10,All Items,3152,Hextech Rocketbelt,1.2394,6176
16.10,All Items,3157,Zhonya's Hourglass,-1.1091,26288
16.10,All Items,3165,Morellonomicon,-1.1532,1345
16.10,All Items,3742,Dead Man's Plate,1.1369,841
16.10,All Items,4401,Force of Nature,1.0538,275
16.10,All Items,4628,Horizon Focus,1.4873,196
16.10,All Items,4629,Cosmic Drive,-0.4206,1174
16.10,All Items,4645,Shadowflame,-1.3624,20180
16.10,All Items,4646,Stormsurge,-0.3304,34831
16.10,All Items,6653,Liandry's Torment,-2.1809,231
16.10,All Items,6655,Luden's Echo,-0.5615,53186
16.10,All Items,6657,Rod of Ages,0.3061,46534
16.10,All Items,6665,"Jak'Sho, The Protean",1.1426,372
16.10,All Items,8020,Abyssal Mask,1.5631,265
16.11,Keystone,8369,First Strike,0.9412,43777
16.11,Keystone,8230,Stormraider's Surge,3.5069,2794
16.11,Keystone,8214,Summon Aery,1.7435,6771
16.11,Keystone,8360,Unsealed Spellbook,1.4409,1708
16.11,Keystone,8229,Arcane Comet,-1.5363,32139
16.11,Keystone,8992,Deathfire Touch,1.0082,2013
16.11,Keystone,8128,Dark Harvest,-1.5428,1297
16.11,Keystone,8112,Electrocute,-1.8507,7789
16.11,Keystone,8351,Glacial Augment,0.4774,124
16.11,Spell,1,Cleanse,1.2828,191
16.11,Spell,3,Exhaust,0.4407,1830
16.11,Spell,4,Flash,-0.0,98674
16.11,Spell,6,Ghost,0.7835,1732
16.11,Spell,7,Heal,1.3784,213
16.11,Spell,12,Teleport,-0.089,85016
16.11,Spell,14,Ignite,-0.0971,3534
16.11,Spell,21,Barrier,0.824,6324
16.11,Starter,1027,Sapphire Crystal,-3.7251,556
16.11,Starter,1054,Doran's Shield,3.4232,152
16.11,Starter,1056,Doran's Ring,0.3005,82477
16.11,Starter,1082,Dark Seal,-5.9392,244
16.11,Starter,1120,Doran's Helm,3.183,268
16.11,Starter,3070,Tear of the Goddess,-1.5008,14629
16.11,Boots,3008,Gluttonous Greaves,1.2968,437
16.11,Boots,3009,Boots of Swiftness,0.154,3284
16.11,Boots,3020,Sorcerer's Shoes,0.5416,66865
16.11,Boots,3047,Plated Steelcaps,0.5258,2970
16.11,Boots,3111,Mercury's Treads,0.6401,7564
16.11,Boots,3158,Ionian Boots of Lucidity,0.4654,16202
16.11,1st Item,2065,Shurelya's Battlesong,1.3687,294
16.11,1st Item,2503,Blackfire Torch,0.8771,456
16.11,1st Item,2504,Kaenic Rookern,1.2834,113
16.11,1st Item,3003,Archangel's Staff,0.9546,9611
16.11,1st Item,3089,Rabadon's Deathcap,-1.0116,185
16.11,1st Item,3118,Malignance,-3.7863,269
16.11,1st Item,3119,Winter's Approach,0.0047,220
16.11,1st Item,3152,Hextech Rocketbelt,2.4212,3085
16.11,1st Item,3157,Zhonya's Hourglass,0.6331,449
16.11,1st Item,4646,Stormsurge,1.4498,637
16.11,1st Item,6655,Luden's Echo,-0.6379,41065
16.11,1st Item,6657,Rod of Ages,0.2195,41293
16.11,2nd Item,2065,Shurelya's Battlesong,1.0399,454
16.11,2nd Item,2504,Kaenic Rookern,6.7159,172
16.11,2nd Item,2522,Actualizer,2.6416,167
16.11,2nd Item,3003,Archangel's Staff,1.0711,32109
16.11,2nd Item,3041,Mejai's Soulstealer,1.8116,307
16.11,2nd Item,3089,Rabadon's Deathcap,-0.8129,12242
16.11,2nd Item,3102,Banshee's Veil,-0.3917,830
16.11,2nd Item,3118,Malignance,-5.69,105
16.11,2nd Item,3119,Winter's Approach,2.2022,213
16.11,2nd Item,3135,Void Staff,-0.8522,680
16.11,2nd Item,3137,Cryptbloom,2.6296,2977
16.11,2nd Item,3152,Hextech Rocketbelt,-0.2881,2225
16.11,2nd Item,3157,Zhonya's Hourglass,-1.5568,4150
16.11,2nd Item,3165,Morellonomicon,0.1105,169
16.11,2nd Item,4629,Cosmic Drive,0.9558,379
16.11,2nd Item,4645,Shadowflame,-2.5267,7494
16.11,2nd Item,4646,Stormsurge,-0.2682,19757
16.11,2nd Item,6655,Luden's Echo,-1.0121,4311
16.11,2nd Item,6657,Rod of Ages,0.7593,1912
16.11,3rd Item,2504,Kaenic Rookern,2.6134,169
16.11,3rd Item,2522,Actualizer,3.8991,222
16.11,3rd Item,3003,Archangel's Staff,0.8776,2350
16.11,3rd Item,3041,Mejai's Soulstealer,-0.6044,571
16.11,3rd Item,3089,Rabadon's Deathcap,0.0686,37986
16.11,3rd Item,3102,Banshee's Veil,0.1912,1716
16.11,3rd Item,3110,Frozen Heart,-2.1448,133
16.11,3rd Item,3119,Winter's Approach,3.3652,103
16.11,3rd Item,3135,Void Staff,0.2726,2985
16.11,3rd Item,3137,Cryptbloom,2.6467,2715
16.11,3rd Item,3152,Hextech Rocketbelt,1.3138,508
16.11,3rd Item,3157,Zhonya's Hourglass,-1.1265,7580
16.11,3rd Item,3165,Morellonomicon,-1.2142,380
16.11,3rd Item,3742,Dead Man's Plate,0.4373,175
16.11,3rd Item,4629,Cosmic Drive,-1.9598,194
16.11,3rd Item,4645,Shadowflame,-0.4138,4772
16.11,3rd Item,4646,Stormsurge,-0.4634,4698
16.11,3rd Item,6655,Luden's Echo,-0.4614,980
16.11,3rd Item,6657,Rod of Ages,-2.7458,337
16.11,4th+ Item,2504,Kaenic Rookern,1.4718,328
16.11,4th+ Item,3003,Archangel's Staff,1.6786,748
16.11,4th+ Item,3041,Mejai's Soulstealer,0.8755,904
16.11,4th+ Item,3089,Rabadon's Deathcap,0.4713,7416
16.11,4th+ Item,3102,Banshee's Veil,0.7932,3790
16.11,4th+ Item,3110,Frozen Heart,-2.9917,171
16.11,4th+ Item,3119,Winter's Approach,1.3144,102
16.11,4th+ Item,3135,Void Staff,0.5003,6400
16.11,4th+ Item,3137,Cryptbloom,1.8409,3153
16.11,4th+ Item,3143,Randuin's Omen,-1.9977,281
16.11,4th+ Item,3152,Hextech Rocketbelt,1.6137,622
16.11,4th+ Item,3157,Zhonya's Hourglass,-0.7316,10910
16.11,4th+ Item,3165,Morellonomicon,0.6868,673
16.11,4th+ Item,3742,Dead Man's Plate,1.2674,419
16.11,4th+ Item,4401,Force of Nature,9.0977,116
16.11,4th+ Item,4629,Cosmic Drive,-0.1906,244
16.11,4th+ Item,4645,Shadowflame,-1.3126,7209
16.11,4th+ Item,4646,Stormsurge,-0.2208,2355
16.11,4th+ Item,6655,Luden's Echo,-2.8101,363
16.11,4th+ Item,6657,Rod of Ages,-2.1717,184
16.11,4th+ Item,6665,"Jak'Sho, The Protean",-2.7677,259
16.11,All Items,2065,Shurelya's Battlesong,1.5064,940
16.11,All Items,2503,Blackfire Torch,1.996,572
16.11,All Items,2504,Kaenic Rookern,3.0208,793
16.11,All Items,2522,Actualizer,1.2206,529
16.11,All Items,3003,Archangel's Staff,1.046,44823
16.11,All Items,3041,Mejai's Soulstealer,0.4427,1816
16.11,All Items,3075,Thornmail,-3.8565,116
16.11,All Items,3089,Rabadon's Deathcap,-0.0722,57850
16.11,All Items,3100,Lich Bane,1.2222,105
16.11,All Items,3102,Banshee's Veil,0.344,6450
16.11,All Items,3110,Frozen Heart,-1.636,456
16.11,All Items,3116,Rylai's Crystal Scepter,1.1763,173
16.11,All Items,3118,Malignance,-3.6521,474
16.11,All Items,3119,Winter's Approach,1.4903,638
16.11,All Items,3135,Void Staff,0.3785,10170
16.11,All Items,3137,Cryptbloom,2.3519,8943
16.11,All Items,3143,Randuin's Omen,-0.7801,393
16.11,All Items,3152,Hextech Rocketbelt,1.3299,6450
16.11,All Items,3157,Zhonya's Hourglass,-0.9793,23173
16.11,All Items,3165,Morellonomicon,-0.1095,1241
16.11,All Items,3742,Dead Man's Plate,0.2452,684
16.11,All Items,4005,Imperial Mandate,3.4265,156
16.11,All Items,4401,Force of Nature,0.6655,243
16.11,All Items,4628,Horizon Focus,-2.0733,162
16.11,All Items,4629,Cosmic Drive,-0.107,881
16.11,All Items,4645,Shadowflame,-1.5214,19602
16.11,All Items,4646,Stormsurge,-0.2631,27469
16.11,All Items,6653,Liandry's Torment,-0.2077,257
16.11,All Items,6655,Luden's Echo,-0.6843,46731
16.11,All Items,6657,Rod of Ages,0.2102,43726
16.11,All Items,6665,"Jak'Sho, The Protean",-1.8408,354
16.11,All Items,8020,Abyssal Mask,-2.9859,245
16.12,Keystone,8369,First Strike,0.8103,43849
16.12,Keystone,8230,Stormraider's Surge,3.4414,2739
16.12,Keystone,8214,Summon Aery,2.7319,6362
16.12,Keystone,8360,Unsealed Spellbook,4.0752,1466
16.12,Keystone,8437,Grasp of the Undying,-9.8274,121
16.12,Keystone,8229,Arcane Comet,-1.7762,31990
16.12,Keystone,8992,Deathfire Touch,-0.8051,1655
16.12,Keystone,8128,Dark Harvest,0.3172,1552
16.12,Keystone,8112,Electrocute,-0.9972,8235
16.12,Keystone,8351,Glacial Augment,0.9305,159
16.12,Spell,1,Cleanse,-1.1984,186
16.12,Spell,3,Exhaust,-1.1663,1858
16.12,Spell,4,Flash,0.0015,98329
16.12,Spell,6,Ghost,3.4657,1762
16.12,Spell,7,Heal,-1.0512,309
16.12,Spell,12,Teleport,-0.0268,84624
16.12,Spell,14,Ignite,-1.7402,3421
16.12,Spell,21,Barrier,0.7499,6239
16.12,Starter,1027,Sapphire Crystal,-1.4131,550
16.12,Starter,1054,Doran's Shield,-5.9044,111
16.12,Starter,1056,Doran's Ring,0.1591,81419
16.12,Starter,1082,Dark Seal,4.4281,261
16.12,Starter,1120,Doran's Helm,0.2024,374
16.12,Starter,3070,Tear of the Goddess,-0.7724,15260
16.12,Boots,3008,Gluttonous Greaves,-1.6737,381
16.12,Boots,3009,Boots of Swiftness,-0.0704,3315
16.12,Boots,3020,Sorcerer's Shoes,0.5854,66280
16.12,Boots,3047,Plated Steelcaps,2.1425,2934
16.12,Boots,3111,Mercury's Treads,0.1798,7968
16.12,Boots,3158,Ionian Boots of Lucidity,0.5011,15943
16.12,1st Item,2065,Shurelya's Battlesong,5.9761,219
16.12,1st Item,2503,Blackfire Torch,3.1859,344
16.12,1st Item,2504,Kaenic Rookern,2.5805,189
16.12,1st Item,3003,Archangel's Staff,0.6029,9973
16.12,1st Item,3089,Rabadon's Deathcap,5.7215,213
16.12,1st Item,3118,Malignance,-2.6756,302
16.12,1st Item,3119,Winter's Approach,1.7526,173
16.12,1st Item,3152,Hextech Rocketbelt,0.6765,2893
16.12,1st Item,3157,Zhonya's Hourglass,2.7542,411
16.12,1st Item,4646,Stormsurge,-0.3825,471
16.12,1st Item,6655,Luden's Echo,-0.6365,41935
16.12,1st Item,6657,Rod of Ages,0.3792,40188
16.12,2nd Item,2065,Shurelya's Battlesong,2.2089,545
16.12,2nd Item,2504,Kaenic Rookern,0.7225,180
16.12,2nd Item,2522,Actualizer,-2.8156,106
16.12,2nd Item,3003,Archangel's Staff,1.2183,30412
16.12,2nd Item,3041,Mejai's Soulstealer,2.4953,248
16.12,2nd Item,3089,Rabadon's Deathcap,-0.2137,12201
16.12,2nd Item,3102,Banshee's Veil,-0.5371,888
16.12,2nd Item,3118,Malignance,-3.4654,111
16.12,2nd Item,3119,Winter's Approach,0.5023,193
16.12,2nd Item,3135,Void Staff,-0.9937,679
16.12,2nd Item,3137,Cryptbloom,2.3834,3118
16.12,2nd Item,3152,Hextech Rocketbelt,0.6105,2518
16.12,2nd Item,3157,Zhonya's Hourglass,-2.3929,4213
16.12,2nd Item,3165,Morellonomicon,0.8061,135
16.12,2nd Item,4629,Cosmic Drive,-0.9133,431
16.12,2nd Item,4645,Shadowflame,-1.8363,7725
16.12,2nd Item,4646,Stormsurge,-0.6256,20683
16.12,2nd Item,6655,Luden's Echo,-1.5006,4169
16.12,2nd Item,6657,Rod of Ages,0.7726,1920
16.12,3rd Item,2065,Shurelya's Battlesong,9.9197,104
16.12,3rd Item,2504,Kaenic Rookern,0.8098,198
16.12,3rd Item,2522,Actualizer,6.5622,180
16.12,3rd Item,3003,Archangel's Staff,-0.1616,2071
16.12,3rd Item,3041,Mejai's Soulstealer,-0.645,605
16.12,3rd Item,3089,Rabadon's Deathcap,0.1832,37829
16.12,3rd Item,3102,Banshee's Veil,-0.6132,1702
16.12,3rd Item,3110,Frozen Heart,0.5596,122
16.12,3rd Item,3135,Void Staff,1.2657,3002
16.12,3rd Item,3137,Cryptbloom,1.2782,2558
16.12,3rd Item,3152,Hextech Rocketbelt,0.367,856
16.12,3rd Item,3157,Zhonya's Hourglass,-1.1748,7798
16.12,3rd Item,3165,Morellonomicon,-0.1874,253
16.12,3rd Item,3742,Dead Man's Plate,1.9385,203
16.12,3rd Item,4629,Cosmic Drive,-2.5395,195
16.12,3rd Item,4645,Shadowflame,-0.5668,4747
16.12,3rd Item,4646,Stormsurge,-0.266,4817
16.12,3rd Item,6655,Luden's Echo,-1.0276,988
16.12,3rd Item,6657,Rod of Ages,-1.6905,317
16.12,4th+ Item,2065,Shurelya's Battlesong,1.0209,111
16.12,4th+ Item,2504,Kaenic Rookern,1.7151,378
16.12,4th+ Item,3003,Archangel's Staff,-0.2692,700
16.12,4th+ Item,3041,Mejai's Soulstealer,-0.5533,904
16.12,4th+ Item,3089,Rabadon's Deathcap,0.3501,7334
16.12,4th+ Item,3102,Banshee's Veil,0.505,3864
16.12,4th+ Item,3110,Frozen Heart,1.4496,185
16.12,4th+ Item,3135,Void Staff,0.5591,6394
16.12,4th+ Item,3137,Cryptbloom,1.2862,3196
16.12,4th+ Item,3143,Randuin's Omen,2.6799,346
16.12,4th+ Item,3152,Hextech Rocketbelt,0.4982,646
16.12,4th+ Item,3157,Zhonya's Hourglass,-0.7389,11037
16.12,4th+ Item,3165,Morellonomicon,-0.2078,631
16.12,4th+ Item,3742,Dead Man's Plate,1.0682,435
16.12,4th+ Item,4401,Force of Nature,2.5331,143
16.12,4th+ Item,4629,Cosmic Drive,-0.7595,242
16.12,4th+ Item,4645,Shadowflame,-0.6559,7239
16.12,4th+ Item,4646,Stormsurge,-0.836,2515
16.12,4th+ Item,6655,Luden's Echo,-0.1966,300
16.12,4th+ Item,6657,Rod of Ages,-5.915,166
16.12,4th+ Item,6665,"Jak'Sho, The Protean",3.4959,242
16.12,All Items,2065,Shurelya's Battlesong,3.7668,981
16.12,All Items,2503,Blackfire Torch,2.384,459
16.12,All Items,2504,Kaenic Rookern,1.4514,955
16.12,All Items,2522,Actualizer,3.3474,399
16.12,All Items,3003,Archangel's Staff,0.9855,43159
16.12,All Items,3041,Mejai's Soulstealer,-0.2194,1777
16.12,All Items,3089,Rabadon's Deathcap,0.1405,57606
16.12,All Items,3102,Banshee's Veil,0.0662,6559
16.12,All Items,3110,Frozen Heart,2.5793,449
16.12,All Items,3116,Rylai's Crystal Scepter,-4.1854,138
16.12,All Items,3118,Malignance,-2.6352,513
16.12,All Items,3119,Winter's Approach,1.4104,519
16.12,All Items,3135,Void Staff,0.6467,10169
16.12,All Items,3137,Cryptbloom,1.6601,8993
16.12,All Items,3143,Randuin's Omen,3.4632,489
16.12,All Items,3152,Hextech Rocketbelt,0.6067,6922
16.12,All Items,3157,Zhonya's Hourglass,-1.1107,23535
16.12,All Items,3165,Morellonomicon,-0.1072,1037
16.12,All Items,3742,Dead Man's Plate,0.7619,743
16.12,All Items,4005,Imperial Mandate,-0.6265,147
16.12,All Items,4401,Force of Nature,2.3296,266
16.12,All Items,4628,Horizon Focus,-1.313,179
16.12,All Items,4629,Cosmic Drive,-1.4637,925
16.12,All Items,4645,Shadowflame,-1.0852,19836
16.12,All Items,4646,Stormsurge,-0.5768,28512
16.12,All Items,6653,Liandry's Torment,-4.6053,240
16.12,All Items,6655,Luden's Echo,-0.7197,47398
16.12,All Items,6657,Rod of Ages,0.357,42591
16.12,All Items,6665,"Jak'Sho, The Protean",2.5731,348
16.12,All Items,8020,Abyssal Mask,2.4061,249
16.13,Keystone,8369,First Strike,0.9381,61281
16.13,Keystone,8230,Stormraider's Surge,2.8609,3770
16.13,Keystone,8214,Summon Aery,2.1173,8859
16.13,Keystone,8021,Fleet Footwork,-6.6277,146
16.13,Keystone,8360,Unsealed Spellbook,4.0348,2134
16.13,Keystone,8437,Grasp of the Undying,-3.0643,170
16.13,Keystone,8229,Arcane Comet,-1.872,44838
16.13,Keystone,8992,Deathfire Touch,1.4039,2073
16.13,Keystone,8128,Dark Harvest,-2.0945,1991
16.13,Keystone,8112,Electrocute,-0.6692,10753
16.13,Keystone,8351,Glacial Augment,-0.4982,212
16.13,Spell,1,Cleanse,-2.221,222
16.13,Spell,3,Exhaust,0.7598,2662
16.13,Spell,4,Flash,0.0024,136382
16.13,Spell,6,Ghost,1.5011,2536
16.13,Spell,7,Heal,-1.6679,425
16.13,Spell,12,Teleport,-0.0668,116947
16.13,Spell,14,Ignite,-0.8918,5045
16.13,Spell,21,Barrier,0.8457,8687
16.13,Starter,1027,Sapphire Crystal,-1.6257,622
16.13,Starter,1054,Doran's Shield,4.0849,218
16.13,Starter,1056,Doran's Ring,0.1984,112800
16.13,Starter,1082,Dark Seal,-4.1407,380
16.13,Starter,1120,Doran's Helm,1.7847,403
16.13,Starter,3070,Tear of the Goddess,-0.9796,21549
16.13,Boots,3008,Gluttonous Greaves,-4.2663,405
16.13,Boots,3009,Boots of Swiftness,0.9309,4397
16.13,Boots,3020,Sorcerer's Shoes,0.159,90943
16.13,Boots,3047,Plated Steelcaps,1.4223,3778
16.13,Boots,3111,Mercury's Treads,0.6733,11580
16.13,Boots,3158,Ionian Boots of Lucidity,1.5209,23255
16.13,1st Item,2065,Shurelya's Battlesong,-1.5093,314
16.13,1st Item,2503,Blackfire Torch,-1.7103,498
16.13,1st Item,2504,Kaenic Rookern,-2.0288,205
16.13,1st Item,3003,Archangel's Staff,0.5761,13716
16.13,1st Item,3089,Rabadon's Deathcap,0.9285,307
16.13,1st Item,3118,Malignance,-2.3312,402
16.13,1st Item,3119,Winter's Approach,0.3156,281
16.13,1st Item,3137,Cryptbloom,-1.0829,106
16.13,1st Item,3152,Hextech Rocketbelt,2.5055,4323
16.13,1st Item,3157,Zhonya's Hourglass,-1.0805,514
16.13,1st Item,4645,Shadowflame,-2.8906,110
16.13,1st Item,4646,Stormsurge,2.0077,551
16.13,1st Item,6655,Luden's Echo,-0.7868,54950
16.13,1st Item,6657,Rod of Ages,0.4196,59051
16.13,2nd Item,2065,Shurelya's Battlesong,1.4756,751
16.13,2nd Item,2503,Blackfire Torch,-3.189,126
16.13,2nd Item,2504,Kaenic Rookern,-0.0836,228
16.13,2nd Item,2522,Actualizer,-1.1456,135
16.13,2nd Item,3003,Archangel's Staff,1.2524,44221
16.13,2nd Item,3041,Mejai's Soulstealer,-1.4102,320
16.13,2nd Item,3089,Rabadon's Deathcap,-0.7449,17469
16.13,2nd Item,3102,Banshee's Veil,-0.5255,1270
16.13,2nd Item,3110,Frozen Heart,9.2615,120
16.13,2nd Item,3118,Malignance,-1.4379,184
16.13,2nd Item,3119,Winter's Approach,1.0482,331
16.13,2nd Item,3135,Void Staff,1.5193,1092
16.13,2nd Item,3137,Cryptbloom,2.0766,4039
16.13,2nd Item,3152,Hextech Rocketbelt,0.3875,3987
16.13,2nd Item,3157,Zhonya's Hourglass,-2.3625,5680
16.13,2nd Item,3165,Morellonomicon,-5.0549,148
16.13,2nd Item,4005,Imperial Mandate,6.2933,115
16.13,2nd Item,4629,Cosmic Drive,-0.7683,524
16.13,2nd Item,4645,Shadowflame,-1.8845,10377
16.13,2nd Item,4646,Stormsurge,-0.6988,26336
16.13,2nd Item,6653,Liandry's Torment,0.8783,107
16.13,2nd Item,6655,Luden's Echo,-0.7989,5589
16.13,2nd Item,6657,Rod of Ages,0.286,2570
16.13,3rd Item,2065,Shurelya's Battlesong,-3.3355,143
16.13,3rd Item,2504,Kaenic Rookern,4.7032,293
16.13,3rd Item,2522,Actualizer,-0.4169,234
16.13,3rd Item,3003,Archangel's Staff,0.3112,3045
16.13,3rd Item,3041,Mejai's Soulstealer,2.2748,767
16.13,3rd Item,3089,Rabadon's Deathcap,0.406,51171
16.13,3rd Item,3102,Banshee's Veil,0.2914,2388
16.13,3rd Item,3110,Frozen Heart,0.1386,196
16.13,3rd Item,3119,Winter's Approach,7.7531,154
16.13,3rd Item,3135,Void Staff,-0.3256,4214
16.13,3rd Item,3137,Cryptbloom,1.8086,3854
16.13,3rd Item,3143,Randuin's Omen,1.2409,122
16.13,3rd Item,3152,Hextech Rocketbelt,-0.1043,1238
16.13,3rd Item,3157,Zhonya's Hourglass,-1.6815,10954
16.13,3rd Item,3165,Morellonomicon,-1.9297,367
16.13,3rd Item,3742,Dead Man's Plate,-0.7012,293
16.13,3rd Item,4629,Cosmic Drive,1.3215,284
16.13,3rd Item,4645,Shadowflame,-1.2264,6943
16.13,3rd Item,4646,Stormsurge,-0.191,6923
16.13,3rd Item,6655,Luden's Echo,-1.7107,1397
16.13,3rd Item,6657,Rod of Ages,-1.9503,403
16.13,3rd Item,6665,"Jak'Sho, The Protean",6.7825,125
16.13,4th+ Item,2065,Shurelya's Battlesong,1.072,144
16.13,4th+ Item,2504,Kaenic Rookern,0.8614,493
16.13,4th+ Item,3003,Archangel's Staff,2.2532,948
16.13,4th+ Item,3041,Mejai's Soulstealer,-0.9523,1234
16.13,4th+ Item,3089,Rabadon's Deathcap,-0.1869,10602
16.13,4th+ Item,3102,Banshee's Veil,0.6813,5281
16.13,4th+ Item,3110,Frozen Heart,3.0908,263
16.13,4th+ Item,3119,Winter's Approach,3.3632,170
16.13,4th+ Item,3135,Void Staff,0.4715,9368
16.13,4th+ Item,3137,Cryptbloom,1.8046,4407
16.13,4th+ Item,3143,Randuin's Omen,3.6008,425
16.13,4th+ Item,3152,Hextech Rocketbelt,-1.9644,956
16.13,4th+ Item,3157,Zhonya's Hourglass,-0.4908,15175
16.13,4th+ Item,3165,Morellonomicon,-0.8273,858
16.13,4th+ Item,3742,Dead Man's Plate,1.5936,585
16.13,4th+ Item,4401,Force of Nature,1.3679,235
16.13,4th+ Item,4629,Cosmic Drive,-0.6969,346
16.13,4th+ Item,4645,Shadowflame,-0.6779,9792
16.13,4th+ Item,4646,Stormsurge,-0.7127,3179
16.13,4th+ Item,6655,Luden's Echo,0.304,454
16.13,4th+ Item,6657,Rod of Ages,-8.496,210
16.13,4th+ Item,6665,"Jak'Sho, The Protean",0.9824,350
16.13,4th+ Item,8020,Abyssal Mask,3.5624,125
16.13,All Items,2065,Shurelya's Battlesong,0.2435,1355
16.13,All Items,2503,Blackfire Torch,-2.1137,694
16.13,All Items,2504,Kaenic Rookern,1.0638,1228
16.13,All Items,2522,Actualizer,1.0629,515
16.13,All Items,3003,Archangel's Staff,1.0706,61933
16.13,All Items,3041,Mejai's Soulstealer,0.0549,2339
16.13,All Items,3075,Thornmail,-0.8396,137
16.13,All Items,3083,Warmog's Armor,-3.1334,111
16.13,All Items,3089,Rabadon's Deathcap,0.0764,79583
16.13,All Items,3100,Lich Bane,-0.3642,112
16.13,All Items,3102,Banshee's Veil,0.373,9075
16.13,All Items,3110,Frozen Heart,3.7032,639
16.13,All Items,3116,Rylai's Crystal Scepter,5.6544,167
16.13,All Items,3118,Malignance,-2.8613,716
16.13,All Items,3119,Winter's Approach,2.3974,937
16.13,All Items,3135,Void Staff,0.3278,14791
16.13,All Items,3137,Cryptbloom,1.8834,12433
16.13,All Items,3143,Randuin's Omen,3.2242,623
16.13,All Items,3152,Hextech Rocketbelt,0.9583,10522
16.13,All Items,3157,Zhonya's Hourglass,-1.2249,32439
16.13,All Items,3165,Morellonomicon,-1.4802,1388
16.13,All Items,3742,Dead Man's Plate,1.0211,977
16.13,All Items,4005,Imperial Mandate,2.2942,267
16.13,All Items,4401,Force of Nature,2.1332,397
16.13,All Items,4628,Horizon Focus,0.2899,226
16.13,All Items,4629,Cosmic Drive,0.3386,1244
16.13,All Items,4645,Shadowflame,-1.2862,27302
16.13,All Items,4646,Stormsurge,-0.5615,37016
16.13,All Items,6653,Liandry's Torment,-0.0352,303
16.13,All Items,6655,Luden's Echo,-0.8005,62402
16.13,All Items,6657,Rod of Ages,0.3686,62235
16.13,All Items,6665,"Jak'Sho, The Protean",1.6746,531
16.13,All Items,8020,Abyssal Mask,3.9145,373
16.14,Keystone,8369,First Strike,0.9255,39445
16.14,Keystone,8230,Stormraider's Surge,2.8753,2237
16.14,Keystone,8214,Summon Aery,2.1397,6111
16.14,Keystone,8360,Unsealed Spellbook,4.3832,1378
16.14,Keystone,8437,Grasp of the Undying,-7.0594,101
16.14,Keystone,8229,Arcane Comet,-1.5465,29127
16.14,Keystone,8992,Deathfire Touch,-2.1948,1183
16.14,Keystone,8128,Dark Harvest,-2.0297,1226
16.14,Keystone,8112,Electrocute,-1.4814,6838
16.14,Spell,1,Cleanse,-3.1891,137
16.14,Spell,3,Exhaust,0.6206,1739
16.14,Spell,4,Flash,0.0129,87890
16.14,Spell,6,Ghost,2.5238,1602
16.14,Spell,7,Heal,2.0666,307
16.14,Spell,12,Teleport,-0.0215,75589
16.14,Spell,14,Ignite,-1.7064,3120
16.14,Spell,21,Barrier,0.0884,5538
16.14,Starter,1027,Sapphire Crystal,-2.5383,433
16.14,Starter,1054,Doran's Shield,-2.8937,110
16.14,Starter,1056,Doran's Ring,0.0519,72732
16.14,Starter,1082,Dark Seal,5.6942,246
16.14,Starter,1086,Doran's Bow,-1.8723,117
16.14,Starter,1120,Doran's Helm,2.0642,252
16.14,Starter,3070,Tear of the Goddess,-0.2547,13743
16.14,Boots,3008,Gluttonous Greaves,-3.4849,192
16.14,Boots,3009,Boots of Swiftness,1.1981,3034
16.14,Boots,3020,Sorcerer's Shoes,0.2432,58867
16.14,Boots,3047,Plated Steelcaps,1.1137,2517
16.14,Boots,3111,Mercury's Treads,0.9182,7374
16.14,Boots,3158,Ionian Boots of Lucidity,0.2089,14647
16.14,1st Item,2065,Shurelya's Battlesong,-2.0881,210
16.14,1st Item,2503,Blackfire Torch,-3.3758,260
16.14,1st Item,3003,Archangel's Staff,1.1467,9038
16.14,1st Item,3089,Rabadon's Deathcap,-3.8423,157
16.14,1st Item,3118,Malignance,3.673,217
16.14,1st Item,3119,Winter's Approach,3.5543,173
16.14,1st Item,3152,Hextech Rocketbelt,-0.0402,2120
16.14,1st Item,3157,Zhonya's Hourglass,0.9784,305
16.14,1st Item,4629,Cosmic Drive,4.6117,113
16.14,1st Item,4646,Stormsurge,-0.8276,260
16.14,1st Item,6655,Luden's Echo,-0.7667,35261
16.14,1st Item,6657,Rod of Ages,0.4543,38976
16.14,2nd Item,2065,Shurelya's Battlesong,1.9779,456
16.14,2nd Item,2503,Blackfire Torch,-2.6943,111
16.14,2nd Item,2504,Kaenic Rookern,-2.7385,192
16.14,2nd Item,3003,Archangel's Staff,1.2689,28391
16.14,2nd Item,3041,Mejai's Soulstealer,1.3307,257
16.14,2nd Item,3089,Rabadon's Deathcap,-0.4271,11670
16.14,2nd Item,3102,Banshee's Veil,0.6393,801
16.14,2nd Item,3118,Malignance,-10.3266,102
16.14,2nd Item,3119,Winter's Approach,-2.4072,254
16.14,2nd Item,3135,Void Staff,1.6193,702
16.14,2nd Item,3137,Cryptbloom,2.1804,2758
16.14,2nd Item,3152,Hextech Rocketbelt,0.7509,1995
16.14,2nd Item,3157,Zhonya's Hourglass,-2.4129,3623
16.14,2nd Item,3165,Morellonomicon,1.5355,162
16.14,2nd Item,4629,Cosmic Drive,3.0691,357
16.14,2nd Item,4645,Shadowflame,-2.2982,6666
16.14,2nd Item,4646,Stormsurge,-0.6652,16935
16.14,2nd Item,6655,Luden's Echo,-0.5938,3721
16.14,2nd Item,6657,Rod of Ages,-0.2074,1695
16.14,3rd Item,2065,Shurelya's Battlesong,-6.6285,126
16.14,3rd Item,2504,Kaenic Rookern,2.436,157
16.14,3rd Item,2522,Actualizer,-2.1978,122
16.14,3rd Item,3003,Archangel's Staff,0.3445,1920
16.14,3rd Item,3041,Mejai's Soulstealer,0.4974,549
16.14,3rd Item,3089,Rabadon's Deathcap,0.0664,33381
16.14,3rd Item,3102,Banshee's Veil,2.0946,1466
16.14,3rd Item,3110,Frozen Heart,-0.8691,109
16.14,3rd Item,3135,Void Staff,0.7733,2848
16.14,3rd Item,3137,Cryptbloom,2.4061,2740
16.14,3rd Item,3152,Hextech Rocketbelt,1.7319,802
16.14,3rd Item,3157,Zhonya's Hourglass,-0.9451,7090
16.14,3rd Item,3165,Morellonomicon,0.2736,249
16.14,3rd Item,3742,Dead Man's Plate,4.8688,151
16.14,3rd Item,4629,Cosmic Drive,-0.3862,236
16.14,3rd Item,4645,Shadowflame,-1.2636,4253
16.14,3rd Item,4646,Stormsurge,-1.1161,4120
16.14,3rd Item,6655,Luden's Echo,-0.9491,704
16.14,3rd Item,6657,Rod of Ages,-1.9537,262
16.14,4th+ Item,2065,Shurelya's Battlesong,2.6023,115
16.14,4th+ Item,2504,Kaenic Rookern,-0.5582,378
16.14,4th+ Item,3003,Archangel's Staff,2.1614,591
16.14,4th+ Item,3041,Mejai's Soulstealer,-2.2467,817
16.14,4th+ Item,3089,Rabadon's Deathcap,0.4567,6776
16.14,4th+ Item,3102,Banshee's Veil,0.8646,3346
16.14,4th+ Item,3110,Frozen Heart,0.7496,188
16.14,4th+ Item,3135,Void Staff,0.8494,6170
16.14,4th+ Item,3137,Cryptbloom,1.3018,2824
16.14,4th+ Item,3143,Randuin's Omen,-0.3677,257
16.14,4th+ Item,3152,Hextech Rocketbelt,-0.9617,624
16.14,4th+ Item,3157,Zhonya's Hourglass,-0.6504,10040
16.14,4th+ Item,3165,Morellonomicon,-1.6136,596
16.14,4th+ Item,3742,Dead Man's Plate,-1.0073,370
16.14,4th+ Item,4401,Force of Nature,1.3088,152
16.14,4th+ Item,4629,Cosmic Drive,0.2849,219
16.14,4th+ Item,4645,Shadowflame,-0.9626,6424
16.14,4th+ Item,4646,Stormsurge,-0.0953,2192
16.14,4th+ Item,6655,Luden's Echo,0.2391,335
16.14,4th+ Item,6657,Rod of Ages,-2.9869,148
16.14,4th+ Item,6665,"Jak'Sho, The Protean",0.5198,207
16.14,4th+ Item,8020,Abyssal Mask,-0.2256,107
16.14,All Items,2065,Shurelya's Battlesong,-0.08,907
16.14,All Items,2503,Blackfire Torch,-3.7271,413
16.14,All Items,2504,Kaenic Rookern,-0.209,827
16.14,All Items,2522,Actualizer,-2.2148,290
16.14,All Items,3003,Archangel's Staff,1.2082,39949
16.14,All Items,3041,Mejai's Soulstealer,-0.8575,1646
16.14,All Items,3089,Rabadon's Deathcap,-0.0024,52008
16.14,All Items,3102,Banshee's Veil,1.2057,5722
16.14,All Items,3110,Frozen Heart,-1.4648,434
16.14,All Items,3118,Malignance,0.4683,406
16.14,All Items,3119,Winter's Approach,1.2658,606
16.14,All Items,3135,Void Staff,0.8703,9791
16.14,All Items,3137,Cryptbloom,1.9671,8363
16.14,All Items,3143,Randuin's Omen,0.6907,385
16.14,All Items,3152,Hextech Rocketbelt,0.4083,5551
16.14,All Items,3157,Zhonya's Hourglass,-1.0312,21134
16.14,All Items,3165,Morellonomicon,-0.7549,1017
16.14,All Items,3742,Dead Man's Plate,0.4547,597
16.14,All Items,4005,Imperial Mandate,0.0561,150
16.14,All Items,4401,Force of Nature,-0.0338,269
16.14,All Items,4628,Horizon Focus,0.6827,130
16.14,All Items,4629,Cosmic Drive,1.6909,938
16.14,All Items,4645,Shadowflame,-1.5723,17497
16.14,All Items,4646,Stormsurge,-0.6904,23527
16.14,All Items,6653,Liandry's Torment,-0.6266,156
16.14,All Items,6655,Luden's Echo,-0.7461,40030
16.14,All Items,6657,Rod of Ages,0.3992,41082
16.14,All Items,6665,"Jak'Sho, The Protean",2.1729,330
16.14,All Items,8020,Abyssal Mask,-1.9453,235
16.15,Keystone,8369,First Strike,0.8534,47584
16.15,Keystone,8230,Stormraider's Surge,2.7665,3447
16.15,Keystone,8214,Summon Aery,1.2199,7016
16.15,Keystone,8360,Unsealed Spellbook,3.8594,1732
16.15,Keystone,8229,Arcane Comet,-1.5116,35140
16.15,Keystone,8992,Deathfire Touch,1.6998,1264
16.15,Keystone,8128,Dark Harvest,-2.6923,1379
16.15,Keystone,8112,Electrocute,-1.1643,7794
16.15,Keystone,8351,Glacial Augment,-4.6626,105
16.15,Spell,1,Cleanse,2.2597,151
16.15,Spell,3,Exhaust,1.1094,1925
16.15,Spell,4,Flash,-0.0022,105735
16.15,Spell,6,Ghost,3.2168,1606
16.15,Spell,7,Heal,3.3538,314
16.15,Spell,12,Teleport,-0.1124,92261
16.15,Spell,14,Ignite,-2.3192,3375
16.15,Spell,21,Barrier,1.5715,6193
16.15,Starter,1027,Sapphire Crystal,0.429,433
16.15,Starter,1054,Doran's Shield,-7.4787,119
16.15,Starter,1056,Doran's Ring,0.1601,87350
16.15,Starter,1082,Dark Seal,-2.6768,242
16.15,Starter,1086,Doran's Bow,4.8771,133
16.15,Starter,1120,Doran's Helm,0.9042,335
16.15,Starter,3070,Tear of the Goddess,-0.829,16747
16.15,Boots,3008,Gluttonous Greaves,3.1157,209
16.15,Boots,3009,Boots of Swiftness,0.7673,3703
16.15,Boots,3020,Sorcerer's Shoes,0.3957,69245
16.15,Boots,3047,Plated Steelcaps,1.5521,3158
16.15,Boots,3111,Mercury's Treads,0.8823,8866
16.15,Boots,3158,Ionian Boots of Lucidity,1.0417,18893
16.15,1st Item,2065,Shurelya's Battlesong,3.6835,294
16.15,1st Item,2503,Blackfire Torch,0.0888,406
16.15,1st Item,2504,Kaenic Rookern,4.8684,143
16.15,1st Item,3003,Archangel's Staff,-0.4361,10386
16.15,1st Item,3089,Rabadon's Deathcap,-1.3978,283
16.15,1st Item,3118,Malignance,-6.2204,278
16.15,1st Item,3119,Winter's Approach,2.4363,207
16.15,1st Item,3152,Hextech Rocketbelt,1.8273,2748
16.15,1st Item,3157,Zhonya's Hourglass,-2.9547,456
16.15,1st Item,4629,Cosmic Drive,-3.2854,183
16.15,1st Item,4646,Stormsurge,0.633,331
16.15,1st Item,6655,Luden's Echo,-0.5101,39203
16.15,1st Item,6657,Rod of Ages,0.4158,49950
16.15,2nd Item,2065,Shurelya's Battlesong,1.1013,781
16.15,2nd Item,2503,Blackfire Torch,-1.197,263
16.15,2nd Item,2504,Kaenic Rookern,4.5223,167
16.15,2nd Item,2522,Actualizer,1.5903,111
16.15,2nd Item,3003,Archangel's Staff,1.1383,38548
16.15,2nd Item,3041,Mejai's Soulstealer,-3.3169,328
16.15,2nd Item,3089,Rabadon's Deathcap,-0.4478,13120
16.15,2nd Item,3102,Banshee's Veil,-0.6067,903
16.15,2nd Item,3118,Malignance,-1.1158,109
16.15,2nd Item,3119,Winter's Approach,-1.3673,269
16.15,2nd Item,3135,Void Staff,-1.3069,697
16.15,2nd Item,3137,Cryptbloom,0.8288,2979
16.15,2nd Item,3152,Hextech Rocketbelt,2.2781,2364
16.15,2nd Item,3157,Zhonya's Hourglass,-3.0135,4263
16.15,2nd Item,3165,Morellonomicon,-1.9625,130
16.15,2nd Item,4629,Cosmic Drive,1.8933,443
16.15,2nd Item,4645,Shadowflame,-2.0291,7677
16.15,2nd Item,4646,Stormsurge,-0.6758,18009
16.15,2nd Item,6655,Luden's Echo,-0.9326,4246
16.15,2nd Item,6657,Rod of Ages,0.5542,2207
16.15,3rd Item,2065,Shurelya's Battlesong,1.0245,129
16.15,3rd Item,2504,Kaenic Rookern,4.67,196
16.15,3rd Item,2522,Actualizer,1.836,105
16.15,3rd Item,3003,Archangel's Staff,0.1063,2243
16.15,3rd Item,3041,Mejai's Soulstealer,1.9116,679
16.15,3rd Item,3089,Rabadon's Deathcap,0.2012,39788
16.15,3rd Item,3102,Banshee's Veil,0.9713,1790
16.15,3rd Item,3110,Frozen Heart,2.8573,140
16.15,3rd Item,3135,Void Staff,0.2349,3131
16.15,3rd Item,3137,Cryptbloom,1.165,3710
16.15,3rd Item,3152,Hextech Rocketbelt,1.127,832
16.15,3rd Item,3157,Zhonya's Hourglass,-1.367,8557
16.15,3rd Item,3165,Morellonomicon,-4.3665,244
16.15,3rd Item,3742,Dead Man's Plate,-0.1725,198
16.15,3rd Item,4629,Cosmic Drive,3.0959,329
16.15,3rd Item,4645,Shadowflame,-0.9045,5107
16.15,3rd Item,4646,Stormsurge,0.0398,5257
16.15,3rd Item,6655,Luden's Echo,-3.1226,1024
16.15,3rd Item,6657,Rod of Ages,1.2857,361
16.15,4th+ Item,2065,Shurelya's Battlesong,3.3935,104
16.15,4th+ Item,2504,Kaenic Rookern,2.7976,398
16.15,4th+ Item,3003,Archangel's Staff,0.0362,686
16.15,4th+ Item,3041,Mejai's Soulstealer,1.7291,1017
16.15,4th+ Item,3089,Rabadon's Deathcap,-0.0572,8455
16.15,4th+ Item,3102,Banshee's Veil,0.7816,3924
16.15,4th+ Item,3110,Frozen Heart,3.3488,197
16.15,4th+ Item,3135,Void Staff,1.286,6926
16.15,4th+ Item,3137,Cryptbloom,1.4754,3748
16.15,4th+ Item,3143,Randuin's Omen,3.7012,271
16.15,4th+ Item,3152,Hextech Rocketbelt,0.3716,733
16.15,4th+ Item,3157,Zhonya's Hourglass,-0.6746,11910
16.15,4th+ Item,3165,Morellonomicon,-2.8732,598
16.15,4th+ Item,3742,Dead Man's Plate,0.7726,401
16.15,4th+ Item,4401,Force of Nature,5.6408,155
16.15,4th+ Item,4629,Cosmic Drive,-1.0113,283
16.15,4th+ Item,4645,Shadowflame,-1.7104,7368
16.15,4th+ Item,4646,Stormsurge,-0.2802,2367
16.15,4th+ Item,6655,Luden's Echo,-1.261,469
16.15,4th+ Item,6657,Rod of Ages,-0.8293,193
16.15,4th+ Item,6665,"Jak'Sho, The Protean",-1.3646,240
16.15,4th+ Item,8020,Abyssal Mask,3.3125,133
16.15,All Items,2065,Shurelya's Battlesong,1.8554,1310
16.15,All Items,2503,Blackfire Torch,-0.5965,740
16.15,All Items,2504,Kaenic Rookern,3.8072,913
16.15,All Items,2522,Actualizer,2.2172,324
16.15,All Items,3003,Archangel's Staff,0.7638,51868
16.15,All Items,3041,Mejai's Soulstealer,0.9117,2042
16.15,All Items,3075,Thornmail,-0.9876,103
16.15,All Items,3089,Rabadon's Deathcap,0.0212,61678
16.15,All Items,3102,Banshee's Veil,0.6288,6724
16.15,All Items,3110,Frozen Heart,3.0103,476
16.15,All Items,3116,Rylai's Crystal Scepter,-1.6429,131
16.15,All Items,3118,Malignance,-3.9128,496
16.15,All Items,3119,Winter's Approach,1.2062,665
16.15,All Items,3135,Void Staff,0.8322,10844
16.15,All Items,3137,Cryptbloom,1.1402,10491
16.15,All Items,3143,Randuin's Omen,2.9058,410
16.15,All Items,3152,Hextech Rocketbelt,1.7447,6697
16.15,All Items,3157,Zhonya's Hourglass,-1.3386,25271
16.15,All Items,3165,Morellonomicon,-2.8611,987
16.15,All Items,3742,Dead Man's Plate,0.1159,696
16.15,All Items,4005,Imperial Mandate,-6.2184,191
16.15,All Items,4401,Force of Nature,4.0523,280
16.15,All Items,4628,Horizon Focus,-2.8808,113
16.15,All Items,4629,Cosmic Drive,0.8059,1250
16.15,All Items,4645,Shadowflame,-1.6336,20293
16.15,All Items,4646,Stormsurge,-0.4842,25991
16.15,All Items,6653,Liandry's Torment,-3.0949,198
16.15,All Items,6655,Luden's Echo,-0.6176,44950
16.15,All Items,6657,Rod of Ages,0.423,52713
16.15,All Items,6665,"Jak'Sho, The Protean",-3.4557,356
16.15,All Items,8020,Abyssal Mask,2.5557,330
16.16,Keystone,8369,First Strike,1.0792,20512
16.16,Keystone,8230,Stormraider's Surge,1.1647,1389
16.16,Keystone,8214,Summon Aery,2.5033,2966
16.16,Keystone,8360,Unsealed Spellbook,4.6638,626
16.16,Keystone,8229,Arcane Comet,-1.7941,15129
16.16,Keystone,8992,Deathfire Touch,0.9652,540
16.16,Keystone,8128,Dark Harvest,-3.9938,550
16.16,Keystone,8112,Electrocute,-1.7863,3309
16.16,Spell,3,Exhaust,0.8212,889
16.16,Spell,4,Flash,0.0087,45196
16.16,Spell,6,Ghost,0.2883,626
16.16,Spell,7,Heal,-2.2977,206
16.16,Spell,12,Teleport,-0.109,39235
16.16,Spell,14,Ignite,-1.0375,1483
16.16,Spell,21,Barrier,1.9367,2727
16.16,Starter,1027,Sapphire Crystal,0.4167,158
16.16,Starter,1056,Doran's Ring,0.1923,37675
16.16,Starter,1120,Doran's Helm,3.079,137
16.16,Starter,3070,Tear of the Goddess,-1.0867,6894
16.16,Boots,3009,Boots of Swiftness,0.3002,1535
16.16,Boots,3020,Sorcerer's Shoes,0.3604,30456
16.16,Boots,3047,Plated Steelcaps,0.6268,1350
16.16,Boots,3111,Mercury's Treads,-0.0402,3438
16.16,Boots,3158,Ionian Boots of Lucidity,0.4516,7517
16.16,1st Item,2065,Shurelya's Battlesong,-1.956,169
16.16,1st Item,2503,Blackfire Torch,-1.5141,174
16.16,1st Item,3003,Archangel's Staff,0.7826,4399
16.16,1st Item,3118,Malignance,-1.4266,129
16.16,1st Item,3152,Hextech Rocketbelt,0.0752,1081
16.16,1st Item,3157,Zhonya's Hourglass,-3.2853,166
16.16,1st Item,4646,Stormsurge,4.1996,140
16.16,1st Item,6655,Luden's Echo,-0.4382,17598
16.16,1st Item,6657,Rod of Ages,0.3439,20693
16.16,2nd Item,2065,Shurelya's Battlesong,-3.0417,278
16.16,2nd Item,3003,Archangel's Staff,0.9072,15954
16.16,2nd Item,3041,Mejai's Soulstealer,-3.1621,123
16.16,2nd Item,3089,Rabadon's Deathcap,-0.3513,5557
16.16,2nd Item,3102,Banshee's Veil,-4.853,371
16.16,2nd Item,3119,Winter's Approach,2.3803,146
16.16,2nd Item,3135,Void Staff,-3.0446,290
16.16,2nd Item,3137,Cryptbloom,1.029,1102
16.16,2nd Item,3152,Hextech Rocketbelt,0.7562,1093
16.16,2nd Item,3157,Zhonya's Hourglass,-2.0597,1782
16.16,2nd Item,4629,Cosmic Drive,1.6414,206
16.16,2nd Item,4645,Shadowflame,-1.661,3559
16.16,2nd Item,4646,Stormsurge,-0.195,7867
16.16,2nd Item,6655,Luden's Echo,0.2696,1851
16.16,2nd Item,6657,Rod of Ages,-0.779,1081
16.16,3rd Item,3003,Archangel's Staff,-1.0634,1035
16.16,3rd Item,3041,Mejai's Soulstealer,-1.2443,249
16.16,3rd Item,3089,Rabadon's Deathcap,0.3364,17125
16.16,3rd Item,3102,Banshee's Veil,-0.7685,726
16.16,3rd Item,3135,Void Staff,0.1996,1342
16.16,3rd Item,3137,Cryptbloom,1.8631,1499
16.16,3rd Item,3152,Hextech Rocketbelt,2.5692,350
16.16,3rd Item,3157,Zhonya's Hourglass,-1.2206,3588
16.16,3rd Item,3165,Morellonomicon,-6.5106,130
16.16,3rd Item,4629,Cosmic Drive,-1.2577,102
16.16,3rd Item,4645,Shadowflame,-1.1258,2223
16.16,3rd Item,4646,Stormsurge,0.4145,1945
16.16,3rd Item,6655,Luden's Echo,0.8846,409
16.16,3rd Item,6657,Rod of Ages,-5.7362,122
16.16,4th+ Item,2504,Kaenic Rookern,2.5599,163
16.16,4th+ Item,3003,Archangel's Staff,-0.5153,289
16.16,4th+ Item,3041,Mejai's Soulstealer,0.5058,426
16.16,4th+ Item,3089,Rabadon's Deathcap,0.1233,3290
16.16,4th+ Item,3102,Banshee's Veil,2.1704,1537
16.16,4th+ Item,3135,Void Staff,0.2701,2845
16.16,4th+ Item,3137,Cryptbloom,1.6663,1591
16.16,4th+ Item,3143,Randuin's Omen,2.5118,122
16.16,4th+ Item,3152,Hextech Rocketbelt,-1.1223,249
16.16,4th+ Item,3157,Zhonya's Hourglass,-0.5218,4982
16.16,4th+ Item,3165,Morellonomicon,-3.9,262
16.16,4th+ Item,3742,Dead Man's Plate,-1.5315,163
16.16,4th+ Item,4629,Cosmic Drive,1.2395,119
16.16,4th+ Item,4645,Shadowflame,-0.7495,3005
16.16,4th+ Item,4646,Stormsurge,0.466,1158
16.16,4th+ Item,6655,Luden's Echo,-7.8476,147
16.16,4th+ Item,6665,"Jak'Sho, The Protean",3.2354,102
16.16,All Items,2065,Shurelya's Battlesong,-2.8983,554
16.16,All Items,2503,Blackfire Torch,0.1275,294
16.16,All Items,2504,Kaenic Rookern,1.5838,397
16.16,All Items,2522,Actualizer,3.7048,167
16.16,All Items,3003,Archangel's Staff,0.7688,21677
16.16,All Items,3041,Mejai's Soulstealer,-0.7197,801
16.16,All Items,3089,Rabadon's Deathcap,0.149,26062
16.16,All Items,3102,Banshee's Veil,0.3635,2669
16.16,All Items,3110,Frozen Heart,-5.6069,217
16.16,All Items,3118,Malignance,-2.1028,221
16.16,All Items,3119,Winter's Approach,2.1101,272
16.16,All Items,3135,Void Staff,0.0287,4498
16.16,All Items,3137,Cryptbloom,1.5329,4209
16.16,All Items,3143,Randuin's Omen,2.3902,181
16.16,All Items,3152,Hextech Rocketbelt,0.5505,2775
16.16,All Items,3157,Zhonya's Hourglass,-1.0456,10560
16.16,All Items,3165,Morellonomicon,-5.29,451
16.16,All Items,3742,Dead Man's Plate,0.1303,273
16.16,All Items,4401,Force of Nature,-1.3013,163
16.16,All Items,4629,Cosmic Drive,0.8864,457
16.16,All Items,4645,Shadowflame,-1.2278,8853
16.16,All Items,4646,Stormsurge,0.0349,11119
16.16,All Items,6655,Luden's Echo,-0.4,20010
16.16,All Items,6657,Rod of Ages,0.2286,21951
16.16,All Items,6665,"Jak'Sho, The Protean",2.3333,159
16.16,All Items,8020,Abyssal Mask,-1.0941,144
16.17,Keystone,8369,First Strike,0.6595,22051
16.17,Keystone,8230,Stormraider's Surge,1.9693,1862
16.17,Keystone,8214,Summon Aery,1.8068,3280
16.17,Keystone,8360,Unsealed Spellbook,8.14,679
16.17,Keystone,8229,Arcane Comet,-1.3869,16812
16.17,Keystone,8992,Deathfire Touch,-3.1055,540
16.17,Keystone,8128,Dark Harvest,-3.1059,750
16.17,Keystone,8112,Electrocute,-0.5822,3852
16.17,Spell,3,Exhaust,2.8837,1040
16.17,Spell,4,Flash,-0.0004,50084
16.17,Spell,6,Ghost,2.1862,755
16.17,Spell,7,Heal,-0.251,211
16.17,Spell,12,Teleport,-0.128,43287
16.17,Spell,14,Ignite,-2.0404,1632
16.17,Spell,21,Barrier,1.2123,3128
16.17,Starter,1027,Sapphire Crystal,-1.0903,250
16.17,Starter,1056,Doran's Ring,0.148,41897
16.17,Starter,1082,Dark Seal,-0.0812,107
16.17,Starter,1120,Doran's Helm,-2.1465,121
16.17,Starter,3070,Tear of the Goddess,-0.5851,7395
16.17,Boots,3009,Boots of Swiftness,0.6899,1808
16.17,Boots,3020,Sorcerer's Shoes,0.349,33216
16.17,Boots,3047,Plated Steelcaps,2.0411,1489
16.17,Boots,3111,Mercury's Treads,-0.1291,3809
16.17,Boots,3158,Ionian Boots of Lucidity,1.2831,8830
16.17,1st Item,2065,Shurelya's Battlesong,3.8042,142
16.17,1st Item,2503,Blackfire Torch,1.7376,201
16.17,1st Item,3003,Archangel's Staff,0.2983,5082
16.17,1st Item,3089,Rabadon's Deathcap,2.1788,133
16.17,1st Item,3118,Malignance,-1.517,134
16.17,1st Item,3119,Winter's Approach,-1.6838,112
16.17,1st Item,3152,Hextech Rocketbelt,3.2448,1326
16.17,1st Item,3157,Zhonya's Hourglass,-0.5355,233
16.17,1st Item,4646,Stormsurge,2.5824,200
16.17,1st Item,6655,Luden's Echo,-0.7994,19712
16.17,1st Item,6657,Rod of Ages,0.3768,22175
16.17,2nd Item,2065,Shurelya's Battlesong,-3.126,253
16.17,2nd Item,3003,Archangel's Staff,0.9994,16970
16.17,2nd Item,3041,Mejai's Soulstealer,-0.2601,145
16.17,2nd Item,3089,Rabadon's Deathcap,0.0782,6480
16.17,2nd Item,3102,Banshee's Veil,-0.973,417
16.17,2nd Item,3119,Winter's Approach,-2.4357,127
16.17,2nd Item,3135,Void Staff,2.5786,310
16.17,2nd Item,3137,Cryptbloom,0.8007,1124
16.17,2nd Item,3152,Hextech Rocketbelt,-0.8953,1085
16.17,2nd Item,3157,Zhonya's Hourglass,-2.5022,2057
16.17,2nd Item,4629,Cosmic Drive,-0.565,228
16.17,2nd Item,4645,Shadowflame,-0.6614,4441
16.17,2nd Item,4646,Stormsurge,-0.5687,8663
16.17,2nd Item,6655,Luden's Echo,-1.4393,2115
16.17,2nd Item,6657,Rod of Ages,-0.5799,1237
16.17,3rd Item,3003,Archangel's Staff,2.5254,1168
16.17,3rd Item,3041,Mejai's Soulstealer,0.1866,312
16.17,3rd Item,3089,Rabadon's Deathcap,0.4188,18315
16.17,3rd Item,3102,Banshee's Veil,0.8942,820
16.17,3rd Item,3110,Frozen Heart,-4.8875,110
16.17,3rd Item,3135,Void Staff,0.4204,1533
16.17,3rd Item,3137,Cryptbloom,1.5401,1723
16.17,3rd Item,3152,Hextech Rocketbelt,-1.0809,335
16.17,3rd Item,3157,Zhonya's Hourglass,-2.5539,3817
16.17,3rd Item,3165,Morellonomicon,-4.0411,110
16.17,3rd Item,4629,Cosmic Drive,-1.3016,114
16.17,3rd Item,4645,Shadowflame,0.5773,2527
16.17,3rd Item,4646,Stormsurge,-0.9988,2233
16.17,3rd Item,6655,Luden's Echo,-1.3529,448
16.17,3rd Item,6657,Rod of Ages,-4.2466,168
16.17,4th+ Item,2504,Kaenic Rookern,0.1396,162
16.17,4th+ Item,3003,Archangel's Staff,3.434,299
16.17,4th+ Item,3041,Mejai's Soulstealer,1.3294,476
16.17,4th+ Item,3089,Rabadon's Deathcap,-0.3518,3603
16.17,4th+ Item,3102,Banshee's Veil,-0.2917,1721
16.17,4th+ Item,3110,Frozen Heart,0.7322,111
16.17,4th+ Item,3135,Void Staff,1.9899,3194
16.17,4th+ Item,3137,Cryptbloom,0.7156,1608
16.17,4th+ Item,3143,Randuin's Omen,-1.2823,129
16.17,4th+ Item,3152,Hextech Rocketbelt,2.4104,308
16.17,4th+ Item,3157,Zhonya's Hourglass,-0.5807,5160
16.17,4th+ Item,3165,Morellonomicon,0.0621,260
16.17,4th+ Item,3742,Dead Man's Plate,1.8849,176
16.17,4th+ Item,4629,Cosmic Drive,3.6923,107
16.17,4th+ Item,4645,Shadowflame,-1.7924,3309
16.17,4th+ Item,4646,Stormsurge,-0.3177,1307
16.17,4th+ Item,6655,Luden's Echo,5.2323,178
16.17,4th+ Item,6665,"Jak'Sho, The Protean",0.13,109
16.17,All Items,2065,Shurelya's Battlesong,-1.9256,510
16.17,All Items,2503,Blackfire Torch,1.1739,295
16.17,All Items,2504,Kaenic Rookern,0.7092,422
16.17,All Items,2522,Actualizer,-3.6988,132
16.17,All Items,3003,Archangel's Staff,0.9528,23522
16.17,All Items,3041,Mejai's Soulstealer,0.7252,944
16.17,All Items,3089,Rabadon's Deathcap,0.2504,28546
16.17,All Items,3102,Banshee's Veil,-0.0025,2994
16.17,All Items,3110,Frozen Heart,0.7546,302
16.17,All Items,3118,Malignance,-2.1286,238
16.17,All Items,3119,Winter's Approach,-1.8339,343
16.17,All Items,3135,Void Staff,1.5494,5067
16.17,All Items,3137,Cryptbloom,1.022,4490
16.17,All Items,3143,Randuin's Omen,-2.591,188
16.17,All Items,3152,Hextech Rocketbelt,1.2118,3061
16.17,All Items,3157,Zhonya's Hourglass,-1.5976,11305
16.17,All Items,3165,Morellonomicon,-2.6107,441
16.17,All Items,3742,Dead Man's Plate,2.1154,292
16.17,All Items,4401,Force of Nature,1.7198,149
16.17,All Items,4629,Cosmic Drive,0.5713,548
16.17,All Items,4645,Shadowflame,-0.6936,10346
16.17,All Items,4646,Stormsurge,-0.5667,12414
16.17,All Items,6655,Luden's Echo,-0.8209,22457
16.17,All Items,6657,Rod of Ages,0.2923,23643
16.17,All Items,6665,"Jak'Sho, The Protean",-0.7636,154
16.17,All Items,8020,Abyssal Mask,3.933,177
