patch,category,id,name,wpa,sample_size
16.1,Keystone,8369,First Strike,0.5605,457
16.1,Keystone,8230,Stormraider's Surge,-11.7753,181
16.1,Keystone,8010,Conqueror,-5.0108,395
16.1,Keystone,8021,Fleet Footwork,-0.0993,38261
16.1,Keystone,8005,Press the Attack,0.1293,142
16.1,Keystone,8128,Dark Harvest,0.1231,73443
16.1,Keystone,8112,Electrocute,-7.5828,162
16.1,Spell,4,Flash,0.0116,112675
16.1,Spell,6,Ghost,-3.3342,274
16.1,Spell,11,Smite,0.0,113279
16.1,Spell,14,Ignite,-0.4131,258
16.1,Starter,1101,Scorchclaw Pup,0.5728,82897
16.1,Starter,1102,Gustwalker Hatchling,-1.5686,28484
16.1,Starter,1103,Mosstomper Seedling,-1.6359,1716
16.1,Boots,3006,Berserker's Greaves,-0.5518,1796
16.1,Boots,3009,Boots of Swiftness,0.0729,3622
16.1,Boots,3047,Plated Steelcaps,0.2362,46049
16.1,Boots,3111,Mercury's Treads,-0.1301,38014
16.1,Boots,3158,Ionian Boots of Lucidity,0.3406,262
16.1,1st Item,2520,Bastionbreaker,-0.198,363
16.1,1st Item,3031,Infinity Edge,-1.4497,114
16.1,1st Item,3071,Black Cleaver,0.4207,366
16.1,1st Item,3078,Trinity Force,4.9096,722
16.1,1st Item,3097,Stormrazor,-1.0253,2557
16.1,1st Item,3142,Youmuu's Ghostblade,0.162,75592
16.1,1st Item,3179,Umbral Glaive,1.4553,2823
16.1,1st Item,3508,Essence Reaver,-4.0323,224
16.1,1st Item,6610,Sundered Sky,-1.8974,580
16.1,1st Item,6673,Immortal Shieldbow,7.4903,136
16.1,1st Item,6676,The Collector,-1.0268,18140
16.1,1st Item,6695,Serpent's Fang,0.8107,253
16.1,1st Item,6697,Hubris,0.1445,6125
16.1,1st Item,6698,Profane Hydra,2.613,1346
16.1,1st Item,6699,Voltaic Cyclosword,-1.3579,455
16.1,1st Item,6701,Opportunity,-0.6721,169
16.1,2nd Item,2520,Bastionbreaker,-4.6352,346
16.1,2nd Item,3031,Infinity Edge,-1.6494,3439
16.1,2nd Item,3033,Mortal Reminder,-0.5207,1653
16.1,2nd Item,3036,Lord Dominik's Regards,0.0461,4982
16.1,2nd Item,3071,Black Cleaver,1.0117,3150
16.1,2nd Item,3097,Stormrazor,-0.6497,1614
16.1,2nd Item,3142,Youmuu's Ghostblade,-0.319,5327
16.1,2nd Item,3156,Maw of Malmortius,-0.8211,463
16.1,2nd Item,3179,Umbral Glaive,-0.6036,269
16.1,2nd Item,3508,Essence Reaver,2.6551,160
16.1,2nd Item,3814,Edge of Night,0.1577,117
16.1,2nd Item,6610,Sundered Sky,1.794,1131
16.1,2nd Item,6673,Immortal Shieldbow,0.2887,2493
16.1,2nd Item,6676,The Collector,0.0717,75909
16.1,2nd Item,6695,Serpent's Fang,2.6295,909
16.1,2nd Item,6697,Hubris,-3.7501,345
16.1,2nd Item,6701,Opportunity,-2.7673,152
16.1,3rd Item,2517,Endless Hunger,-8.1002,119
16.1,3rd Item,2520,Bastionbreaker,-3.6456,221
16.1,3rd Item,3031,Infinity Edge,-1.1498,9918
16.1,3rd Item,3033,Mortal Reminder,-0.1754,16703
16.1,3rd Item,3036,Lord Dominik's Regards,0.5996,37485
16.1,3rd Item,3071,Black Cleaver,-0.0777,1404
16.1,3rd Item,3072,Bloodthirster,0.0673,602
16.1,3rd Item,3097,Stormrazor,-1.7025,498
16.1,3rd Item,3142,Youmuu's Ghostblade,-2.273,329
16.1,3rd Item,3156,Maw of Malmortius,0.6927,1886
16.1,3rd Item,3161,Spear of Shojin,-4.1526,241
16.1,3rd Item,3814,Edge of Night,-0.4029,319
16.1,3rd Item,6333,Death's Dance,0.8669,299
16.1,3rd Item,6610,Sundered Sky,0.1552,931
16.1,3rd Item,6673,Immortal Shieldbow,-0.059,9324
16.1,3rd Item,6676,The Collector,-0.9511,2209
16.1,3rd Item,6694,Serylda's Grudge,-0.3102,109
16.1,3rd Item,6695,Serpent's Fang,-0.2498,1511
16.1,3rd Item,6697,Hubris,-3.1799,112
16.1,3rd Item,6701,Opportunity,-8.3502,110
16.1,4th+ Item,2504,Kaenic Rookern,3.9395,223
16.1,4th+ Item,2517,Endless Hunger,-4.1675,151
16.1,4th+ Item,2520,Bastionbreaker,-1.8741,191
16.1,4th+ Item,2523,Hexoptics C44,-0.082,164
16.1,4th+ Item,3026,Guardian Angel,1.5817,5560
16.1,4th+ Item,3031,Infinity Edge,-0.6049,22489
16.1,4th+ Item,3033,Mortal Reminder,-0.1232,2852
16.1,4th+ Item,3036,Lord Dominik's Regards,0.811,6372
16.1,4th+ Item,3046,Phantom Dancer,-4.2572,332
16.1,4th+ Item,3071,Black Cleaver,-2.4003,286
16.1,4th+ Item,3072,Bloodthirster,-0.5196,7347
16.1,4th+ Item,3094,Rapid Firecannon,-4.0182,259
16.1,4th+ Item,3097,Stormrazor,-1.7754,785
16.1,4th+ Item,3139,Mercurial Scimitar,0.1553,908
16.1,4th+ Item,3142,Youmuu's Ghostblade,-1.064,346
16.1,4th+ Item,3143,Randuin's Omen,-0.9459,320
16.1,4th+ Item,3156,Maw of Malmortius,0.3335,3412
16.1,4th+ Item,3508,Essence Reaver,-7.6949,106
16.1,4th+ Item,3814,Edge of Night,2.7622,573
16.1,4th+ Item,6333,Death's Dance,-0.5744,454
16.1,4th+ Item,6609,Chempunk Chainsword,0.0362,149
16.1,4th+ Item,6610,Sundered Sky,-1.3098,652
16.1,4th+ Item,6665,"Jak'Sho, The Protean",-1.6388,445
16.1,4th+ Item,6673,Immortal Shieldbow,0.4364,23347
16.1,4th+ Item,6676,The Collector,-0.8281,480
16.1,4th+ Item,6694,Serylda's Grudge,2.4755,105
16.1,4th+ Item,6695,Serpent's Fang,-0.4413,1913
16.1,4th+ Item,6697,Hubris,-0.8302,183
16.1,4th+ Item,6701,Opportunity,1.7361,139
16.1,All Items,2504,Kaenic Rookern,3.4183,278
16.1,All Items,2512,Fiendhunter Bolts,-5.2646,180
16.1,All Items,2517,Endless Hunger,-5.2967,370
16.1,All Items,2520,Bastionbreaker,-2.484,1135
16.1,All Items,2523,Hexoptics C44,-2.5924,266
16.1,All Items,3026,Guardian Angel,1.5459,6467
16.1,All Items,3031,Infinity Edge,-0.8549,36430
16.1,All Items,3033,Mortal Reminder,-0.1835,21326
16.1,All Items,3036,Lord Dominik's Regards,0.5665,48969
16.1,All Items,3046,Phantom Dancer,-0.1073,544
16.1,All Items,3053,Sterak's Gage,1.9681,132
16.1,All Items,3071,Black Cleaver,0.5075,5217
16.1,All Items,3072,Bloodthirster,-0.3962,8740
16.1,All Items,3078,Trinity Force,4.114,921
16.1,All Items,3094,Rapid Firecannon,-3.5114,348
16.1,All Items,3097,Stormrazor,-1.1446,5563
16.1,All Items,3139,Mercurial Scimitar,0.59,1054
16.1,All Items,3142,Youmuu's Ghostblade,0.1151,81729
16.1,All Items,3143,Randuin's Omen,-2.0296,401
16.1,All Items,3156,Maw of Malmortius,0.3075,5894
16.1,All Items,3161,Spear of Shojin,-1.9545,333
16.1,All Items,3179,Umbral Glaive,1.2978,3234
16.1,All Items,3508,Essence Reaver,-2.7194,557
16.1,All Items,3814,Edge of Night,1.2847,1074
16.1,All Items,6333,Death's Dance,-0.4493,867
16.1,All Items,6609,Chempunk Chainsword,-0.1876,213
16.1,All Items,6610,Sundered Sky,-0.1473,3377
16.1,All Items,6665,"Jak'Sho, The Protean",-1.1277,565
16.1,All Items,6673,Immortal Shieldbow,0.3039,35571
16.1,All Items,6676,The Collector,-0.1637,96765
16.1,All Items,6694,Serylda's Grudge,1.5445,222
16.1,All Items,6695,Serpent's Fang,0.1184,4683
16.1,All Items,6696,Axiom Arc,-0.2708,129
16.1,All Items,6697,Hubris,-0.157,6783
16.1,All Items,6698,Profane Hydra,1.7943,1477
16.1,All Items,6699,Voltaic Cyclosword,-0.729,640
16.1,All Items,6701,Opportunity,-1.8632,582
16.2,Keystone,8369,First Strike,1.8824,480
16.2,Keystone,8230,Stormraider's Surge,1.3799,160
16.2,Keystone,8010,Conqueror,-5.4684,269
16.2,Keystone,8021,Fleet Footwork,-0.1286,35574
16.2,Keystone,8005,Press the Attack,5.723,103
16.2,Keystone,8128,Dark Harvest,0.1026,64944
16.2,Keystone,8112,Electrocute,-3.6955,137
16.2,Spell,4,Flash,0.0243,101342
16.2,Spell,6,Ghost,-6.1693,198
16.2,Spell,11,Smite,0.0,101850
16.2,Spell,14,Ignite,-3.832,230
16.2,Starter,1101,Scorchclaw Pup,0.3606,78774
16.2,Starter,1102,Gustwalker Hatchling,-1.2271,21467
16.2,Starter,1103,Mosstomper Seedling,-1.4162,1458
16.2,Boots,3006,Berserker's Greaves,-3.0138,1431
16.2,Boots,3009,Boots of Swiftness,-0.6453,3235
16.2,Boots,3047,Plated Steelcaps,0.2785,41268
16.2,Boots,3111,Mercury's Treads,-0.1896,35041
16.2,Boots,3158,Ionian Boots of Lucidity,-0.0983,184
16.2,1st Item,3071,Black Cleaver,-1.992,211
16.2,1st Item,3078,Trinity Force,0.7747,921
16.2,1st Item,3097,Stormrazor,-3.4798,1733
16.2,1st Item,3142,Youmuu's Ghostblade,0.215,71181
16.2,1st Item,3179,Umbral Glaive,1.0533,1982
16.2,1st Item,3508,Essence Reaver,-2.3419,491
16.2,1st Item,6610,Sundered Sky,4.6617,307
16.2,1st Item,6676,The Collector,-1.0429,15294
16.2,1st Item,6695,Serpent's Fang,-1.8654,238
16.2,1st Item,6697,Hubris,0.2003,5260
16.2,1st Item,6698,Profane Hydra,1.9748,913
16.2,1st Item,6699,Voltaic Cyclosword,6.4315,210
16.2,1st Item,6701,Opportunity,4.6284,126
16.2,2nd Item,2520,Bastionbreaker,2.781,174
16.2,2nd Item,3031,Infinity Edge,-2.3155,2824
16.2,2nd Item,3033,Mortal Reminder,0.1003,1473
16.2,2nd Item,3036,Lord Dominik's Regards,0.9697,4590
16.2,2nd Item,3071,Black Cleaver,0.2356,2129
16.2,2nd Item,3097,Stormrazor,-1.3117,864
16.2,2nd Item,3142,Youmuu's Ghostblade,-0.7881,4321
16.2,2nd Item,3156,Maw of Malmortius,1.3983,405
16.2,2nd Item,3179,Umbral Glaive,-7.8153,117
16.2,2nd Item,3508,Essence Reaver,0.3091,230
16.2,2nd Item,3814,Edge of Night,0.6783,118
16.2,2nd Item,6610,Sundered Sky,2.9352,818
16.2,2nd Item,6673,Immortal Shieldbow,1.2577,2040
16.2,2nd Item,6676,The Collector,0.07,71157
16.2,2nd Item,6695,Serpent's Fang,-1.6419,792
16.2,2nd Item,6697,Hubris,-4.4327,214
16.2,2nd Item,6701,Opportunity,-2.7351,163
16.2,3rd Item,3031,Infinity Edge,-1.7146,8730
16.2,3rd Item,3033,Mortal Reminder,-0.0906,13351
16.2,3rd Item,3036,Lord Dominik's Regards,0.5533,34752
16.2,3rd Item,3071,Black Cleaver,1.3381,889
16.2,3rd Item,3072,Bloodthirster,-3.1322,374
16.2,3rd Item,3097,Stormrazor,-5.4884,352
16.2,3rd Item,3142,Youmuu's Ghostblade,-0.1371,277
16.2,3rd Item,3156,Maw of Malmortius,0.6831,1719
16.2,3rd Item,3508,Essence Reaver,-4.8819,109
16.2,3rd Item,3814,Edge of Night,0.4878,215
16.2,3rd Item,6333,Death's Dance,1.2952,212
16.2,3rd Item,6610,Sundered Sky,-1.3876,707
16.2,3rd Item,6673,Immortal Shieldbow,0.2188,11148
16.2,3rd Item,6676,The Collector,-0.6292,1710
16.2,3rd Item,6695,Serpent's Fang,-0.2226,1261
16.2,4th+ Item,2504,Kaenic Rookern,-1.3871,168
16.2,4th+ Item,2523,Hexoptics C44,-4.224,122
16.2,4th+ Item,3026,Guardian Angel,1.4463,6712
16.2,4th+ Item,3031,Infinity Edge,-0.5662,20035
16.2,4th+ Item,3033,Mortal Reminder,-0.8858,2836
16.2,4th+ Item,3036,Lord Dominik's Regards,1.385,6340
16.2,4th+ Item,3046,Phantom Dancer,-1.7218,245
16.2,4th+ Item,3071,Black Cleaver,-2.0787,188
16.2,4th+ Item,3072,Bloodthirster,0.0639,5784
16.2,4th+ Item,3094,Rapid Firecannon,-5.2596,210
16.2,4th+ Item,3097,Stormrazor,-1.994,1042
16.2,4th+ Item,3139,Mercurial Scimitar,-0.5277,860
16.2,4th+ Item,3142,Youmuu's Ghostblade,-0.4304,246
16.2,4th+ Item,3143,Randuin's Omen,-1.7756,245
16.2,4th+ Item,3156,Maw of Malmortius,-0.1696,3248
16.2,4th+ Item,3508,Essence Reaver,-0.7193,139
16.2,4th+ Item,3814,Edge of Night,1.7069,423
16.2,4th+ Item,6333,Death's Dance,-1.3614,379
16.2,4th+ Item,6609,Chempunk Chainsword,0.5683,113
16.2,4th+ Item,6610,Sundered Sky,2.7345,138
16.2,4th+ Item,6665,"Jak'Sho, The Protean",-1.9669,417
16.2,4th+ Item,6673,Immortal Shieldbow,0.3614,20358
16.2,4th+ Item,6676,The Collector,0.7304,301
16.2,4th+ Item,6695,Serpent's Fang,-2.1677,1527
16.2,4th+ Item,6697,Hubris,-4.5524,107
16.2,All Items,2504,Kaenic Rookern,-0.5246,214
16.2,All Items,2517,Endless Hunger,-3.228,167
16.2,All Items,2520,Bastionbreaker,3.5807,382
16.2,All Items,2523,Hexoptics C44,-5.7366,199
16.2,All Items,3026,Guardian Angel,1.4598,7682
16.2,All Items,3031,Infinity Edge,-1.0095,32090
16.2,All Items,3033,Mortal Reminder,-0.1958,17749
16.2,All Items,3036,Lord Dominik's Regards,0.7149,45810
16.2,All Items,3046,Phantom Dancer,-2.2388,402
16.2,All Items,3071,Black Cleaver,0.2067,3428
16.2,All Items,3072,Bloodthirster,0.0008,6880
16.2,All Items,3078,Trinity Force,0.7877,1105
16.2,All Items,3094,Rapid Firecannon,-6.6894,281
16.2,All Items,3097,Stormrazor,-2.6333,4179
16.2,All Items,3139,Mercurial Scimitar,-0.9883,1023
16.2,All Items,3142,Youmuu's Ghostblade,0.1479,76152
16.2,All Items,3143,Randuin's Omen,-0.619,310
16.2,All Items,3156,Maw of Malmortius,0.1344,5485
16.2,All Items,3161,Spear of Shojin,-0.9201,147
16.2,All Items,3179,Umbral Glaive,0.4223,2183
16.2,All Items,3508,Essence Reaver,-1.5731,984
16.2,All Items,3814,Edge of Night,1.2063,818
16.2,All Items,6333,Death's Dance,-0.9837,683
16.2,All Items,6609,Chempunk Chainsword,-1.1342,171
16.2,All Items,6610,Sundered Sky,1.5485,1984
16.2,All Items,6665,"Jak'Sho, The Protean",-1.2408,491
16.2,All Items,6673,Immortal Shieldbow,0.3598,33892
16.2,All Items,6676,The Collector,-0.1345,88481
16.2,All Items,6694,Serylda's Grudge,-4.1761,137
16.2,All Items,6695,Serpent's Fang,-1.5508,3891
16.2,All Items,6697,Hubris,-0.1224,5660
16.2,All Items,6698,Profane Hydra,1.791,980
16.2,All Items,6699,Voltaic Cyclosword,2.4525,344
16.2,All Items,6701,Opportunity,-1.3117,482
16.3,Keystone,8369,First Strike,1.0024,358
16.3,Keystone,8010,Conqueror,-8.2117,301
16.3,Keystone,8021,Fleet Footwork,-0.0679,36003
16.3,Keystone,8005,Press the Attack,2.3157,128
16.3,Keystone,8128,Dark Harvest,0.1014,73367
16.3,Keystone,8112,Electrocute,-3.0177,141
16.3,Spell,4,Flash,0.0014,110006
16.3,Spell,6,Ghost,-3.0928,326
16.3,Spell,11,Smite,0.0,110593
16.3,Spell,14,Ignite,4.7345,203
16.3,Starter,1101,Scorchclaw Pup,0.3362,86293
16.3,Starter,1102,Gustwalker Hatchling,-1.3054,22379
16.3,Starter,1103,Mosstomper Seedling,0.1181,1721
16.3,Boots,3006,Berserker's Greaves,-1.8563,1640
16.3,Boots,3009,Boots of Swiftness,-0.687,3495
16.3,Boots,3047,Plated Steelcaps,0.3934,46983
16.3,Boots,3111,Mercury's Treads,-0.3436,35038
16.3,Boots,3158,Ionian Boots of Lucidity,-2.406,206
16.3,1st Item,3031,Infinity Edge,-6.0998,154
16.3,1st Item,3071,Black Cleaver,-0.5916,173
16.3,1st Item,3078,Trinity Force,-0.2126,1113
16.3,1st Item,3097,Stormrazor,-1.6119,1156
16.3,1st Item,3142,Youmuu's Ghostblade,0.2556,78100
16.3,1st Item,3179,Umbral Glaive,1.189,1402
16.3,1st Item,3508,Essence Reaver,-4.9324,232
16.3,1st Item,6610,Sundered Sky,2.1615,309
16.3,1st Item,6673,Immortal Shieldbow,3.2181,159
16.3,1st Item,6676,The Collector,-0.9748,16990
16.3,1st Item,6695,Serpent's Fang,8.6535,262
16.3,1st Item,6697,Hubris,-1.2157,5037
16.3,1st Item,6698,Profane Hydra,3.2226,1147
16.3,1st Item,6699,Voltaic Cyclosword,0.2841,167
16.3,1st Item,6701,Opportunity,-2.5008,165
16.3,2nd Item,2523,Hexoptics C44,0.2135,478
16.3,2nd Item,3031,Infinity Edge,-1.6389,2879
16.3,2nd Item,3033,Mortal Reminder,0.6497,1761
16.3,2nd Item,3036,Lord Dominik's Regards,-0.4694,5115
16.3,2nd Item,3071,Black Cleaver,-0.9061,2405
16.3,2nd Item,3097,Stormrazor,-1.4438,642
16.3,2nd Item,3142,Youmuu's Ghostblade,-1.1045,5029
16.3,2nd Item,3156,Maw of Malmortius,0.8272,370
16.3,2nd Item,3179,Umbral Glaive,0.1104,114
16.3,2nd Item,3508,Essence Reaver,2.8637,121
16.3,2nd Item,3814,Edge of Night,-0.1783,165
16.3,2nd Item,6610,Sundered Sky,1.1079,703
16.3,2nd Item,6673,Immortal Shieldbow,0.4639,2164
16.3,2nd Item,6676,The Collector,0.198,76218
16.3,2nd Item,6695,Serpent's Fang,-0.627,905
16.3,2nd Item,6697,Hubris,-2.3234,253
16.3,2nd Item,6701,Opportunity,2.1884,196
16.3,3rd Item,3026,Guardian Angel,5.607,107
16.3,3rd Item,3031,Infinity Edge,-0.9983,8951
16.3,3rd Item,3033,Mortal Reminder,-0.0374,15447
16.3,3rd Item,3036,Lord Dominik's Regards,0.538,36988
16.3,3rd Item,3071,Black Cleaver,0.227,820
16.3,3rd Item,3072,Bloodthirster,-3.4457,387
16.3,3rd Item,3097,Stormrazor,0.63,300
16.3,3rd Item,3142,Youmuu's Ghostblade,-0.2473,318
16.3,3rd Item,3156,Maw of Malmortius,-0.2727,1497
16.3,3rd Item,3161,Spear of Shojin,-2.7977,105
16.3,3rd Item,3508,Essence Reaver,5.3969,106
16.3,3rd Item,3814,Edge of Night,-1.8832,241
16.3,3rd Item,6333,Death's Dance,-5.0327,213
16.3,3rd Item,6610,Sundered Sky,0.5381,846
16.3,3rd Item,6673,Immortal Shieldbow,-0.2903,12781
16.3,3rd Item,6676,The Collector,-1.9616,1782
16.3,3rd Item,6695,Serpent's Fang,-0.1785,1198
16.3,4th+ Item,2504,Kaenic Rookern,2.7022,204
16.3,4th+ Item,2517,Endless Hunger,-6.4424,123
16.3,4th+ Item,2523,Hexoptics C44,-1.0965,133
16.3,4th+ Item,3026,Guardian Angel,0.9804,7837
16.3,4th+ Item,3031,Infinity Edge,-0.8146,21433
16.3,4th+ Item,3033,Mortal Reminder,-0.1609,3146
16.3,4th+ Item,3036,Lord Dominik's Regards,0.9637,6764
16.3,4th+ Item,3046,Phantom Dancer,2.327,255
16.3,4th+ Item,3071,Black Cleaver,-4.8956,186
16.3,4th+ Item,3072,Bloodthirster,0.1846,6450
16.3,4th+ Item,3094,Rapid Firecannon,1.6987,205
16.3,4th+ Item,3097,Stormrazor,-2.0827,940
16.3,4th+ Item,3139,Mercurial Scimitar,-0.427,1013
16.3,4th+ Item,3142,Youmuu's Ghostblade,-3.3373,251
16.3,4th+ Item,3143,Randuin's Omen,1.8017,299
16.3,4th+ Item,3156,Maw of Malmortius,-0.4731,3240
16.3,4th+ Item,3508,Essence Reaver,1.1917,104
16.3,4th+ Item,3814,Edge of Night,-0.0121,433
16.3,4th+ Item,6333,Death's Dance,-2.3971,435
16.3,4th+ Item,6609,Chempunk Chainsword,0.5937,116
16.3,4th+ Item,6610,Sundered Sky,1.0015,121
16.3,4th+ Item,6665,"Jak'Sho, The Protean",-2.1471,442
16.3,4th+ Item,6673,Immortal Shieldbow,0.4298,23177
16.3,4th+ Item,6676,The Collector,-3.248,308
16.3,4th+ Item,6695,Serpent's Fang,0.2677,1681
16.3,4th+ Item,6697,Hubris,4.3688,114
16.3,All Items,2504,Kaenic Rookern,3.3082,279
16.3,All Items,2517,Endless Hunger,-6.4525,236
16.3,All Items,2520,Bastionbreaker,-1.9667,211
16.3,All Items,2523,Hexoptics C44,-0.059,722
16.3,All Items,3026,Guardian Angel,1.0036,9023
16.3,All Items,3031,Infinity Edge,-0.9668,33890
16.3,All Items,3033,Mortal Reminder,0.0162,20453
16.3,All Items,3036,Lord Dominik's Regards,0.4769,48999
16.3,All Items,3046,Phantom Dancer,-0.1744,418
16.3,All Items,3053,Sterak's Gage,2.3976,111
16.3,All Items,3071,Black Cleaver,-0.823,3596
16.3,All Items,3072,Bloodthirster,-0.2253,7749
16.3,All Items,3078,Trinity Force,-0.1167,1290
16.3,All Items,3094,Rapid Firecannon,0.6709,289
16.3,All Items,3097,Stormrazor,-1.384,3234
16.3,All Items,3139,Mercurial Scimitar,-0.3087,1192
16.3,All Items,3142,Youmuu's Ghostblade,0.1641,83817
16.3,All Items,3143,Randuin's Omen,1.4726,381
16.3,All Items,3156,Maw of Malmortius,-0.2901,5221
16.3,All Items,3161,Spear of Shojin,-3.363,148
16.3,All Items,3179,Umbral Glaive,1.0473,1574
16.3,All Items,3508,Essence Reaver,-0.3391,574
16.3,All Items,3814,Edge of Night,-0.5182,905
16.3,All Items,6333,Death's Dance,-2.4196,743
16.3,All Items,6609,Chempunk Chainsword,-1.2954,157
16.3,All Items,6610,Sundered Sky,1.0221,1983
16.3,All Items,6665,"Jak'Sho, The Protean",-2.2404,531
16.3,All Items,6673,Immortal Shieldbow,0.2081,38552
16.3,All Items,6676,The Collector,-0.0629,95337
16.3,All Items,6694,Serylda's Grudge,-2.0521,130
16.3,All Items,6695,Serpent's Fang,0.4638,4111
16.3,All Items,6696,Axiom Arc,1.0645,131
16.3,All Items,6697,Hubris,-1.1669,5484
16.3,All Items,6698,Profane Hydra,3.0046,1210
16.3,All Items,6699,Voltaic Cyclosword,1.1217,284
16.3,All Items,6701,Opportunity,-0.1444,535
16.4,Keystone,8369,First Strike,-0.9494,528
16.4,Keystone,8230,Stormraider's Surge,-0.2655,264
16.4,Keystone,8010,Conqueror,-1.8923,826
16.4,Keystone,9923,Hail of Blades,-6.9539,104
16.4,Keystone,8021,Fleet Footwork,0.2007,88601
16.4,Keystone,8005,Press the Attack,-1.1131,265
16.4,Keystone,8008,Lethal Tempo,-9.0468,117
16.4,Keystone,8128,Dark Harvest,-0.0675,147937
16.4,Keystone,8112,Electrocute,-5.8296,331
16.4,Spell,3,Exhaust,-6.2381,116
16.4,Spell,4,Flash,0.0222,237886
16.4,Spell,6,Ghost,-5.4957,629
16.4,Spell,11,Smite,0.0,239124
16.4,Spell,14,Ignite,-1.9506,482
16.4,Starter,1101,Scorchclaw Pup,0.2724,195921
16.4,Starter,1102,Gustwalker Hatchling,-1.4598,39147
16.4,Starter,1103,Mosstomper Seedling,1.0251,3687
16.4,Boots,3006,Berserker's Greaves,-3.3787,2679
16.4,Boots,3009,Boots of Swiftness,-0.1945,7319
16.4,Boots,3047,Plated Steelcaps,0.3522,102556
16.4,Boots,3111,Mercury's Treads,-0.1113,80136
16.4,Boots,3158,Ionian Boots of Lucidity,-1.4514,363
16.4,1st Item,2523,Hexoptics C44,-0.3189,178
16.4,1st Item,3031,Infinity Edge,-2.1615,237
16.4,1st Item,3071,Black Cleaver,0.7111,775
16.4,1st Item,3072,Bloodthirster,-6.2712,327
16.4,1st Item,3078,Trinity Force,1.7939,4308
16.4,1st Item,3097,Stormrazor,-2.0714,1985
16.4,1st Item,3142,Youmuu's Ghostblade,0.0341,175255
16.4,1st Item,3179,Umbral Glaive,1.4426,2322
16.4,1st Item,3508,Essence Reaver,-8.0984,238
16.4,1st Item,6610,Sundered Sky,2.4038,2164
16.4,1st Item,6673,Immortal Shieldbow,1.1595,217
16.4,1st Item,6676,The Collector,-0.5918,29915
16.4,1st Item,6695,Serpent's Fang,1.931,506
16.4,1st Item,6696,Axiom Arc,-1.7921,329
16.4,1st Item,6697,Hubris,-0.0061,10320
16.4,1st Item,6698,Profane Hydra,1.391,1903
16.4,1st Item,6699,Voltaic Cyclosword,-0.5828,200
16.4,1st Item,6701,Opportunity,1.4448,194
16.4,2nd Item,2517,Endless Hunger,-0.1709,135
16.4,2nd Item,2523,Hexoptics C44,0.7833,1087
16.4,2nd Item,3031,Infinity Edge,-1.2908,5161
16.4,2nd Item,3033,Mortal Reminder,0.2195,2924
16.4,2nd Item,3036,Lord Dominik's Regards,0.1592,9444
16.4,2nd Item,3046,Phantom Dancer,-13.2934,131
16.4,2nd Item,3071,Black Cleaver,0.8361,10834
16.4,2nd Item,3072,Bloodthirster,-0.9215,304
16.4,2nd Item,3078,Trinity Force,2.2202,363
16.4,2nd Item,3097,Stormrazor,-0.4922,958
16.4,2nd Item,3142,Youmuu's Ghostblade,-1.0506,8736
16.4,2nd Item,3156,Maw of Malmortius,2.7437,1030
16.4,2nd Item,3179,Umbral Glaive,-0.5274,183
16.4,2nd Item,3508,Essence Reaver,1.645,166
16.4,2nd Item,3814,Edge of Night,2.0317,256
16.4,2nd Item,6333,Death's Dance,-10.6046,120
16.4,2nd Item,6610,Sundered Sky,2.8331,2999
16.4,2nd Item,6665,"Jak'Sho, The Protean",-2.4655,146
16.4,2nd Item,6673,Immortal Shieldbow,1.0951,4322
16.4,2nd Item,6676,The Collector,-0.0556,164319
16.4,2nd Item,6695,Serpent's Fang,1.779,1710
16.4,2nd Item,6697,Hubris,-1.6826,422
16.4,2nd Item,6701,Opportunity,0.244,322
16.4,3rd Item,2517,Endless Hunger,-3.4181,701
16.4,3rd Item,2523,Hexoptics C44,4.3439,149
16.4,3rd Item,2525,Protoplasm Harness,0.2909,422
16.4,3rd Item,3026,Guardian Angel,3.1524,302
16.4,3rd Item,3031,Infinity Edge,-1.5323,18121
16.4,3rd Item,3033,Mortal Reminder,-0.3204,28384
16.4,3rd Item,3036,Lord Dominik's Regards,0.573,77408
16.4,3rd Item,3046,Phantom Dancer,-1.2285,152
16.4,3rd Item,3053,Sterak's Gage,0.5881,131
16.4,3rd Item,3071,Black Cleaver,-0.1641,2553
16.4,3rd Item,3072,Bloodthirster,-0.7099,1225
16.4,3rd Item,3078,Trinity Force,-2.1541,151
16.4,3rd Item,3097,Stormrazor,1.1898,463
16.4,3rd Item,3139,Mercurial Scimitar,-2.5888,115
16.4,3rd Item,3142,Youmuu's Ghostblade,-1.8887,550
16.4,3rd Item,3156,Maw of Malmortius,-0.2467,4117
16.4,3rd Item,3161,Spear of Shojin,-7.238,446
16.4,3rd Item,3508,Essence Reaver,-1.1284,108
16.4,3rd Item,3814,Edge of Night,-0.3905,547
16.4,3rd Item,6333,Death's Dance,0.4478,952
16.4,3rd Item,6609,Chempunk Chainsword,-7.1355,129
16.4,3rd Item,6610,Sundered Sky,1.0932,3162
16.4,3rd Item,6665,"Jak'Sho, The Protean",-1.4565,580
16.4,3rd Item,6673,Immortal Shieldbow,-0.0316,30782
16.4,3rd Item,6676,The Collector,-0.1113,3432
16.4,3rd Item,6694,Serylda's Grudge,-1.2444,140
16.4,3rd Item,6695,Serpent's Fang,0.1177,2573
16.4,3rd Item,6697,Hubris,-2.9502,129
16.4,3rd Item,6701,Opportunity,-0.5684,119
16.4,4th+ Item,2501,Overlord's Bloodmail,-1.5974,194
16.4,4th+ Item,2504,Kaenic Rookern,3.0005,434
16.4,4th+ Item,2517,Endless Hunger,-1.6482,667
16.4,4th+ Item,2523,Hexoptics C44,-0.7091,357
16.4,4th+ Item,2525,Protoplasm Harness,-2.3202,279
16.4,4th+ Item,3026,Guardian Angel,1.3124,17190
16.4,4th+ Item,3031,Infinity Edge,-0.5047,46743
16.4,4th+ Item,3033,Mortal Reminder,0.1672,6595
16.4,4th+ Item,3036,Lord Dominik's Regards,0.6471,14880
16.4,4th+ Item,3046,Phantom Dancer,-2.5034,551
16.4,4th+ Item,3053,Sterak's Gage,1.847,210
16.4,4th+ Item,3065,Spirit Visage,1.7012,133
16.4,4th+ Item,3071,Black Cleaver,0.2228,563
16.4,4th+ Item,3072,Bloodthirster,-0.9216,12626
16.4,4th+ Item,3078,Trinity Force,2.3878,110
16.4,4th+ Item,3094,Rapid Firecannon,-2.8753,376
16.4,4th+ Item,3097,Stormrazor,-1.5281,1712
16.4,4th+ Item,3110,Frozen Heart,-0.3148,122
16.4,4th+ Item,3139,Mercurial Scimitar,-0.9214,1973
16.4,4th+ Item,3142,Youmuu's Ghostblade,-1.5545,482
16.4,4th+ Item,3143,Randuin's Omen,-3.021,740
16.4,4th+ Item,3156,Maw of Malmortius,-0.0138,6471
16.4,4th+ Item,3161,Spear of Shojin,-5.315,170
16.4,4th+ Item,3508,Essence Reaver,-1.0975,152
16.4,4th+ Item,3814,Edge of Night,-0.3976,799
16.4,4th+ Item,4401,Force of Nature,0.9733,122
16.4,4th+ Item,6333,Death's Dance,0.19,1176
16.4,4th+ Item,6609,Chempunk Chainsword,-3.0939,353
16.4,4th+ Item,6610,Sundered Sky,0.4213,458
16.4,4th+ Item,6665,"Jak'Sho, The Protean",-2.7202,2168
16.4,4th+ Item,6673,Immortal Shieldbow,0.5825,46212
16.4,4th+ Item,6676,The Collector,-2.6917,641
16.4,4th+ Item,6694,Serylda's Grudge,-2.8968,120
16.4,4th+ Item,6695,Serpent's Fang,-0.5786,3340
16.4,4th+ Item,6697,Hubris,-4.6324,198
16.4,4th+ Item,6701,Opportunity,2.0099,158
16.4,All Items,2501,Overlord's Bloodmail,-0.5985,250
16.4,All Items,2504,Kaenic Rookern,4.1669,537
16.4,All Items,2512,Fiendhunter Bolts,-5.0892,120
16.4,All Items,2517,Endless Hunger,-1.8247,1591
16.4,All Items,2520,Bastionbreaker,-3.7931,219
16.4,All Items,2523,Hexoptics C44,0.5437,1804
16.4,All Items,2525,Protoplasm Harness,-0.7625,731
16.4,All Items,3026,Guardian Angel,1.3074,19606
16.4,All Items,3031,Infinity Edge,-0.8228,71138
16.4,All Items,3033,Mortal Reminder,-0.1987,38105
16.4,All Items,3036,Lord Dominik's Regards,0.5357,102039
16.4,All Items,3046,Phantom Dancer,-2.951,1022
16.4,All Items,3053,Sterak's Gage,0.8542,375
16.4,All Items,3065,Spirit Visage,-0.5062,163
16.4,All Items,3071,Black Cleaver,0.6263,14748
16.4,All Items,3072,Bloodthirster,-1.0799,16069
16.4,All Items,3078,Trinity Force,1.7402,4961
16.4,All Items,3094,Rapid Firecannon,-2.5366,483
16.4,All Items,3097,Stormrazor,-1.0957,5453
16.4,All Items,3110,Frozen Heart,-3.3024,176
16.4,All Items,3139,Mercurial Scimitar,-0.654,2382
16.4,All Items,3142,Youmuu's Ghostblade,-0.029,185262
16.4,All Items,3143,Randuin's Omen,-1.9052,936
16.4,All Items,3156,Maw of Malmortius,0.0755,11900
16.4,All Items,3161,Spear of Shojin,-5.5778,746
16.4,All Items,3179,Umbral Glaive,1.3512,2617
16.4,All Items,3508,Essence Reaver,-2.6735,682
16.4,All Items,3742,Dead Man's Plate,2.8048,126
16.4,All Items,3814,Edge of Night,-0.0216,1765
16.4,All Items,4401,Force of Nature,-0.1406,164
16.4,All Items,6333,Death's Dance,-0.1046,2380
16.4,All Items,6609,Chempunk Chainsword,-4.0949,508
16.4,All Items,6610,Sundered Sky,1.9642,8812
16.4,All Items,6631,Stridebreaker,-0.4468,135
16.4,All Items,6665,"Jak'Sho, The Protean",-2.4398,2973
16.4,All Items,6673,Immortal Shieldbow,0.3639,82193
16.4,All Items,6676,The Collector,-0.1432,198384
16.4,All Items,6692,Eclipse,-2.2698,171
16.4,All Items,6694,Serylda's Grudge,-1.5506,278
16.4,All Items,6695,Serpent's Fang,0.2952,8251
16.4,All Items,6696,Axiom Arc,-2.0413,528
16.4,All Items,6697,Hubris,-0.1923,11102
16.4,All Items,6698,Profane Hydra,1.0839,2059
16.4,All Items,6699,Voltaic Cyclosword,-1.7823,324
16.4,All Items,6701,Opportunity,0.996,809
16.5,Keystone,8369,First Strike,-0.0009,1449
16.5,Keystone,8230,Stormraider's Surge,-6.533,304
16.5,Keystone,8010,Conqueror,-2.8104,995
16.5,Keystone,9923,Hail of Blades,-10.1924,115
16.5,Keystone,8021,Fleet Footwork,0.657,128641
16.5,Keystone,8005,Press the Attack,5.4794,350
16.5,Keystone,8360,Unsealed Spellbook,-2.6393,487
16.5,Keystone,8008,Lethal Tempo,-5.4802,201
16.5,Keystone,8128,Dark Harvest,-0.3372,213422
16.5,Keystone,8112,Electrocute,-5.3978,427
16.5,Spell,3,Exhaust,-3.5652,127
16.5,Spell,4,Flash,-0.0035,345158
16.5,Spell,6,Ghost,0.2447,719
16.5,Spell,11,Smite,0.0,346607
16.5,Spell,14,Ignite,3.0084,593
16.5,Starter,1101,Scorchclaw Pup,0.1233,286893
16.5,Starter,1102,Gustwalker Hatchling,-0.7768,53961
16.5,Starter,1103,Mosstomper Seedling,1.2618,5173
16.5,Boots,3006,Berserker's Greaves,-2.9469,3241
16.5,Boots,3009,Boots of Swiftness,-0.5475,10247
16.5,Boots,3047,Plated Steelcaps,0.4624,151996
16.5,Boots,3111,Mercury's Treads,-0.2816,111164
16.5,Boots,3158,Ionian Boots of Lucidity,-2.2554,600
16.5,1st Item,3031,Infinity Edge,-5.9883,173
16.5,1st Item,3071,Black Cleaver,0.145,593
16.5,1st Item,3072,Bloodthirster,-0.2106,128
16.5,1st Item,3078,Trinity Force,2.3889,1420
16.5,1st Item,3097,Stormrazor,-1.7013,1125
16.5,1st Item,3142,Youmuu's Ghostblade,-0.2042,186830
16.5,1st Item,3179,Umbral Glaive,1.9642,2383
16.5,1st Item,3508,Essence Reaver,-2.5507,204
16.5,1st Item,6610,Sundered Sky,3.2198,1767
16.5,1st Item,6673,Immortal Shieldbow,1.8034,233
16.5,1st Item,6676,The Collector,-0.9964,33182
16.5,1st Item,6695,Serpent's Fang,0.9342,657
16.5,1st Item,6697,Hubris,0.5932,104738
16.5,1st Item,6698,Profane Hydra,-1.3193,1063
16.5,1st Item,6699,Voltaic Cyclosword,2.694,171
16.5,1st Item,6701,Opportunity,4.3109,155
16.5,2nd Item,2523,Hexoptics C44,-2.6799,2145
16.5,2nd Item,3031,Infinity Edge,-0.8401,5554
16.5,2nd Item,3033,Mortal Reminder,-0.5643,3532
16.5,2nd Item,3036,Lord Dominik's Regards,-0.8047,11917
16.5,2nd Item,3071,Black Cleaver,0.7124,15292
16.5,2nd Item,3072,Bloodthirster,-4.7784,185
16.5,2nd Item,3078,Trinity Force,-2.3918,1954
16.5,2nd Item,3097,Stormrazor,-1.2196,570
16.5,2nd Item,3142,Youmuu's Ghostblade,-0.8547,11426
16.5,2nd Item,3156,Maw of Malmortius,-0.1872,1199
16.5,2nd Item,3179,Umbral Glaive,-0.8208,232
16.5,2nd Item,3508,Essence Reaver,-8.3516,105
16.5,2nd Item,3814,Edge of Night,3.2068,275
16.5,2nd Item,6333,Death's Dance,-0.9106,160
16.5,2nd Item,6610,Sundered Sky,2.5202,6154
16.5,2nd Item,6673,Immortal Shieldbow,0.7677,4822
16.5,2nd Item,6676,The Collector,0.0229,241526
16.5,2nd Item,6695,Serpent's Fang,1.7884,2653
16.5,2nd Item,6697,Hubris,0.4153,1675
16.5,2nd Item,6698,Profane Hydra,-0.2971,2117
16.5,2nd Item,6701,Opportunity,4.9787,196
16.5,3rd Item,2517,Endless Hunger,-0.3267,1322
16.5,3rd Item,2523,Hexoptics C44,-2.688,1028
16.5,3rd Item,2525,Protoplasm Harness,1.5531,502
16.5,3rd Item,3026,Guardian Angel,-1.6761,215
16.5,3rd Item,3031,Infinity Edge,-1.1838,24698
16.5,3rd Item,3033,Mortal Reminder,-0.0042,42968
16.5,3rd Item,3036,Lord Dominik's Regards,0.4482,122931
16.5,3rd Item,3053,Sterak's Gage,-2.6603,140
16.5,3rd Item,3071,Black Cleaver,-0.333,6511
16.5,3rd Item,3072,Bloodthirster,-2.6053,1228
16.5,3rd Item,3078,Trinity Force,-3.3991,269
16.5,3rd Item,3097,Stormrazor,-5.7397,302
16.5,3rd Item,3139,Mercurial Scimitar,1.5759,133
16.5,3rd Item,3142,Youmuu's Ghostblade,-1.579,910
16.5,3rd Item,3143,Randuin's Omen,1.4376,107
16.5,3rd Item,3156,Maw of Malmortius,-0.3725,4529
16.5,3rd Item,3161,Spear of Shojin,-4.4299,1382
16.5,3rd Item,3814,Edge of Night,-0.9475,603
16.5,3rd Item,6333,Death's Dance,-0.6243,1116
16.5,3rd Item,6609,Chempunk Chainsword,0.6673,147
16.5,3rd Item,6610,Sundered Sky,1.1272,5810
16.5,3rd Item,6665,"Jak'Sho, The Protean",-1.9205,473
16.5,3rd Item,6673,Immortal Shieldbow,0.0856,31741
16.5,3rd Item,6676,The Collector,-1.5877,5852
16.5,3rd Item,6694,Serylda's Grudge,3.5061,249
16.5,3rd Item,6695,Serpent's Fang,-0.7529,3980
16.5,3rd Item,6696,Axiom Arc,-1.6843,103
16.5,3rd Item,6697,Hubris,-1.0057,393
16.5,3rd Item,6701,Opportunity,-0.3796,129
16.5,4th+ Item,2501,Overlord's Bloodmail,-2.3224,241
16.5,4th+ Item,2504,Kaenic Rookern,-0.913,556
16.5,4th+ Item,2512,Fiendhunter Bolts,1.0838,107
16.5,4th+ Item,2517,Endless Hunger,-2.0,1106
16.5,4th+ Item,2523,Hexoptics C44,-0.6154,4567
16.5,4th+ Item,2525,Protoplasm Harness,-1.5542,580
16.5,4th+ Item,3026,Guardian Angel,1.4638,18824
16.5,4th+ Item,3031,Infinity Edge,-0.5571,72325
16.5,4th+ Item,3033,Mortal Reminder,-0.2108,7014
16.5,4th+ Item,3036,Lord Dominik's Regards,1.2149,19802
16.5,4th+ Item,3046,Phantom Dancer,-0.5244,733
16.5,4th+ Item,3053,Sterak's Gage,-1.3692,478
16.5,4th+ Item,3065,Spirit Visage,-1.1596,155
16.5,4th+ Item,3071,Black Cleaver,-1.0986,810
16.5,4th+ Item,3072,Bloodthirster,-0.4146,18098
16.5,4th+ Item,3078,Trinity Force,-1.6785,296
16.5,4th+ Item,3094,Rapid Firecannon,-1.5199,584
16.5,4th+ Item,3097,Stormrazor,-2.8184,1034
16.5,4th+ Item,3110,Frozen Heart,-7.8372,131
16.5,4th+ Item,3139,Mercurial Scimitar,0.3006,2719
16.5,4th+ Item,3142,Youmuu's Ghostblade,-0.3664,1286
16.5,4th+ Item,3143,Randuin's Omen,-0.7716,1073
16.5,4th+ Item,3156,Maw of Malmortius,0.5618,8002
16.5,4th+ Item,3161,Spear of Shojin,-0.2775,406
16.5,4th+ Item,3508,Essence Reaver,-1.1042,197
16.5,4th+ Item,3742,Dead Man's Plate,-0.5893,132
16.5,4th+ Item,3814,Edge of Night,0.8261,1195
16.5,4th+ Item,4401,Force of Nature,-2.2105,186
16.5,4th+ Item,6333,Death's Dance,-0.3621,1915
16.5,4th+ Item,6609,Chempunk Chainsword,-2.5421,481
16.5,4th+ Item,6610,Sundered Sky,-1.265,2271
16.5,4th+ Item,6665,"Jak'Sho, The Protean",-1.9963,3488
16.5,4th+ Item,6673,Immortal Shieldbow,0.3611,72311
16.5,4th+ Item,6676,The Collector,0.187,1132
16.5,4th+ Item,6694,Serylda's Grudge,0.2556,193
16.5,4th+ Item,6695,Serpent's Fang,-0.5353,4999
16.5,4th+ Item,6697,Hubris,-0.0931,533
16.5,4th+ Item,6699,Voltaic Cyclosword,-6.1403,106
16.5,4th+ Item,6701,Opportunity,-4.2938,208
16.5,All Items,2501,Overlord's Bloodmail,0.375,335
16.5,All Items,2504,Kaenic Rookern,-1.7795,703
16.5,All Items,2512,Fiendhunter Bolts,-0.2548,162
16.5,All Items,2517,Endless Hunger,-0.8288,2533
16.5,All Items,2520,Bastionbreaker,-4.1013,216
16.5,All Items,2523,Hexoptics C44,-1.4449,7909
16.5,All Items,2525,Protoplasm Harness,-0.3663,1139
16.5,All Items,3026,Guardian Angel,1.5181,21894
16.5,All Items,3031,Infinity Edge,-0.7509,103972
16.5,All Items,3033,Mortal Reminder,-0.0749,53769
16.5,All Items,3036,Lord Dominik's Regards,0.4497,155073
16.5,All Items,3046,Phantom Dancer,-0.9113,1131
16.5,All Items,3053,Sterak's Gage,-1.9451,649
16.5,All Items,3065,Spirit Visage,-2.3796,192
16.5,All Items,3071,Black Cleaver,0.3199,23242
16.5,All Items,3072,Bloodthirster,-0.5974,21690
16.5,All Items,3078,Trinity Force,-0.6325,3973
16.5,All Items,3094,Rapid Firecannon,-1.8718,758
16.5,All Items,3097,Stormrazor,-2.2941,3280
16.5,All Items,3110,Frozen Heart,-7.073,182
16.5,All Items,3139,Mercurial Scimitar,0.2706,3249
16.5,All Items,3142,Youmuu's Ghostblade,-0.2508,200885
16.5,All Items,3143,Randuin's Omen,-0.393,1351
16.5,All Items,3156,Maw of Malmortius,0.1495,14071
16.5,All Items,3161,Spear of Shojin,-3.2486,1883
16.5,All Items,3179,Umbral Glaive,1.5871,2758
16.5,All Items,3508,Essence Reaver,-2.2399,618
16.5,All Items,3742,Dead Man's Plate,2.6179,198
16.5,All Items,3814,Edge of Night,0.497,2242
16.5,All Items,4401,Force of Nature,-0.7697,251
16.5,All Items,6333,Death's Dance,-0.6063,3380
16.5,All Items,6609,Chempunk Chainsword,-1.8762,653
16.5,All Items,6610,Sundered Sky,1.5293,16148
16.5,All Items,6665,"Jak'Sho, The Protean",-1.8867,4120
16.5,All Items,6673,Immortal Shieldbow,0.3113,109987
16.5,All Items,6676,The Collector,-0.1321,281817
16.5,All Items,6692,Eclipse,-6.955,162
16.5,All Items,6694,Serylda's Grudge,1.5709,468
16.5,All Items,6695,Serpent's Fang,-0.0551,12485
16.5,All Items,6696,Axiom Arc,0.0799,361
16.5,All Items,6697,Hubris,0.5772,107392
16.5,All Items,6698,Profane Hydra,-0.4943,3321
16.5,All Items,6699,Voltaic Cyclosword,-0.7219,373
16.5,All Items,6701,Opportunity,1.2827,702
16.6,Keystone,8369,First Strike,0.7068,2589
16.6,Keystone,8230,Stormraider's Surge,1.5766,278
16.6,Keystone,8010,Conqueror,-2.5179,1167
16.6,Keystone,9923,Hail of Blades,-6.2127,177
16.6,Keystone,8021,Fleet Footwork,0.4635,143184
16.6,Keystone,8005,Press the Attack,0.9562,400
16.6,Keystone,8008,Lethal Tempo,-5.2121,236
16.6,Keystone,8229,Arcane Comet,-5.1005,113
16.6,Keystone,8128,Dark Harvest,-0.1949,288235
16.6,Keystone,8112,Electrocute,-8.4185,452
16.6,Spell,3,Exhaust,-5.7958,142
16.6,Spell,4,Flash,0.002,435548
16.6,Spell,6,Ghost,0.8546,592
16.6,Spell,11,Smite,0.0,437075
16.6,Spell,14,Ignite,-1.2254,776
16.6,Starter,1101,Scorchclaw Pup,0.0712,366232
16.6,Starter,1102,Gustwalker Hatchling,-0.5361,62704
16.6,Starter,1103,Mosstomper Seedling,1.019,7407
16.6,Boots,3006,Berserker's Greaves,-2.2433,3736
16.6,Boots,3009,Boots of Swiftness,-0.822,12761
16.6,Boots,3047,Plated Steelcaps,0.5483,188560
16.6,Boots,3111,Mercury's Treads,-0.1982,141756
16.6,Boots,3158,Ionian Boots of Lucidity,0.5892,665
16.6,1st Item,2523,Hexoptics C44,-1.1831,124
16.6,1st Item,3031,Infinity Edge,-2.6329,187
16.6,1st Item,3071,Black Cleaver,-0.8431,335
16.6,1st Item,3078,Trinity Force,-0.2458,767
16.6,1st Item,3097,Stormrazor,-0.4469,797
16.6,1st Item,3142,Youmuu's Ghostblade,-0.2732,107708
16.6,1st Item,3179,Umbral Glaive,2.7496,1918
16.6,1st Item,3508,Essence Reaver,-1.5816,139
16.6,1st Item,6610,Sundered Sky,1.8648,1058
16.6,1st Item,6673,Immortal Shieldbow,-2.5686,190
16.6,1st Item,6676,The Collector,-1.5803,32868
16.6,1st Item,6695,Serpent's Fang,2.4239,611
16.6,1st Item,6697,Hubris,0.2765,274920
16.6,1st Item,6698,Profane Hydra,0.2449,599
16.6,1st Item,6699,Voltaic Cyclosword,1.9749,101
16.6,1st Item,6701,Opportunity,-1.3633,113
16.6,2nd Item,2523,Hexoptics C44,-2.7817,1094
16.6,2nd Item,3031,Infinity Edge,-2.1004,5586
16.6,2nd Item,3033,Mortal Reminder,0.1182,3859
16.6,2nd Item,3036,Lord Dominik's Regards,-0.7279,13592
16.6,2nd Item,3071,Black Cleaver,1.327,10388
16.6,2nd Item,3072,Bloodthirster,-1.3835,189
16.6,2nd Item,3078,Trinity Force,-1.0344,495
16.6,2nd Item,3097,Stormrazor,0.7833,385
16.6,2nd Item,3142,Youmuu's Ghostblade,-1.9245,10743
16.6,2nd Item,3156,Maw of Malmortius,2.3961,1009
16.6,2nd Item,3179,Umbral Glaive,2.2975,198
16.6,2nd Item,3814,Edge of Night,-1.9171,214
16.6,2nd Item,6333,Death's Dance,-5.9817,138
16.6,2nd Item,6610,Sundered Sky,2.3409,6138
16.6,2nd Item,6673,Immortal Shieldbow,1.1872,4542
16.6,2nd Item,6676,The Collector,0.049,330441
16.6,2nd Item,6695,Serpent's Fang,-0.6766,2922
16.6,2nd Item,6697,Hubris,-1.3329,2815
16.6,2nd Item,6698,Profane Hydra,0.5679,715
16.6,2nd Item,6701,Opportunity,0.8888,115
16.6,3rd Item,2517,Endless Hunger,-1.0226,447
16.6,3rd Item,2523,Hexoptics C44,-1.4324,2982
16.6,3rd Item,2525,Protoplasm Harness,-2.1846,190
16.6,3rd Item,3026,Guardian Angel,-1.5787,433
16.6,3rd Item,3031,Infinity Edge,-1.4601,34770
16.6,3rd Item,3033,Mortal Reminder,-0.0952,48662
16.6,3rd Item,3036,Lord Dominik's Regards,0.4746,169477
16.6,3rd Item,3071,Black Cleaver,0.7105,5379
16.6,3rd Item,3072,Bloodthirster,-1.7756,961
16.6,3rd Item,3078,Trinity Force,2.5094,117
16.6,3rd Item,3097,Stormrazor,-3.7239,221
16.6,3rd Item,3139,Mercurial Scimitar,0.2246,173
16.6,3rd Item,3142,Youmuu's Ghostblade,-1.0212,1344
16.6,3rd Item,3156,Maw of Malmortius,0.2241,4956
16.6,3rd Item,3161,Spear of Shojin,-3.1296,685
16.6,3rd Item,3814,Edge of Night,0.9799,639
16.6,3rd Item,6333,Death's Dance,-2.1516,828
16.6,3rd Item,6609,Chempunk Chainsword,-2.8182,136
16.6,3rd Item,6610,Sundered Sky,1.8766,4851
16.6,3rd Item,6665,"Jak'Sho, The Protean",1.5192,388
16.6,3rd Item,6673,Immortal Shieldbow,-0.2807,37168
16.6,3rd Item,6676,The Collector,-1.5441,6580
16.6,3rd Item,6694,Serylda's Grudge,-4.0834,218
16.6,3rd Item,6695,Serpent's Fang,-0.5091,4678
16.6,3rd Item,6697,Hubris,-2.2628,446
16.6,3rd Item,6701,Opportunity,-2.88,117
16.6,4th+ Item,2501,Overlord's Bloodmail,0.1929,168
16.6,4th+ Item,2504,Kaenic Rookern,2.591,662
16.6,4th+ Item,2512,Fiendhunter Bolts,-1.0803,162
16.6,4th+ Item,2517,Endless Hunger,-0.3574,703
16.6,4th+ Item,2523,Hexoptics C44,-0.8989,12995
16.6,4th+ Item,2525,Protoplasm Harness,-0.5378,386
16.6,4th+ Item,3026,Guardian Angel,1.5684,29102
16.6,4th+ Item,3031,Infinity Edge,-0.5283,93696
16.6,4th+ Item,3033,Mortal Reminder,-0.2886,9656
16.6,4th+ Item,3036,Lord Dominik's Regards,0.8577,25870
16.6,4th+ Item,3046,Phantom Dancer,-4.8753,821
16.6,4th+ Item,3053,Sterak's Gage,-0.826,243
16.6,4th+ Item,3065,Spirit Visage,-1.58,140
16.6,4th+ Item,3071,Black Cleaver,-0.5026,686
16.6,4th+ Item,3072,Bloodthirster,-0.8257,18478
16.6,4th+ Item,3094,Rapid Firecannon,-2.8974,585
16.6,4th+ Item,3097,Stormrazor,-2.6133,889
16.6,4th+ Item,3110,Frozen Heart,-2.3364,137
16.6,4th+ Item,3139,Mercurial Scimitar,-1.0217,3415
16.6,4th+ Item,3142,Youmuu's Ghostblade,-0.4257,2208
16.6,4th+ Item,3143,Randuin's Omen,0.106,1015
16.6,4th+ Item,3156,Maw of Malmortius,-0.2529,10983
16.6,4th+ Item,3161,Spear of Shojin,-5.1073,203
16.6,4th+ Item,3508,Essence Reaver,-3.2519,181
16.6,4th+ Item,3742,Dead Man's Plate,-4.1315,108
16.6,4th+ Item,3814,Edge of Night,0.8248,1150
16.6,4th+ Item,4401,Force of Nature,-0.2724,177
16.6,4th+ Item,6333,Death's Dance,0.2253,1990
16.6,4th+ Item,6609,Chempunk Chainsword,-5.0502,477
16.6,4th+ Item,6610,Sundered Sky,-0.8964,1529
16.6,4th+ Item,6665,"Jak'Sho, The Protean",0.1438,2846
16.6,4th+ Item,6673,Immortal Shieldbow,0.4939,83644
16.6,4th+ Item,6676,The Collector,0.1035,1239
16.6,4th+ Item,6694,Serylda's Grudge,1.6164,177
16.6,4th+ Item,6695,Serpent's Fang,-1.3226,6126
16.6,4th+ Item,6697,Hubris,-1.6753,466
16.6,4th+ Item,6701,Opportunity,1.9505,161
16.6,All Items,2501,Overlord's Bloodmail,0.4866,217
16.6,All Items,2504,Kaenic Rookern,2.9185,806
16.6,All Items,2512,Fiendhunter Bolts,-1.0283,209
16.6,All Items,2517,Endless Hunger,-0.3577,1232
16.6,All Items,2520,Bastionbreaker,-1.6407,154
16.6,All Items,2523,Hexoptics C44,-1.1361,17355
16.6,All Items,2525,Protoplasm Harness,-0.9266,607
16.6,All Items,3026,Guardian Angel,1.4577,33170
16.6,All Items,3031,Infinity Edge,-0.844,135686
16.6,All Items,3033,Mortal Reminder,-0.1225,62454
16.6,All Items,3036,Lord Dominik's Regards,0.4483,209468
16.6,All Items,3046,Phantom Dancer,-4.1651,1175
16.6,All Items,3053,Sterak's Gage,-1.8007,339
16.6,All Items,3065,Spirit Visage,-2.1894,179
16.6,All Items,3071,Black Cleaver,1.0074,16816
16.6,All Items,3072,Bloodthirster,-0.7886,22064
16.6,All Items,3078,Trinity Force,-0.6636,1504
16.6,All Items,3094,Rapid Firecannon,-2.445,724
16.6,All Items,3097,Stormrazor,-1.3793,2489
16.6,All Items,3110,Frozen Heart,-2.0296,191
16.6,All Items,3139,Mercurial Scimitar,-0.916,3990
16.6,All Items,3142,Youmuu's Ghostblade,-0.4314,122610
16.6,All Items,3143,Randuin's Omen,0.0971,1241
16.6,All Items,3156,Maw of Malmortius,-0.0315,17407
16.6,All Items,3161,Spear of Shojin,-3.3828,931
16.6,All Items,3179,Umbral Glaive,2.5626,2249
16.6,All Items,3508,Essence Reaver,-2.0026,482
16.6,All Items,3742,Dead Man's Plate,-4.7062,154
16.6,All Items,3814,Edge of Night,0.6309,2179
16.6,All Items,4401,Force of Nature,0.5012,222
16.6,All Items,6333,Death's Dance,-0.5717,3143
16.6,All Items,6609,Chempunk Chainsword,-4.1214,642
16.6,All Items,6610,Sundered Sky,1.7111,13743
16.6,All Items,6665,"Jak'Sho, The Protean",0.0917,3383
16.6,All Items,6673,Immortal Shieldbow,0.2929,126843
16.6,All Items,6676,The Collector,-0.122,371253
16.6,All Items,6692,Eclipse,-1.8783,155
16.6,All Items,6694,Serylda's Grudge,-1.6405,421
16.6,All Items,6695,Serpent's Fang,-0.7663,14565
16.6,All Items,6696,Axiom Arc,-0.6667,186
16.6,All Items,6697,Hubris,0.2524,278734
16.6,All Items,6698,Profane Hydra,0.0907,1404
16.6,All Items,6699,Voltaic Cyclosword,-0.3945,266
16.6,All Items,6701,Opportunity,0.0209,526
16.7,Keystone,8369,First Strike,1.0088,2230
16.7,Keystone,8230,Stormraider's Surge,5.2815,269
16.7,Keystone,8010,Conqueror,-7.2204,1097
16.7,Keystone,9923,Hail of Blades,3.1446,187
16.7,Keystone,8021,Fleet Footwork,0.356,133331
16.7,Keystone,8005,Press the Attack,-5.4114,368
16.7,Keystone,8360,Unsealed Spellbook,-4.9651,122
16.7,Keystone,8008,Lethal Tempo,-5.0848,269
16.7,Keystone,8437,Grasp of the Undying,-12.4319,102
16.7,Keystone,8128,Dark Harvest,-0.1322,269747
16.7,Keystone,8112,Electrocute,-3.0446,376
16.7,Spell,3,Exhaust,-4.2602,148
16.7,Spell,4,Flash,0.0073,406682
16.7,Spell,6,Ghost,-1.355,860
16.7,Spell,11,Smite,0.0,408246
16.7,Spell,14,Ignite,-2.2372,547
16.7,Starter,1101,Scorchclaw Pup,0.135,335277
16.7,Starter,1102,Gustwalker Hatchling,-0.6624,65230
16.7,Starter,1103,Mosstomper Seedling,-0.2911,7102
16.7,Boots,3006,Berserker's Greaves,-2.5273,3348
16.7,Boots,3009,Boots of Swiftness,-0.7849,12030
16.7,Boots,3047,Plated Steelcaps,0.5,178505
16.7,Boots,3111,Mercury's Treads,-0.393,129439
16.7,Boots,3158,Ionian Boots of Lucidity,1.4339,603
16.7,1st Item,2523,Hexoptics C44,-5.7916,108
16.7,1st Item,3031,Infinity Edge,-4.3536,163
16.7,1st Item,3071,Black Cleaver,0.3872,289
16.7,1st Item,3078,Trinity Force,-2.4529,340
16.7,1st Item,3097,Stormrazor,-0.6369,563
16.7,1st Item,3142,Youmuu's Ghostblade,-0.6122,66158
16.7,1st Item,3179,Umbral Glaive,2.7982,1315
16.7,1st Item,3508,Essence Reaver,-6.389,104
16.7,1st Item,6610,Sundered Sky,1.0285,651
16.7,1st Item,6673,Immortal Shieldbow,1.8227,145
16.7,1st Item,6676,The Collector,-1.9684,29599
16.7,1st Item,6695,Serpent's Fang,-3.183,609
16.7,1st Item,6697,Hubris,0.3172,292262
16.7,1st Item,6698,Profane Hydra,3.2334,2296
16.7,2nd Item,2523,Hexoptics C44,-1.4039,1476
16.7,2nd Item,3031,Infinity Edge,-2.0528,4922
16.7,2nd Item,3033,Mortal Reminder,0.3096,3840
16.7,2nd Item,3036,Lord Dominik's Regards,-0.9069,13364
16.7,2nd Item,3071,Black Cleaver,0.4393,6824
16.7,2nd Item,3072,Bloodthirster,-4.378,119
16.7,2nd Item,3078,Trinity Force,-1.0985,261
16.7,2nd Item,3097,Stormrazor,-2.7072,351
16.7,2nd Item,3142,Youmuu's Ghostblade,-1.3594,7805
16.7,2nd Item,3156,Maw of Malmortius,0.4262,893
16.7,2nd Item,3179,Umbral Glaive,-1.4389,174
16.7,2nd Item,3814,Edge of Night,0.9345,202
16.7,2nd Item,6333,Death's Dance,-1.3862,117
16.7,2nd Item,6610,Sundered Sky,2.6976,7325
16.7,2nd Item,6673,Immortal Shieldbow,0.2308,4249
16.7,2nd Item,6676,The Collector,0.0621,310649
16.7,2nd Item,6695,Serpent's Fang,0.5239,2871
16.7,2nd Item,6697,Hubris,-1.761,3261
16.7,2nd Item,6698,Profane Hydra,-2.913,471
16.7,2nd Item,6701,Opportunity,-2.9067,108
16.7,3rd Item,2517,Endless Hunger,0.1465,305
16.7,3rd Item,2523,Hexoptics C44,-1.2989,2691
16.7,3rd Item,3026,Guardian Angel,3.4851,458
16.7,3rd Item,3031,Infinity Edge,-2.0859,35102
16.7,3rd Item,3033,Mortal Reminder,-0.0351,46187
16.7,3rd Item,3036,Lord Dominik's Regards,0.4979,159586
16.7,3rd Item,3071,Black Cleaver,0.5473,5546
16.7,3rd Item,3072,Bloodthirster,-1.2106,812
16.7,3rd Item,3097,Stormrazor,2.5307,175
16.7,3rd Item,3139,Mercurial Scimitar,-4.3814,128
16.7,3rd Item,3142,Youmuu's Ghostblade,-2.0047,1243
16.7,3rd Item,3156,Maw of Malmortius,-0.3495,4334
16.7,3rd Item,3161,Spear of Shojin,-1.61,447
16.7,3rd Item,3814,Edge of Night,-1.4604,522
16.7,3rd Item,6333,Death's Dance,-0.6667,702
16.7,3rd Item,6610,Sundered Sky,0.1441,3179
16.7,3rd Item,6665,"Jak'Sho, The Protean",-6.6626,257
16.7,3rd Item,6673,Immortal Shieldbow,0.2224,32462
16.7,3rd Item,6676,The Collector,-0.7053,5937
16.7,3rd Item,6694,Serylda's Grudge,1.9204,211
16.7,3rd Item,6695,Serpent's Fang,0.4106,4322
16.7,3rd Item,6697,Hubris,-0.9605,426
16.7,4th+ Item,2501,Overlord's Bloodmail,1.4672,151
16.7,4th+ Item,2504,Kaenic Rookern,-1.7792,537
16.7,4th+ Item,2517,Endless Hunger,1.3992,779
16.7,4th+ Item,2523,Hexoptics C44,-0.9093,12362
16.7,4th+ Item,2525,Protoplasm Harness,-2.7515,130
16.7,4th+ Item,3026,Guardian Angel,1.6623,28618
16.7,4th+ Item,3031,Infinity Edge,-0.5414,90928
16.7,4th+ Item,3033,Mortal Reminder,0.0162,8916
16.7,4th+ Item,3036,Lord Dominik's Regards,0.6391,24153
16.7,4th+ Item,3046,Phantom Dancer,-0.4971,647
16.7,4th+ Item,3053,Sterak's Gage,2.2423,289
16.7,4th+ Item,3065,Spirit Visage,-3.7394,107
16.7,4th+ Item,3071,Black Cleaver,-3.358,646
16.7,4th+ Item,3072,Bloodthirster,-0.7283,15448
16.7,4th+ Item,3094,Rapid Firecannon,-1.9158,440
16.7,4th+ Item,3097,Stormrazor,-2.2447,729
16.7,4th+ Item,3110,Frozen Heart,-0.7512,103
16.7,4th+ Item,3139,Mercurial Scimitar,-0.7206,3301
16.7,4th+ Item,3142,Youmuu's Ghostblade,0.2758,2036
16.7,4th+ Item,3143,Randuin's Omen,0.6017,882
16.7,4th+ Item,3156,Maw of Malmortius,-0.5373,9299
16.7,4th+ Item,3161,Spear of Shojin,-8.2277,156
16.7,4th+ Item,3508,Essence Reaver,-0.88,140
16.7,4th+ Item,3742,Dead Man's Plate,-2.2899,108
16.7,4th+ Item,3814,Edge of Night,0.4993,1034
16.7,4th+ Item,4401,Force of Nature,-2.7808,150
16.7,4th+ Item,6333,Death's Dance,-0.206,2057
16.7,4th+ Item,6609,Chempunk Chainsword,-3.5125,373
16.7,4th+ Item,6610,Sundered Sky,-0.0604,676
16.7,4th+ Item,6665,"Jak'Sho, The Protean",-1.6717,1715
16.7,4th+ Item,6673,Immortal Shieldbow,0.394,79059
16.7,4th+ Item,6676,The Collector,-1.0235,1184
16.7,4th+ Item,6694,Serylda's Grudge,-3.4465,134
16.7,4th+ Item,6695,Serpent's Fang,0.1497,5712
16.7,4th+ Item,6697,Hubris,-4.552,419
16.7,4th+ Item,6701,Opportunity,-2.5192,194
16.7,All Items,2501,Overlord's Bloodmail,1.309,184
16.7,All Items,2504,Kaenic Rookern,-1.6213,695
16.7,All Items,2512,Fiendhunter Bolts,-2.9446,117
16.7,All Items,2517,Endless Hunger,0.9432,1152
16.7,All Items,2520,Bastionbreaker,-5.2559,210
16.7,All Items,2523,Hexoptics C44,-0.985,17044
16.7,All Items,2525,Protoplasm Harness,-1.6602,212
16.7,All Items,3026,Guardian Angel,1.7488,32583
16.7,All Items,3031,Infinity Edge,-1.01,132430
16.7,All Items,3033,Mortal Reminder,-0.0245,59181
16.7,All Items,3036,Lord Dominik's Regards,0.4202,197594
16.7,All Items,3046,Phantom Dancer,-0.9736,992
16.7,All Items,3053,Sterak's Gage,1.5848,397
16.7,All Items,3065,Spirit Visage,-5.1276,141
16.7,All Items,3071,Black Cleaver,0.2873,13335
16.7,All Items,3072,Bloodthirster,-0.7179,18552
16.7,All Items,3078,Trinity Force,-1.6198,775
16.7,All Items,3094,Rapid Firecannon,-3.8364,546
16.7,All Items,3097,Stormrazor,-1.7863,2001
16.7,All Items,3110,Frozen Heart,-3.7186,135
16.7,All Items,3139,Mercurial Scimitar,-0.4626,3816
16.7,All Items,3142,Youmuu's Ghostblade,-0.6875,77868
16.7,All Items,3143,Randuin's Omen,-0.2399,1118
16.7,All Items,3156,Maw of Malmortius,-0.5137,14948
16.7,All Items,3161,Spear of Shojin,-2.7757,635
16.7,All Items,3179,Umbral Glaive,2.3201,1577
16.7,All Items,3508,Essence Reaver,-4.493,389
16.7,All Items,3742,Dead Man's Plate,-2.4598,146
16.7,All Items,3814,Edge of Night,0.4568,1893
16.7,All Items,4401,Force of Nature,-2.055,197
16.7,All Items,6333,Death's Dance,-0.4129,3057
16.7,All Items,6609,Chempunk Chainsword,-2.4936,467
16.7,All Items,6610,Sundered Sky,1.7243,11860
16.7,All Items,6665,"Jak'Sho, The Protean",-2.189,2089
16.7,All Items,6673,Immortal Shieldbow,0.3212,117221
16.7,All Items,6676,The Collector,-0.1283,347487
16.7,All Items,6692,Eclipse,-0.4504,140
16.7,All Items,6694,Serylda's Grudge,-0.5155,362
16.7,All Items,6695,Serpent's Fang,0.1428,13708
16.7,All Items,6696,Axiom Arc,-0.7732,183
16.7,All Items,6697,Hubris,0.2844,296450
16.7,All Items,6698,Profane Hydra,2.036,2856
16.7,All Items,6699,Voltaic Cyclosword,0.0894,208
16.7,All Items,6701,Opportunity,-2.458,486
16.8,Keystone,8369,First Strike,3.3519,1462
16.8,Keystone,8230,Stormraider's Surge,-3.5981,217
16.8,Keystone,8010,Conqueror,-6.7692,650
16.8,Keystone,8021,Fleet Footwork,0.4618,99031
16.8,Keystone,8005,Press the Attack,0.4198,295
16.8,Keystone,8360,Unsealed Spellbook,5.0386,183
16.8,Keystone,8008,Lethal Tempo,-5.5063,192
16.8,Keystone,8128,Dark Harvest,-0.2392,178703
16.8,Keystone,8112,Electrocute,-3.5616,243
16.8,Spell,3,Exhaust,-8.1062,121
16.8,Spell,4,Flash,0.0034,280387
16.8,Spell,6,Ghost,2.708,326
16.8,Spell,11,Smite,0.0,281250
16.8,Spell,14,Ignite,-2.0814,407
16.8,Starter,1101,Scorchclaw Pup,0.0633,230234
16.8,Starter,1102,Gustwalker Hatchling,-0.477,45501
16.8,Starter,1103,Mosstomper Seedling,1.2981,5496
16.8,Boots,3006,Berserker's Greaves,-2.8875,2224
16.8,Boots,3009,Boots of Swiftness,-0.3211,7694
16.8,Boots,3047,Plated Steelcaps,0.4235,128343
16.8,Boots,3111,Mercury's Treads,-0.1839,91191
16.8,Boots,3158,Ionian Boots of Lucidity,-5.1104,356
16.8,1st Item,2523,Hexoptics C44,-7.9751,141
16.8,1st Item,3031,Infinity Edge,-3.4078,110
16.8,1st Item,3071,Black Cleaver,2.1127,161
16.8,1st Item,3078,Trinity Force,0.496,182
16.8,1st Item,3097,Stormrazor,-2.537,331
16.8,1st Item,3142,Youmuu's Ghostblade,-0.1879,41353
16.8,1st Item,3179,Umbral Glaive,2.9329,746
16.8,1st Item,6610,Sundered Sky,8.3256,425
16.8,1st Item,6676,The Collector,-1.953,20850
16.8,1st Item,6695,Serpent's Fang,-3.2343,431
16.8,1st Item,6697,Hubris,0.2179,214509
16.8,1st Item,6698,Profane Hydra,2.1033,972
16.8,2nd Item,2523,Hexoptics C44,-2.5624,3303
16.8,2nd Item,3031,Infinity Edge,-2.271,3634
16.8,2nd Item,3033,Mortal Reminder,0.02,2502
16.8,2nd Item,3036,Lord Dominik's Regards,-0.9507,9793
16.8,2nd Item,3071,Black Cleaver,0.6983,3731
16.8,2nd Item,3072,Bloodthirster,-7.5734,102
16.8,2nd Item,3097,Stormrazor,-4.3802,299
16.8,2nd Item,3142,Youmuu's Ghostblade,-1.4174,4898
16.8,2nd Item,3156,Maw of Malmortius,-2.0974,626
16.8,2nd Item,3814,Edge of Night,1.0138,139
16.8,2nd Item,6610,Sundered Sky,0.9933,4727
16.8,2nd Item,6673,Immortal Shieldbow,0.8823,3098
16.8,2nd Item,6676,The Collector,0.1189,221321
16.8,2nd Item,6695,Serpent's Fang,0.1998,1874
16.8,2nd Item,6697,Hubris,-0.1095,2388
16.8,2nd Item,6698,Profane Hydra,-2.5987,173
16.8,3rd Item,2517,Endless Hunger,-1.2959,137
16.8,3rd Item,2523,Hexoptics C44,-2.8502,2064
16.8,3rd Item,3026,Guardian Angel,-0.4492,320
16.8,3rd Item,3031,Infinity Edge,-2.0158,25865
16.8,3rd Item,3033,Mortal Reminder,0.0447,32786
16.8,3rd Item,3036,Lord Dominik's Regards,0.5281,114156
16.8,3rd Item,3071,Black Cleaver,-0.464,3302
16.8,3rd Item,3072,Bloodthirster,-1.0568,548
16.8,3rd Item,3097,Stormrazor,2.4425,125
16.8,3rd Item,3142,Youmuu's Ghostblade,-1.8364,690
16.8,3rd Item,3156,Maw of Malmortius,0.2064,2774
16.8,3rd Item,3161,Spear of Shojin,-4.7335,333
16.8,3rd Item,3814,Edge of Night,1.2048,370
16.8,3rd Item,6333,Death's Dance,-0.6988,467
16.8,3rd Item,6610,Sundered Sky,-0.4176,1605
16.8,3rd Item,6665,"Jak'Sho, The Protean",-0.3307,148
16.8,3rd Item,6673,Immortal Shieldbow,0.3786,24428
16.8,3rd Item,6676,The Collector,-1.101,3990
16.8,3rd Item,6695,Serpent's Fang,-1.1859,2865
16.8,3rd Item,6697,Hubris,-2.8424,346
16.8,4th+ Item,2501,Overlord's Bloodmail,-1.4944,106
16.8,4th+ Item,2504,Kaenic Rookern,-1.3126,380
16.8,4th+ Item,2517,Endless Hunger,-1.5258,494
16.8,4th+ Item,2523,Hexoptics C44,-0.6392,8880
16.8,4th+ Item,3026,Guardian Angel,1.7945,20860
16.8,4th+ Item,3031,Infinity Edge,-0.5344,65916
16.8,4th+ Item,3033,Mortal Reminder,-0.2641,6574
16.8,4th+ Item,3036,Lord Dominik's Regards,0.7349,17890
16.8,4th+ Item,3046,Phantom Dancer,0.0891,462
16.8,4th+ Item,3053,Sterak's Gage,1.7496,146
16.8,4th+ Item,3071,Black Cleaver,-2.7604,377
16.8,4th+ Item,3072,Bloodthirster,-0.4278,11202
16.8,4th+ Item,3094,Rapid Firecannon,-1.5632,303
16.8,4th+ Item,3097,Stormrazor,-0.5638,501
16.8,4th+ Item,3139,Mercurial Scimitar,0.8785,2416
16.8,4th+ Item,3142,Youmuu's Ghostblade,-0.0493,1398
16.8,4th+ Item,3143,Randuin's Omen,-0.7613,630
16.8,4th+ Item,3156,Maw of Malmortius,-0.2812,6278
16.8,4th+ Item,3508,Essence Reaver,-6.0027,102
16.8,4th+ Item,3814,Edge of Night,-0.2894,656
16.8,4th+ Item,4401,Force of Nature,-2.6468,108
16.8,4th+ Item,6333,Death's Dance,-1.4279,1397
16.8,4th+ Item,6609,Chempunk Chainsword,-6.1012,230
16.8,4th+ Item,6610,Sundered Sky,-6.1545,334
16.8,4th+ Item,6665,"Jak'Sho, The Protean",-0.7126,1132
16.8,4th+ Item,6673,Immortal Shieldbow,0.227,58019
16.8,4th+ Item,6676,The Collector,0.1729,731
16.8,4th+ Item,6695,Serpent's Fang,-1.0505,4077
16.8,4th+ Item,6697,Hubris,-6.8877,283
16.8,All Items,2501,Overlord's Bloodmail,-0.2679,136
16.8,All Items,2504,Kaenic Rookern,-0.3218,470
16.8,All Items,2517,Endless Hunger,-1.9685,696
16.8,All Items,2523,Hexoptics C44,-1.4668,14698
16.8,All Items,2525,Protoplasm Harness,1.1548,135
16.8,All Items,3026,Guardian Angel,1.7595,23719
16.8,All Items,3031,Infinity Edge,-1.0125,96471
16.8,All Items,3033,Mortal Reminder,-0.0256,42038
16.8,All Items,3036,Lord Dominik's Regards,0.4569,142203
16.8,All Items,3046,Phantom Dancer,-0.3734,687
16.8,All Items,3053,Sterak's Gage,3.9505,219
16.8,All Items,3071,Black Cleaver,0.0217,7602
16.8,All Items,3072,Bloodthirster,-0.5307,13455
16.8,All Items,3078,Trinity Force,1.0257,365
16.8,All Items,3094,Rapid Firecannon,-0.7165,394
16.8,All Items,3097,Stormrazor,-1.3662,1373
16.8,All Items,3110,Frozen Heart,-5.3994,114
16.8,All Items,3139,Mercurial Scimitar,0.5865,2806
16.8,All Items,3142,Youmuu's Ghostblade,-0.3309,48769
16.8,All Items,3143,Randuin's Omen,-0.8566,818
16.8,All Items,3156,Maw of Malmortius,-0.2992,9975
16.8,All Items,3161,Spear of Shojin,-4.5081,407
16.8,All Items,3179,Umbral Glaive,3.0899,910
16.8,All Items,3508,Essence Reaver,-2.8342,272
16.8,All Items,3814,Edge of Night,0.847,1281
16.8,All Items,4401,Force of Nature,-3.2518,135
16.8,All Items,6333,Death's Dance,-0.8304,2118
16.8,All Items,6609,Chempunk Chainsword,-5.5808,295
16.8,All Items,6610,Sundered Sky,0.7672,7122
16.8,All Items,6665,"Jak'Sho, The Protean",-0.7597,1377
16.8,All Items,6673,Immortal Shieldbow,0.271,86636
16.8,All Items,6676,The Collector,-0.0755,246965
16.8,All Items,6692,Eclipse,-1.8524,126
16.8,All Items,6694,Serylda's Grudge,-1.9426,204
16.8,All Items,6695,Serpent's Fang,-0.903,9404
16.8,All Items,6697,Hubris,0.2009,217586
16.8,All Items,6698,Profane Hydra,1.4872,1188
16.8,All Items,6699,Voltaic Cyclosword,0.024,146
16.8,All Items,6701,Opportunity,2.9055,260
16.9,Keystone,8369,First Strike,1.9419,843
16.9,Keystone,8230,Stormraider's Surge,0.9362,2521
16.9,Keystone,8010,Conqueror,-3.4107,725
16.9,Keystone,9923,Hail of Blades,0.2887,276
16.9,Keystone,8021,Fleet Footwork,0.3946,101976
16.9,Keystone,8005,Press the Attack,-7.3164,240
16.9,Keystone,8008,Lethal Tempo,-8.2996,202
16.9,Keystone,8992,Deathfire Touch,-5.7057,154
16.9,Keystone,8128,Dark Harvest,-0.1575,206756
16.9,Keystone,8112,Electrocute,-8.9903,278
16.9,Spell,3,Exhaust,-5.3958,149
16.9,Spell,4,Flash,0.0087,313227
16.9,Spell,6,Ghost,-4.8379,332
16.9,Spell,11,Smite,-0.0,314188
16.9,Spell,14,Ignite,-0.5695,469
16.9,Starter,1101,Scorchclaw Pup,0.177,255213
16.9,Starter,1102,Gustwalker Hatchling,-0.8291,52644
16.9,Starter,1103,Mosstomper Seedling,-0.2403,6300
16.9,Boots,3006,Berserker's Greaves,-2.3473,1958
16.9,Boots,3008,Gluttonous Greaves,1.9211,26079
16.9,Boots,3009,Boots of Swiftness,-0.8184,5829
16.9,Boots,3047,Plated Steelcaps,0.2652,133815
16.9,Boots,3111,Mercury's Treads,-0.48,91481
16.9,Boots,3158,Ionian Boots of Lucidity,1.9072,345
16.9,1st Item,2523,Hexoptics C44,-0.0318,372
16.9,1st Item,3031,Infinity Edge,-5.6546,108
16.9,1st Item,3071,Black Cleaver,-1.4491,196
16.9,1st Item,3078,Trinity Force,-2.4131,215
16.9,1st Item,3097,Stormrazor,-0.3731,385
16.9,1st Item,3142,Youmuu's Ghostblade,0.3034,57050
16.9,1st Item,3179,Umbral Glaive,1.7969,1539
16.9,1st Item,6610,Sundered Sky,1.1707,385
16.9,1st Item,6673,Immortal Shieldbow,1.9539,153
16.9,1st Item,6676,The Collector,-1.1541,25677
16.9,1st Item,6695,Serpent's Fang,-0.4212,470
16.9,1st Item,6697,Hubris,0.0123,218885
16.9,1st Item,6698,Profane Hydra,-2.3563,660
16.9,1st Item,6699,Voltaic Cyclosword,1.3276,7207
16.9,2nd Item,2523,Hexoptics C44,-1.6795,2166
16.9,2nd Item,3031,Infinity Edge,-2.3826,4193
16.9,2nd Item,3033,Mortal Reminder,-0.2469,2812
16.9,2nd Item,3036,Lord Dominik's Regards,-0.7798,10943
16.9,2nd Item,3071,Black Cleaver,-0.3463,3260
16.9,2nd Item,3072,Bloodthirster,-1.2856,136
16.9,2nd Item,3097,Stormrazor,-0.5585,608
16.9,2nd Item,3142,Youmuu's Ghostblade,-0.3676,5920
16.9,2nd Item,3156,Maw of Malmortius,1.019,677
16.9,2nd Item,3179,Umbral Glaive,1.5559,115
16.9,2nd Item,3814,Edge of Night,-1.2564,180
16.9,2nd Item,6610,Sundered Sky,1.0937,3851
16.9,2nd Item,6673,Immortal Shieldbow,1.3466,3978
16.9,2nd Item,6676,The Collector,0.0901,248586
16.9,2nd Item,6695,Serpent's Fang,-0.4882,1950
16.9,2nd Item,6697,Hubris,-1.7966,2943
16.9,2nd Item,6698,Profane Hydra,2.1472,149
16.9,2nd Item,6699,Voltaic Cyclosword,0.8267,1030
16.9,3rd Item,2517,Endless Hunger,0.6827,110
16.9,3rd Item,2523,Hexoptics C44,-1.996,2861
16.9,3rd Item,3026,Guardian Angel,-0.3309,367
16.9,3rd Item,3031,Infinity Edge,-2.0989,27025
16.9,3rd Item,3033,Mortal Reminder,0.0438,37449
16.9,3rd Item,3036,Lord Dominik's Regards,0.6262,125561
16.9,3rd Item,3071,Black Cleaver,-1.1765,2812
16.9,3rd Item,3072,Bloodthirster,-3.7174,684
16.9,3rd Item,3097,Stormrazor,-8.3539,143
16.9,3rd Item,3139,Mercurial Scimitar,1.4674,130
16.9,3rd Item,3142,Youmuu's Ghostblade,-1.5555,854
16.9,3rd Item,3156,Maw of Malmortius,-0.0348,3026
16.9,3rd Item,3161,Spear of Shojin,-2.7486,180
16.9,3rd Item,3814,Edge of Night,2.0029,458
16.9,3rd Item,6333,Death's Dance,-0.7986,582
16.9,3rd Item,6610,Sundered Sky,0.3892,1291
16.9,3rd Item,6673,Immortal Shieldbow,-0.0966,30116
16.9,3rd Item,6676,The Collector,-1.0974,4602
16.9,3rd Item,6694,Serylda's Grudge,-2.2103,139
16.9,3rd Item,6695,Serpent's Fang,-0.3259,3023
16.9,3rd Item,6697,Hubris,2.9754,367
16.9,3rd Item,6699,Voltaic Cyclosword,-2.0679,395
16.9,4th+ Item,2504,Kaenic Rookern,0.5484,414
16.9,4th+ Item,2517,Endless Hunger,-1.5235,340
16.9,4th+ Item,2523,Hexoptics C44,-0.337,9998
16.9,4th+ Item,3026,Guardian Angel,1.5157,23638
16.9,4th+ Item,3031,Infinity Edge,-0.5743,71687
16.9,4th+ Item,3033,Mortal Reminder,-0.126,7534
16.9,4th+ Item,3036,Lord Dominik's Regards,0.9316,20378
16.9,4th+ Item,3046,Phantom Dancer,-3.9683,515
16.9,4th+ Item,3053,Sterak's Gage,2.6082,108
16.9,4th+ Item,3065,Spirit Visage,-4.6461,109
16.9,4th+ Item,3071,Black Cleaver,-4.3968,399
16.9,4th+ Item,3072,Bloodthirster,-0.3168,11700
16.9,4th+ Item,3094,Rapid Firecannon,-0.1941,320
16.9,4th+ Item,3097,Stormrazor,-2.3706,479
16.9,4th+ Item,3139,Mercurial Scimitar,0.913,2785
16.9,4th+ Item,3142,Youmuu's Ghostblade,-0.3072,1332
16.9,4th+ Item,3143,Randuin's Omen,-3.052,697
16.9,4th+ Item,3156,Maw of Malmortius,-0.8388,6973
16.9,4th+ Item,3508,Essence Reaver,0.1812,115
16.9,4th+ Item,3814,Edge of Night,1.3471,725
16.9,4th+ Item,4401,Force of Nature,-6.0526,132
16.9,4th+ Item,6333,Death's Dance,-2.5596,1516
16.9,4th+ Item,6609,Chempunk Chainsword,-0.2415,240
16.9,4th+ Item,6610,Sundered Sky,-1.6851,374
16.9,4th+ Item,6665,"Jak'Sho, The Protean",-3.4639,963
16.9,4th+ Item,6673,Immortal Shieldbow,0.3044,63680
16.9,4th+ Item,6676,The Collector,1.0164,753
16.9,4th+ Item,6694,Serylda's Grudge,0.6794,141
16.9,4th+ Item,6695,Serpent's Fang,-0.3582,4104
16.9,4th+ Item,6697,Hubris,-5.0742,310
16.9,4th+ Item,6699,Voltaic Cyclosword,0.0838,339
16.9,All Items,2501,Overlord's Bloodmail,-0.1543,107
16.9,All Items,2504,Kaenic Rookern,0.6276,534
16.9,All Items,2517,Endless Hunger,-1.011,498
16.9,All Items,2520,Bastionbreaker,-6.2458,159
16.9,All Items,2523,Hexoptics C44,-0.8435,15808
16.9,All Items,2525,Protoplasm Harness,1.7597,110
16.9,All Items,3026,Guardian Angel,1.4389,26963
16.9,All Items,3031,Infinity Edge,-1.0402,104140
16.9,All Items,3033,Mortal Reminder,-0.0017,47998
16.9,All Items,3036,Lord Dominik's Regards,0.5681,157273
16.9,All Items,3046,Phantom Dancer,-2.5368,790
16.9,All Items,3053,Sterak's Gage,1.5003,156
16.9,All Items,3065,Spirit Visage,-3.5362,132
16.9,All Items,3071,Black Cleaver,-0.9787,6685
16.9,All Items,3072,Bloodthirster,-0.5228,14243
16.9,All Items,3078,Trinity Force,-1.6421,402
16.9,All Items,3094,Rapid Firecannon,-0.4067,438
16.9,All Items,3097,Stormrazor,-1.8345,1728
16.9,All Items,3110,Frozen Heart,-1.4616,119
16.9,All Items,3139,Mercurial Scimitar,0.7929,3229
16.9,All Items,3142,Youmuu's Ghostblade,0.1843,65596
16.9,All Items,3143,Randuin's Omen,-2.3953,908
16.9,All Items,3156,Maw of Malmortius,-0.4814,11040
16.9,All Items,3161,Spear of Shojin,-2.1771,224
16.9,All Items,3179,Umbral Glaive,1.7194,1776
16.9,All Items,3508,Essence Reaver,1.0721,288
16.9,All Items,3742,Dead Man's Plate,-5.2564,121
16.9,All Items,3814,Edge of Night,1.7577,1500
16.9,All Items,4401,Force of Nature,-3.7451,163
16.9,All Items,6333,Death's Dance,-1.7327,2383
16.9,All Items,6609,Chempunk Chainsword,0.0487,319
16.9,All Items,6610,Sundered Sky,0.7895,5920
16.9,All Items,6665,"Jak'Sho, The Protean",-3.806,1135
16.9,All Items,6673,Immortal Shieldbow,0.2199,99011
16.9,All Items,6676,The Collector,-0.0407,279707
16.9,All Items,6692,Eclipse,-11.3984,115
16.9,All Items,6694,Serylda's Grudge,-1.947,307
16.9,All Items,6695,Serpent's Fang,-0.4094,9709
16.9,All Items,6696,Axiom Arc,-0.3497,125
16.9,All Items,6697,Hubris,-0.013,222569
16.9,All Items,6698,Profane Hydra,-1.4634,857
16.9,All Items,6699,Voltaic Cyclosword,1.0522,9001
16.10,Keystone,8369,First Strike,1.1526,762
16.10,Keystone,8230,Stormraider's Surge,0.7436,2090
16.10,Keystone,8010,Conqueror,-1.285,711
16.10,Keystone,9923,Hail of Blades,-4.2728,212
16.10,Keystone,8021,Fleet Footwork,0.3434,93550
16.10,Keystone,8005,Press the Attack,-5.2663,225
16.10,Keystone,8008,Lethal Tempo,-10.0352,214
16.10,Keystone,8992,Deathfire Touch,-8.3742,167
16.10,Keystone,8128,Dark Harvest,-0.0995,256229
16.10,Keystone,8112,Electrocute,-1.6858,378
16.10,Spell,3,Exhaust,-1.0029,242
16.10,Spell,4,Flash,0.0085,353573
16.10,Spell,6,Ghost,-2.7938,396
16.10,Spell,11,Smite,0.0,354749
16.10,Spell,14,Ignite,-2.5285,525
16.10,Starter,1101,Scorchclaw Pup,0.1525,283601
16.10,Starter,1102,Gustwalker Hatchling,-0.7488,63822
16.10,Starter,1103,Mosstomper Seedling,0.6236,7291
16.10,Boots,3006,Berserker's Greaves,-1.9126,2199
16.10,Boots,3008,Gluttonous Greaves,1.2925,23942
16.10,Boots,3009,Boots of Swiftness,0.1401,7792
16.10,Boots,3047,Plated Steelcaps,-0.0833,155171
16.10,Boots,3111,Mercury's Treads,0.1184,102007
16.10,Boots,3158,Ionian Boots of Lucidity,-1.9685,429
16.10,1st Item,2523,Hexoptics C44,-2.2294,258
16.10,1st Item,3031,Infinity Edge,-3.7329,119
16.10,1st Item,3071,Black Cleaver,-0.8303,191
16.10,1st Item,3078,Trinity Force,0.7881,205
16.10,1st Item,3097,Stormrazor,-5.4402,350
16.10,1st Item,3142,Youmuu's Ghostblade,0.1433,49907
16.10,1st Item,3179,Umbral Glaive,0.6478,919
16.10,1st Item,3508,Essence Reaver,-9.4634,113
16.10,1st Item,6610,Sundered Sky,3.1227,393
16.10,1st Item,6673,Immortal Shieldbow,0.8782,170
16.10,1st Item,6676,The Collector,-1.1421,28028
16.10,1st Item,6695,Serpent's Fang,0.3632,431
16.10,1st Item,6697,Hubris,0.0979,267851
16.10,1st Item,6698,Profane Hydra,0.2865,578
16.10,1st Item,6699,Voltaic Cyclosword,0.0972,4347
16.10,2nd Item,2523,Hexoptics C44,-0.2677,1476
16.10,2nd Item,3031,Infinity Edge,-2.7719,4615
16.10,2nd Item,3033,Mortal Reminder,0.15,3038
16.10,2nd Item,3036,Lord Dominik's Regards,0.0336,12134
16.10,2nd Item,3071,Black Cleaver,0.4029,3296
16.10,2nd Item,3072,Bloodthirster,-6.0207,137
16.10,2nd Item,3097,Stormrazor,1.4541,477
16.10,2nd Item,3142,Youmuu's Ghostblade,-0.8468,6010
16.10,2nd Item,3156,Maw of Malmortius,-0.0467,636
16.10,2nd Item,3179,Umbral Glaive,-1.1001,142
16.10,2nd Item,3814,Edge of Night,1.9507,199
16.10,2nd Item,6333,Death's Dance,-6.9769,117
16.10,2nd Item,6610,Sundered Sky,1.5352,3272
16.10,2nd Item,6673,Immortal Shieldbow,-0.1065,4461
16.10,2nd Item,6676,The Collector,0.0731,285659
16.10,2nd Item,6695,Serpent's Fang,-0.1983,1889
16.10,2nd Item,6697,Hubris,-1.6693,3512
16.10,2nd Item,6698,Profane Hydra,-1.8125,177
16.10,2nd Item,6699,Voltaic Cyclosword,0.6243,999
16.10,3rd Item,2523,Hexoptics C44,-0.9002,2513
16.10,3rd Item,3026,Guardian Angel,-1.7977,410
16.10,3rd Item,3031,Infinity Edge,-1.7091,30028
16.10,3rd Item,3033,Mortal Reminder,0.037,40238
16.10,3rd Item,3036,Lord Dominik's Regards,0.6077,146901
16.10,3rd Item,3071,Black Cleaver,0.3594,2561
16.10,3rd Item,3072,Bloodthirster,0.3769,697
16.10,3rd Item,3097,Stormrazor,2.5177,121
16.10,3rd Item,3139,Mercurial Scimitar,0.7329,129
16.10,3rd Item,3142,Youmuu's Ghostblade,-1.8942,804
16.10,3rd Item,3156,Maw of Malmortius,0.7345,2936
16.10,3rd Item,3161,Spear of Shojin,-2.77,269
16.10,3rd Item,3814,Edge of Night,-0.7598,502
16.10,3rd Item,6333,Death's Dance,-0.2014,511
16.10,3rd Item,6610,Sundered Sky,-0.8642,1115
16.10,3rd Item,6673,Immortal Shieldbow,-0.698,36621
16.10,3rd Item,6676,The Collector,-0.8927,4793
16.10,3rd Item,6694,Serylda's Grudge,-3.8323,180
16.10,3rd Item,6695,Serpent's Fang,-0.7298,3179
16.10,3rd Item,6697,Hubris,-1.9102,401
16.10,3rd Item,6699,Voltaic Cyclosword,-1.6627,513
16.10,4th+ Item,2504,Kaenic Rookern,1.6548,513
16.10,4th+ Item,2517,Endless Hunger,0.2233,332
16.10,4th+ Item,2523,Hexoptics C44,-0.9011,10217
16.10,4th+ Item,3026,Guardian Angel,1.2091,27764
16.10,4th+ Item,3031,Infinity Edge,-0.5985,82695
16.10,4th+ Item,3033,Mortal Reminder,-1.0594,8368
16.10,4th+ Item,3036,Lord Dominik's Regards,0.642,24615
16.10,4th+ Item,3046,Phantom Dancer,-3.2963,552
16.10,4th+ Item,3053,Sterak's Gage,5.5387,111
16.10,4th+ Item,3065,Spirit Visage,0.6008,117
16.10,4th+ Item,3071,Black Cleaver,-0.1979,416
16.10,4th+ Item,3072,Bloodthirster,-0.125,13099
16.10,4th+ Item,3094,Rapid Firecannon,-2.2433,399
16.10,4th+ Item,3097,Stormrazor,-3.4622,514
16.10,4th+ Item,3139,Mercurial Scimitar,1.014,3201
16.10,4th+ Item,3142,Youmuu's Ghostblade,-0.9533,1595
16.10,4th+ Item,3143,Randuin's Omen,-0.919,759
16.10,4th+ Item,3156,Maw of Malmortius,0.8145,7190
16.10,4th+ Item,3508,Essence Reaver,-1.7214,273
16.10,4th+ Item,3814,Edge of Night,-0.0446,782
16.10,4th+ Item,4401,Force of Nature,-5.5548,125
16.10,4th+ Item,6333,Death's Dance,-3.0247,1552
16.10,4th+ Item,6609,Chempunk Chainsword,0.7691,244
16.10,4th+ Item,6610,Sundered Sky,0.6938,348
16.10,4th+ Item,6665,"Jak'Sho, The Protean",-0.6898,895
16.10,4th+ Item,6673,Immortal Shieldbow,0.3381,76064
16.10,4th+ Item,6676,The Collector,-1.3632,850
16.10,4th+ Item,6694,Serylda's Grudge,2.7732,141
16.10,4th+ Item,6695,Serpent's Fang,0.0599,4518
16.10,4th+ Item,6697,Hubris,0.5113,325
16.10,4th+ Item,6699,Voltaic Cyclosword,-2.1878,495
16.10,All Items,2504,Kaenic Rookern,0.4549,656
16.10,All Items,2517,Endless Hunger,1.5156,457
16.10,All Items,2520,Bastionbreaker,3.4115,133
16.10,All Items,2523,Hexoptics C44,-0.8405,14921
16.10,All Items,3026,Guardian Angel,1.2798,31511
16.10,All Items,3031,Infinity Edge,-0.9693,118760
16.10,All Items,3033,Mortal Reminder,-0.1424,51846
16.10,All Items,3036,Lord Dominik's Regards,0.5721,184044
16.10,All Items,3046,Phantom Dancer,-3.5584,872
16.10,All Items,3053,Sterak's Gage,2.8913,159
16.10,All Items,3065,Spirit Visage,4.2095,142
16.10,All Items,3071,Black Cleaver,0.3117,6481
16.10,All Items,3072,Bloodthirster,-0.3365,16010
16.10,All Items,3078,Trinity Force,-0.4811,397
16.10,All Items,3094,Rapid Firecannon,-3.8891,533
16.10,All Items,3097,Stormrazor,-1.4245,1570
16.10,All Items,3110,Frozen Heart,-5.976,133
16.10,All Items,3139,Mercurial Scimitar,0.9427,3699
16.10,All Items,3142,Youmuu's Ghostblade,-0.0139,58832
16.10,All Items,3143,Randuin's Omen,-1.9318,965
16.10,All Items,3156,Maw of Malmortius,0.7126,11118
16.10,All Items,3161,Spear of Shojin,-4.6842,334
16.10,All Items,3179,Umbral Glaive,0.3495,1158
16.10,All Items,3508,Essence Reaver,-2.8252,582
16.10,All Items,3742,Dead Man's Plate,-5.1367,110
16.10,All Items,3814,Edge of Night,0.049,1612
16.10,All Items,4401,Force of Nature,-2.9371,169
16.10,All Items,6333,Death's Dance,-2.5116,2359
16.10,All Items,6609,Chempunk Chainsword,0.3498,325
16.10,All Items,6610,Sundered Sky,1.092,5149
16.10,All Items,6665,"Jak'Sho, The Protean",-0.8853,1071
16.10,All Items,6673,Immortal Shieldbow,-0.0019,118539
16.10,All Items,6676,The Collector,-0.0531,319428
16.10,All Items,6692,Eclipse,-7.4004,135
16.10,All Items,6694,Serylda's Grudge,-0.2252,337
16.10,All Items,6695,Serpent's Fang,-0.3533,10187
16.10,All Items,6696,Axiom Arc,-6.4126,156
16.10,All Items,6697,Hubris,0.0722,272168
16.10,All Items,6698,Profane Hydra,-0.4927,793
16.10,All Items,6699,Voltaic Cyclosword,-0.1975,6404
16.11,Keystone,8369,First Strike,1.2649,649
16.11,Keystone,8230,Stormraider's Surge,1.264,1470
16.11,Keystone,8010,Conqueror,-4.1248,651
16.11,Keystone,9923,Hail of Blades,2.6172,200
16.11,Keystone,8021,Fleet Footwork,0.6016,88962
16.11,Keystone,8005,Press the Attack,-0.6807,156
16.11,Keystone,8008,Lethal Tempo,-6.9877,216
16.11,Keystone,8992,Deathfire Touch,-3.7687,101
16.11,Keystone,8128,Dark Harvest,-0.2287,220803
16.11,Keystone,8112,Electrocute,0.0899,358
16.11,Spell,3,Exhaust,-5.4644,123
16.11,Spell,4,Flash,0.007,312862
16.11,Spell,6,Ghost,-3.5343,319
16.11,Spell,11,Smite,0.0,313762
16.11,Spell,14,Ignite,-0.3794,443
16.11,Starter,1101,Scorchclaw Pup,0.0961,248504
16.11,Starter,1102,Gustwalker Hatchling,-0.2792,58017
16.11,Starter,1103,Mosstomper Seedling,-1.0651,7202
16.11,Boots,3006,Berserker's Greaves,-2.8146,1961
16.11,Boots,3008,Gluttonous Greaves,1.3973,19385
16.11,Boots,3009,Boots of Swiftness,-0.5158,6570
16.11,Boots,3047,Plated Steelcaps,-0.1924,135168
16.11,Boots,3111,Mercury's Treads,0.3911,92395
16.11,Boots,3158,Ionian Boots of Lucidity,-3.3391,369
16.11,1st Item,2523,Hexoptics C44,-2.6048,146
16.11,1st Item,3031,Infinity Edge,-0.6637,135
16.11,1st Item,3071,Black Cleaver,0.4183,163
16.11,1st Item,3078,Trinity Force,4.8205,191
16.11,1st Item,3097,Stormrazor,-0.4148,299
16.11,1st Item,3142,Youmuu's Ghostblade,-0.282,45260
16.11,1st Item,3179,Umbral Glaive,2.4617,726
16.11,1st Item,6610,Sundered Sky,7.1663,292
16.11,1st Item,6673,Immortal Shieldbow,-3.6131,156
16.11,1st Item,6676,The Collector,-1.3189,25026
16.11,1st Item,6695,Serpent's Fang,-1.0093,340
16.11,1st Item,6697,Hubris,0.1827,237973
16.11,1st Item,6698,Profane Hydra,3.9631,330
16.11,1st Item,6699,Voltaic Cyclosword,-1.0443,1873
16.11,2nd Item,2523,Hexoptics C44,-0.5617,1039
16.11,2nd Item,3031,Infinity Edge,-2.2248,3896
16.11,2nd Item,3033,Mortal Reminder,0.2208,2625
16.11,2nd Item,3036,Lord Dominik's Regards,-0.0407,11348
16.11,2nd Item,3071,Black Cleaver,0.4051,2862
16.11,2nd Item,3072,Bloodthirster,-5.2388,125
16.11,2nd Item,3097,Stormrazor,-4.536,213
16.11,2nd Item,3142,Youmuu's Ghostblade,-1.9445,5318
16.11,2nd Item,3156,Maw of Malmortius,-1.0755,638
16.11,2nd Item,3814,Edge of Night,-2.2648,210
16.11,2nd Item,6333,Death's Dance,-0.162,105
16.11,2nd Item,6610,Sundered Sky,3.0965,3189
16.11,2nd Item,6673,Immortal Shieldbow,0.5646,4342
16.11,2nd Item,6676,The Collector,0.0591,252056
16.11,2nd Item,6695,Serpent's Fang,1.2728,1443
16.11,2nd Item,6697,Hubris,-1.4379,3030
16.11,2nd Item,6699,Voltaic Cyclosword,-0.9138,546
16.11,3rd Item,2523,Hexoptics C44,-2.4163,1862
16.11,3rd Item,3026,Guardian Angel,-0.9368,367
16.11,3rd Item,3031,Infinity Edge,-2.17,25973
16.11,3rd Item,3033,Mortal Reminder,-0.1809,34776
16.11,3rd Item,3036,Lord Dominik's Regards,0.557,129883
16.11,3rd Item,3071,Black Cleaver,1.8969,2291
16.11,3rd Item,3072,Bloodthirster,-1.1776,612
16.11,3rd Item,3139,Mercurial Scimitar,-0.031,112
16.11,3rd Item,3142,Youmuu's Ghostblade,-2.7984,695
16.11,3rd Item,3156,Maw of Malmortius,1.1792,2923
16.11,3rd Item,3161,Spear of Shojin,-4.9916,137
16.11,3rd Item,3814,Edge of Night,1.6371,377
16.11,3rd Item,6333,Death's Dance,-1.6529,489
16.11,3rd Item,6610,Sundered Sky,0.86,1084
16.11,3rd Item,6673,Immortal Shieldbow,-0.1957,31824
16.11,3rd Item,6676,The Collector,-0.7782,4251
16.11,3rd Item,6694,Serylda's Grudge,4.265,115
16.11,3rd Item,6695,Serpent's Fang,0.0188,2498
16.11,3rd Item,6697,Hubris,-3.264,351
16.11,3rd Item,6699,Voltaic Cyclosword,2.5134,406
16.11,4th+ Item,2501,Overlord's Bloodmail,2.3714,132
16.11,4th+ Item,2504,Kaenic Rookern,2.2398,463
16.11,4th+ Item,2517,Endless Hunger,0.2723,293
16.11,4th+ Item,2523,Hexoptics C44,-0.9095,6893
16.11,4th+ Item,3026,Guardian Angel,1.9729,23725
16.11,4th+ Item,3031,Infinity Edge,-0.7058,71332
16.11,4th+ Item,3033,Mortal Reminder,-0.4336,6876
16.11,4th+ Item,3036,Lord Dominik's Regards,0.8141,20907
16.11,4th+ Item,3046,Phantom Dancer,-1.3324,436
16.11,4th+ Item,3071,Black Cleaver,-0.6455,365
16.11,4th+ Item,3072,Bloodthirster,-0.7159,10888
16.11,4th+ Item,3094,Rapid Firecannon,-2.8668,279
16.11,4th+ Item,3097,Stormrazor,-5.307,423
16.11,4th+ Item,3139,Mercurial Scimitar,-0.3728,2780
16.11,4th+ Item,3142,Youmuu's Ghostblade,-0.7903,1425
16.11,4th+ Item,3143,Randuin's Omen,-3.0357,687
16.11,4th+ Item,3156,Maw of Malmortius,0.3614,7036
16.11,4th+ Item,3508,Essence Reaver,-4.7422,154
16.11,4th+ Item,3814,Edge of Night,2.3616,717
16.11,4th+ Item,4401,Force of Nature,-5.3295,113
16.11,4th+ Item,6333,Death's Dance,-0.3536,1448
16.11,4th+ Item,6609,Chempunk Chainsword,0.2626,223
16.11,4th+ Item,6610,Sundered Sky,0.0823,252
16.11,4th+ Item,6665,"Jak'Sho, The Protean",-1.8687,804
16.11,4th+ Item,6673,Immortal Shieldbow,0.26,65671
16.11,4th+ Item,6676,The Collector,-0.8217,666
16.11,4th+ Item,6695,Serpent's Fang,-1.1078,3770
16.11,4th+ Item,6697,Hubris,-3.4429,281
16.11,4th+ Item,6699,Voltaic Cyclosword,-1.3231,355
16.11,All Items,2501,Overlord's Bloodmail,2.8612,148
16.11,All Items,2504,Kaenic Rookern,2.3447,566
16.11,All Items,2517,Endless Hunger,0.7166,399
16.11,All Items,2520,Bastionbreaker,-4.7265,111
16.11,All Items,2523,Hexoptics C44,-1.2373,10268
16.11,All Items,3026,Guardian Angel,1.9158,26800
16.11,All Items,3031,Infinity Edge,-1.1265,102392
16.11,All Items,3033,Mortal Reminder,-0.2001,44424
16.11,All Items,3036,Lord Dominik's Regards,0.5461,162501
16.11,All Items,3046,Phantom Dancer,-2.8049,720
16.11,All Items,3053,Sterak's Gage,-0.7888,139
16.11,All Items,3065,Spirit Visage,1.9819,104
16.11,All Items,3071,Black Cleaver,0.9056,5700
16.11,All Items,3072,Bloodthirster,-0.7062,13249
16.11,All Items,3078,Trinity Force,0.4863,335
16.11,All Items,3094,Rapid Firecannon,-3.1673,356
16.11,All Items,3097,Stormrazor,-2.9833,1160
16.11,All Items,3139,Mercurial Scimitar,-0.2907,3211
16.11,All Items,3142,Youmuu's Ghostblade,-0.5117,53141
16.11,All Items,3143,Randuin's Omen,-1.9953,865
16.11,All Items,3156,Maw of Malmortius,0.4844,10923
16.11,All Items,3161,Spear of Shojin,-4.0379,191
16.11,All Items,3179,Umbral Glaive,1.9472,885
16.11,All Items,3508,Essence Reaver,-5.2891,396
16.11,All Items,3814,Edge of Night,0.7842,1423
16.11,All Items,4401,Force of Nature,-3.2274,136
16.11,All Items,6333,Death's Dance,-0.4634,2215
16.11,All Items,6609,Chempunk Chainsword,-1.2199,287
16.11,All Items,6610,Sundered Sky,2.6067,4832
16.11,All Items,6665,"Jak'Sho, The Protean",-1.4071,949
16.11,All Items,6673,Immortal Shieldbow,0.1197,103026
16.11,All Items,6676,The Collector,-0.0784,282075
16.11,All Items,6692,Eclipse,-10.8472,117
16.11,All Items,6694,Serylda's Grudge,2.8094,213
16.11,All Items,6695,Serpent's Fang,-0.3001,8190
16.11,All Items,6696,Axiom Arc,3.889,104
16.11,All Items,6697,Hubris,0.1531,241686
16.11,All Items,6698,Profane Hydra,3.2148,454
16.11,All Items,6699,Voltaic Cyclosword,-0.5575,3216
16.12,Keystone,8369,First Strike,-3.6464,484
16.12,Keystone,8230,Stormraider's Surge,2.6665,1385
16.12,Keystone,8010,Conqueror,-0.8032,727
16.12,Keystone,9923,Hail of Blades,-2.0588,295
16.12,Keystone,8021,Fleet Footwork,0.4846,91058
16.12,Keystone,8005,Press the Attack,0.613,224
16.12,Keystone,8008,Lethal Tempo,-9.5486,203
16.12,Keystone,8128,Dark Harvest,-0.1716,225962
16.12,Keystone,8112,Electrocute,-4.9736,342
16.12,Spell,3,Exhaust,-3.2677,139
16.12,Spell,4,Flash,0.0067,320096
16.12,Spell,6,Ghost,-5.0965,248
16.12,Spell,11,Smite,0.0,320930
16.12,Spell,14,Ignite,-0.7479,437
16.12,Starter,1101,Scorchclaw Pup,0.1325,260567
16.12,Starter,1102,Gustwalker Hatchling,-0.6707,53525
16.12,Starter,1103,Mosstomper Seedling,0.2029,6801
16.12,Boots,3006,Berserker's Greaves,-2.7575,2069
16.12,Boots,3008,Gluttonous Greaves,0.7788,20541
16.12,Boots,3009,Boots of Swiftness,-0.3231,8711
16.12,Boots,3047,Plated Steelcaps,-0.0063,135984
16.12,Boots,3111,Mercury's Treads,0.1882,95039
16.12,Boots,3158,Ionian Boots of Lucidity,-4.1482,370
16.12,1st Item,2523,Hexoptics C44,1.4339,116
16.12,1st Item,3031,Infinity Edge,0.3818,130
16.12,1st Item,3071,Black Cleaver,2.5924,155
16.12,1st Item,3078,Trinity Force,0.7264,159
16.12,1st Item,3097,Stormrazor,4.2913,380
16.12,1st Item,3142,Youmuu's Ghostblade,-0.2412,49471
16.12,1st Item,3179,Umbral Glaive,3.477,2138
16.12,1st Item,6610,Sundered Sky,5.1156,408
16.12,1st Item,6673,Immortal Shieldbow,0.1723,215
16.12,1st Item,6676,The Collector,-1.4648,26320
16.12,1st Item,6695,Serpent's Fang,1.9982,435
16.12,1st Item,6697,Hubris,0.1625,238561
16.12,1st Item,6698,Profane Hydra,8.6596,306
16.12,1st Item,6699,Voltaic Cyclosword,-0.3564,1166
16.12,2nd Item,2523,Hexoptics C44,-0.4406,656
16.12,2nd Item,3031,Infinity Edge,-1.0303,4251
16.12,2nd Item,3033,Mortal Reminder,-0.9161,2963
16.12,2nd Item,3036,Lord Dominik's Regards,-0.0208,11813
16.12,2nd Item,3071,Black Cleaver,1.0815,2787
16.12,2nd Item,3072,Bloodthirster,-5.6705,125
16.12,2nd Item,3097,Stormrazor,-5.4017,242
16.12,2nd Item,3142,Youmuu's Ghostblade,-2.1534,5540
16.12,2nd Item,3156,Maw of Malmortius,2.2871,706
16.12,2nd Item,3814,Edge of Night,-2.7084,162
16.12,2nd Item,6333,Death's Dance,1.8023,129
16.12,2nd Item,6610,Sundered Sky,2.8441,5035
16.12,2nd Item,6673,Immortal Shieldbow,-0.0473,4480
16.12,2nd Item,6676,The Collector,0.0239,255546
16.12,2nd Item,6695,Serpent's Fang,1.0397,1658
16.12,2nd Item,6697,Hubris,-1.1603,3182
16.12,2nd Item,6699,Voltaic Cyclosword,-1.6161,416
16.12,3rd Item,2523,Hexoptics C44,-3.237,1372
16.12,3rd Item,3026,Guardian Angel,0.5874,397
16.12,3rd Item,3031,Infinity Edge,-1.9508,26604
16.12,3rd Item,3033,Mortal Reminder,-0.4235,36979
16.12,3rd Item,3036,Lord Dominik's Regards,0.6604,131282
16.12,3rd Item,3071,Black Cleaver,1.0083,3356
16.12,3rd Item,3072,Bloodthirster,0.2914,666
16.12,3rd Item,3139,Mercurial Scimitar,-3.9812,124
16.12,3rd Item,3142,Youmuu's Ghostblade,0.1791,697
16.12,3rd Item,3156,Maw of Malmortius,-1.0695,3064
16.12,3rd Item,3161,Spear of Shojin,-4.7992,141
16.12,3rd Item,3814,Edge of Night,-1.2385,338
16.12,3rd Item,6333,Death's Dance,-2.4388,573
16.12,3rd Item,6610,Sundered Sky,1.6091,1053
16.12,3rd Item,6673,Immortal Shieldbow,-0.2679,31680
16.12,3rd Item,6676,The Collector,-0.5223,4340
16.12,3rd Item,6694,Serylda's Grudge,0.6186,116
16.12,3rd Item,6695,Serpent's Fang,-0.0826,2588
16.12,3rd Item,6697,Hubris,-2.394,321
16.12,3rd Item,6699,Voltaic Cyclosword,0.0892,412
16.12,4th+ Item,2501,Overlord's Bloodmail,-3.4579,141
16.12,4th+ Item,2504,Kaenic Rookern,-0.4033,465
16.12,4th+ Item,2517,Endless Hunger,0.5644,291
16.12,4th+ Item,2523,Hexoptics C44,-0.3777,6526
16.12,4th+ Item,3026,Guardian Angel,1.6067,24839
16.12,4th+ Item,3031,Infinity Edge,-0.7161,71644
16.12,4th+ Item,3033,Mortal Reminder,-0.6298,7243
16.12,4th+ Item,3036,Lord Dominik's Regards,0.6969,20637
16.12,4th+ Item,3046,Phantom Dancer,-1.8128,497
16.12,4th+ Item,3053,Sterak's Gage,0.0932,121
16.12,4th+ Item,3071,Black Cleaver,-2.2746,309
16.12,4th+ Item,3072,Bloodthirster,-1.1409,11007
16.12,4th+ Item,3094,Rapid Firecannon,-2.6127,277
16.12,4th+ Item,3097,Stormrazor,-2.3795,445
16.12,4th+ Item,3139,Mercurial Scimitar,0.8812,2748
16.12,4th+ Item,3142,Youmuu's Ghostblade,-0.3613,1382
16.12,4th+ Item,3143,Randuin's Omen,-0.5813,700
16.12,4th+ Item,3156,Maw of Malmortius,0.0251,7562
16.12,4th+ Item,3508,Essence Reaver,-4.6197,147
16.12,4th+ Item,3814,Edge of Night,-2.2167,724
16.12,4th+ Item,4401,Force of Nature,-6.1749,122
16.12,4th+ Item,6333,Death's Dance,-1.3453,1588
16.12,4th+ Item,6609,Chempunk Chainsword,-5.0763,235
16.12,4th+ Item,6610,Sundered Sky,4.1578,261
16.12,4th+ Item,6665,"Jak'Sho, The Protean",-2.4467,872
16.12,4th+ Item,6673,Immortal Shieldbow,0.5061,66801
16.12,4th+ Item,6676,The Collector,-1.6176,649
16.12,4th+ Item,6695,Serpent's Fang,-0.8189,3828
16.12,4th+ Item,6697,Hubris,-2.052,257
16.12,4th+ Item,6699,Voltaic Cyclosword,-0.2972,334
16.12,All Items,2501,Overlord's Bloodmail,-4.5267,160
16.12,All Items,2504,Kaenic Rookern,0.8218,583
16.12,All Items,2517,Endless Hunger,-0.3781,407
16.12,All Items,2520,Bastionbreaker,-4.1906,106
16.12,All Items,2523,Hexoptics C44,-1.0055,9010
16.12,All Items,2525,Protoplasm Harness,0.1452,125
16.12,All Items,3026,Guardian Angel,1.716,28042
16.12,All Items,3031,Infinity Edge,-1.0451,103652
16.12,All Items,3033,Mortal Reminder,-0.5006,47372
16.12,All Items,3036,Lord Dominik's Regards,0.6074,164092
16.12,All Items,3046,Phantom Dancer,-2.6466,807
16.12,All Items,3053,Sterak's Gage,0.6023,196
16.12,All Items,3065,Spirit Visage,3.1889,103
16.12,All Items,3071,Black Cleaver,0.9154,6617
16.12,All Items,3072,Bloodthirster,-0.8906,13439
16.12,All Items,3078,Trinity Force,-0.1417,300
16.12,All Items,3094,Rapid Firecannon,-2.751,356
16.12,All Items,3097,Stormrazor,-1.2861,1272
16.12,All Items,3110,Frozen Heart,-0.1824,103
16.12,All Items,3139,Mercurial Scimitar,0.6007,3201
16.12,All Items,3142,Youmuu's Ghostblade,-0.4189,57552
16.12,All Items,3143,Randuin's Omen,-0.9019,891
16.12,All Items,3156,Maw of Malmortius,-0.1413,11644
16.12,All Items,3161,Spear of Shojin,-3.7415,185
16.12,All Items,3179,Umbral Glaive,3.2372,2285
16.12,All Items,3508,Essence Reaver,-3.9223,346
16.12,All Items,3742,Dead Man's Plate,-4.0019,106
16.12,All Items,3814,Edge of Night,-1.6454,1349
16.12,All Items,4401,Force of Nature,-4.6504,161
16.12,All Items,6333,Death's Dance,-1.352,2447
16.12,All Items,6609,Chempunk Chainsword,-4.7598,294
16.12,All Items,6610,Sundered Sky,2.7949,6776
16.12,All Items,6665,"Jak'Sho, The Protean",-2.9489,1016
16.12,All Items,6673,Immortal Shieldbow,0.2287,104201
16.12,All Items,6676,The Collector,-0.1241,286939
16.12,All Items,6692,Eclipse,-6.3603,176
16.12,All Items,6694,Serylda's Grudge,-0.881,214
16.12,All Items,6695,Serpent's Fang,-0.1366,8645
16.12,All Items,6697,Hubris,0.1392,242381
16.12,All Items,6698,Profane Hydra,7.2173,410
16.12,All Items,6699,Voltaic Cyclosword,-0.4685,2362
16.13,Keystone,8369,First Strike,1.863,402
16.13,Keystone,8230,Stormraider's Surge,1.1019,2892
16.13,Keystone,8010,Conqueror,-0.167,944
16.13,Keystone,9923,Hail of Blades,-7.3518,295
16.13,Keystone,8021,Fleet Footwork,0.5583,128034
16.13,Keystone,8005,Press the Attack,-6.5168,269
16.13,Keystone,8008,Lethal Tempo,-4.4242,272
16.13,Keystone,8437,Grasp of the Undying,-7.5539,105
16.13,Keystone,8992,Deathfire Touch,-14.6772,111
16.13,Keystone,8128,Dark Harvest,-0.2097,311839
16.13,Keystone,8112,Electrocute,-3.2846,533
16.13,Spell,3,Exhaust,-1.6847,165
16.13,Spell,4,Flash,0.0006,444784
16.13,Spell,6,Ghost,-1.8626,392
16.13,Spell,11,Smite,0.0,445842
16.13,Spell,14,Ignite,1.1509,487
16.13,Starter,1101,Scorchclaw Pup,0.1641,363964
16.13,Starter,1102,Gustwalker Hatchling,-0.9666,70908
16.13,Starter,1103,Mosstomper Seedling,0.8085,10925
16.13,Boots,3006,Berserker's Greaves,-2.4827,3105
16.13,Boots,3008,Gluttonous Greaves,1.3323,26772
16.13,Boots,3009,Boots of Swiftness,-0.1124,13234
16.13,Boots,3047,Plated Steelcaps,-0.121,185970
16.13,Boots,3111,Mercury's Treads,0.1571,136670
16.13,Boots,3158,Ionian Boots of Lucidity,-1.2446,502
16.13,1st Item,2523,Hexoptics C44,-2.4023,191
16.13,1st Item,3031,Infinity Edge,-4.8507,179
16.13,1st Item,3071,Black Cleaver,0.4984,267
16.13,1st Item,3078,Trinity Force,-0.3376,235
16.13,1st Item,3097,Stormrazor,-4.6683,489
16.13,1st Item,3142,Youmuu's Ghostblade,-0.2958,66939
16.13,1st Item,3179,Umbral Glaive,3.6941,4901
16.13,1st Item,6610,Sundered Sky,-0.2783,541
16.13,1st Item,6673,Immortal Shieldbow,-0.7483,367
16.13,1st Item,6676,The Collector,-1.6829,39867
16.13,1st Item,6695,Serpent's Fang,2.1053,562
16.13,1st Item,6697,Hubris,0.2223,328267
16.13,1st Item,6698,Profane Hydra,1.8036,428
16.13,1st Item,6699,Voltaic Cyclosword,-0.4253,1219
16.13,2nd Item,2523,Hexoptics C44,-2.5225,850
16.13,2nd Item,3031,Infinity Edge,-2.9157,6475
16.13,2nd Item,3033,Mortal Reminder,-0.2258,4305
16.13,2nd Item,3036,Lord Dominik's Regards,-0.686,17339
16.13,2nd Item,3046,Phantom Dancer,-0.0727,126
16.13,2nd Item,3071,Black Cleaver,-0.0072,4235
16.13,2nd Item,3072,Bloodthirster,2.831,190
16.13,2nd Item,3097,Stormrazor,-2.4121,375
16.13,2nd Item,3142,Youmuu's Ghostblade,-1.0272,8075
16.13,2nd Item,3156,Maw of Malmortius,0.8565,1195
16.13,2nd Item,3179,Umbral Glaive,-11.5641,141
16.13,2nd Item,3814,Edge of Night,3.0374,260
16.13,2nd Item,6333,Death's Dance,-0.4233,175
16.13,2nd Item,6610,Sundered Sky,2.3718,9520
16.13,2nd Item,6673,Immortal Shieldbow,-0.0885,6801
16.13,2nd Item,6676,The Collector,0.0729,348656
16.13,2nd Item,6695,Serpent's Fang,0.4149,2292
16.13,2nd Item,6697,Hubris,-0.9473,4619
16.13,2nd Item,6699,Voltaic Cyclosword,-1.0054,484
16.13,3rd Item,2523,Hexoptics C44,-1.5956,1628
16.13,3rd Item,3026,Guardian Angel,0.6282,576
16.13,3rd Item,3031,Infinity Edge,-2.0026,39066
16.13,3rd Item,3033,Mortal Reminder,-0.0333,50807
16.13,3rd Item,3036,Lord Dominik's Regards,0.556,179788
16.13,3rd Item,3046,Phantom Dancer,-0.3283,144
16.13,3rd Item,3071,Black Cleaver,1.6764,6485
16.13,3rd Item,3072,Bloodthirster,-1.9022,920
16.13,3rd Item,3097,Stormrazor,-4.7486,126
16.13,3rd Item,3139,Mercurial Scimitar,1.106,163
16.13,3rd Item,3142,Youmuu's Ghostblade,-2.527,1068
16.13,3rd Item,3156,Maw of Malmortius,0.7007,4963
16.13,3rd Item,3161,Spear of Shojin,-4.2161,205
16.13,3rd Item,3814,Edge of Night,2.6632,543
16.13,3rd Item,6333,Death's Dance,-3.8814,760
16.13,3rd Item,6610,Sundered Sky,1.5532,1565
16.13,3rd Item,6665,"Jak'Sho, The Protean",-1.2493,113
16.13,3rd Item,6673,Immortal Shieldbow,-0.3767,42673
16.13,3rd Item,6676,The Collector,-1.5469,6072
16.13,3rd Item,6694,Serylda's Grudge,2.1209,154
16.13,3rd Item,6695,Serpent's Fang,0.0897,3611
16.13,3rd Item,6697,Hubris,-0.9417,463
16.13,3rd Item,6699,Voltaic Cyclosword,-1.7228,344
16.13,4th+ Item,2501,Overlord's Bloodmail,-0.3549,132
16.13,4th+ Item,2504,Kaenic Rookern,-1.1929,800
16.13,4th+ Item,2517,Endless Hunger,-2.3883,460
16.13,4th+ Item,2523,Hexoptics C44,-0.6367,7995
16.13,4th+ Item,2525,Protoplasm Harness,4.2833,108
16.13,4th+ Item,3026,Guardian Angel,1.2698,34872
16.13,4th+ Item,3031,Infinity Edge,-0.6834,99468
16.13,4th+ Item,3033,Mortal Reminder,-0.9762,10244
16.13,4th+ Item,3036,Lord Dominik's Regards,0.8914,28830
16.13,4th+ Item,3046,Phantom Dancer,-1.5012,736
16.13,4th+ Item,3053,Sterak's Gage,0.0772,206
16.13,4th+ Item,3065,Spirit Visage,2.2592,141
16.13,4th+ Item,3071,Black Cleaver,-2.4308,515
16.13,4th+ Item,3072,Bloodthirster,-1.4403,15498
16.13,4th+ Item,3094,Rapid Firecannon,-2.6536,393
16.13,4th+ Item,3097,Stormrazor,-1.025,618
16.13,4th+ Item,3110,Frozen Heart,-4.8258,138
16.13,4th+ Item,3139,Mercurial Scimitar,0.3974,3847
16.13,4th+ Item,3142,Youmuu's Ghostblade,-0.1664,1955
16.13,4th+ Item,3143,Randuin's Omen,1.9296,1077
16.13,4th+ Item,3156,Maw of Malmortius,-0.0711,11898
16.13,4th+ Item,3508,Essence Reaver,-1.6429,179
16.13,4th+ Item,3742,Dead Man's Plate,-6.675,110
16.13,4th+ Item,3814,Edge of Night,1.2684,1017
16.13,4th+ Item,4401,Force of Nature,-2.3413,200
16.13,4th+ Item,6333,Death's Dance,0.7351,2397
16.13,4th+ Item,6609,Chempunk Chainsword,-3.5884,412
16.13,4th+ Item,6610,Sundered Sky,-0.7734,424
16.13,4th+ Item,6665,"Jak'Sho, The Protean",-0.699,1423
16.13,4th+ Item,6673,Immortal Shieldbow,0.499,91826
16.13,4th+ Item,6676,The Collector,-2.6231,1022
16.13,4th+ Item,6695,Serpent's Fang,-0.161,5248
16.13,4th+ Item,6697,Hubris,-0.1063,382
16.13,4th+ Item,6699,Voltaic Cyclosword,0.4791,371
16.13,All Items,2501,Overlord's Bloodmail,-1.3324,173
16.13,All Items,2504,Kaenic Rookern,-1.3431,973
16.13,All Items,2517,Endless Hunger,-3.3263,610
16.13,All Items,2520,Bastionbreaker,-5.6765,139
16.13,All Items,2523,Hexoptics C44,-0.9211,11113
16.13,All Items,2525,Protoplasm Harness,5.1242,215
16.13,All Items,3026,Guardian Angel,1.2843,39439
16.13,All Items,3031,Infinity Edge,-1.154,146604
16.13,All Items,3033,Mortal Reminder,-0.2028,65583
16.13,All Items,3036,Lord Dominik's Regards,0.5047,226426
16.13,All Items,3046,Phantom Dancer,-1.1186,1214
16.13,All Items,3053,Sterak's Gage,-0.148,282
16.13,All Items,3065,Spirit Visage,1.8778,156
16.13,All Items,3071,Black Cleaver,0.8443,11522
16.13,All Items,3072,Bloodthirster,-1.0819,18960
16.13,All Items,3078,Trinity Force,0.9796,415
16.13,All Items,3094,Rapid Firecannon,-1.7854,516
16.13,All Items,3097,Stormrazor,-2.2749,1752
16.13,All Items,3110,Frozen Heart,-6.1225,186
16.13,All Items,3139,Mercurial Scimitar,0.1375,4462
16.13,All Items,3142,Youmuu's Ghostblade,-0.402,78644
16.13,All Items,3143,Randuin's Omen,0.7265,1357
16.13,All Items,3156,Maw of Malmortius,0.1491,18551
16.13,All Items,3161,Spear of Shojin,-2.821,291
16.13,All Items,3179,Umbral Glaive,3.2001,5202
16.13,All Items,3508,Essence Reaver,-0.174,420
16.13,All Items,3742,Dead Man's Plate,-6.9485,197
16.13,All Items,3814,Edge of Night,1.9416,2012
16.13,All Items,4401,Force of Nature,-1.4814,253
16.13,All Items,6333,Death's Dance,-0.5717,3577
16.13,All Items,6609,Chempunk Chainsword,-1.7045,539
16.13,All Items,6610,Sundered Sky,2.0486,12073
16.13,All Items,6665,"Jak'Sho, The Protean",-0.7067,1662
16.13,All Items,6673,Immortal Shieldbow,0.1845,143069
16.13,All Items,6676,The Collector,-0.1358,395721
16.13,All Items,6692,Eclipse,-4.6854,195
16.13,All Items,6694,Serylda's Grudge,-1.2974,256
16.13,All Items,6695,Serpent's Fang,0.1493,11902
16.13,All Items,6697,Hubris,0.2026,333802
16.13,All Items,6698,Profane Hydra,1.0393,577
16.13,All Items,6699,Voltaic Cyclosword,-0.6571,2470
16.14,Keystone,8369,First Strike,0.3437,258
16.14,Keystone,8230,Stormraider's Surge,0.1709,1816
16.14,Keystone,8010,Conqueror,-3.4719,672
16.14,Keystone,9923,Hail of Blades,-4.8221,215
16.14,Keystone,8021,Fleet Footwork,0.949,81420
16.14,Keystone,8005,Press the Attack,-3.0704,190
16.14,Keystone,8008,Lethal Tempo,-9.3327,164
16.14,Keystone,8128,Dark Harvest,-0.3465,196795
16.14,Keystone,8112,Electrocute,-9.7645,331
16.14,Spell,4,Flash,0.0133,281490
16.14,Spell,6,Ghost,-4.772,245
16.14,Spell,11,Smite,0.0,282119
16.14,Spell,14,Ignite,-6.3017,284
16.14,Starter,1101,Scorchclaw Pup,0.145,232086
16.14,Starter,1102,Gustwalker Hatchling,-0.9674,41547
16.14,Starter,1103,Mosstomper Seedling,0.7723,8454
16.14,Boots,3006,Berserker's Greaves,-3.9463,1738
16.14,Boots,3008,Gluttonous Greaves,1.4665,16268
16.14,Boots,3009,Boots of Swiftness,-0.5784,8379
16.14,Boots,3047,Plated Steelcaps,-0.042,114229
16.14,Boots,3111,Mercury's Treads,0.2061,90607
16.14,Boots,3158,Ionian Boots of Lucidity,0.4972,300
16.14,1st Item,3031,Infinity Edge,-11.1032,142
16.14,1st Item,3071,Black Cleaver,4.1097,261
16.14,1st Item,3078,Trinity Force,-2.8264,124
16.14,1st Item,3097,Stormrazor,-3.6214,334
16.14,1st Item,3142,Youmuu's Ghostblade,-0.2647,41120
16.14,1st Item,3179,Umbral Glaive,2.7449,8178
16.14,1st Item,6610,Sundered Sky,5.3743,515
16.14,1st Item,6673,Immortal Shieldbow,-6.3689,176
16.14,1st Item,6676,The Collector,-2.1297,24196
16.14,1st Item,6695,Serpent's Fang,2.2108,396
16.14,1st Item,6697,Hubris,0.1933,204730
16.14,1st Item,6698,Profane Hydra,1.5113,260
16.14,1st Item,6699,Voltaic Cyclosword,0.5462,651
16.14,2nd Item,2523,Hexoptics C44,-1.7366,383
16.14,2nd Item,3031,Infinity Edge,-3.0001,3829
16.14,2nd Item,3033,Mortal Reminder,-0.7401,2543
16.14,2nd Item,3036,Lord Dominik's Regards,-0.5647,10925
16.14,2nd Item,3071,Black Cleaver,1.1482,2819
16.14,2nd Item,3072,Bloodthirster,-5.0477,111
16.14,2nd Item,3097,Stormrazor,-3.6264,156
16.14,2nd Item,3142,Youmuu's Ghostblade,-1.721,4716
16.14,2nd Item,3156,Maw of Malmortius,1.4038,680
16.14,2nd Item,3179,Umbral Glaive,-0.2443,161
16.14,2nd Item,3814,Edge of Night,0.5829,179
16.14,2nd Item,6333,Death's Dance,-0.2834,124
16.14,2nd Item,6610,Sundered Sky,1.6684,10813
16.14,2nd Item,6673,Immortal Shieldbow,0.7475,4057
16.14,2nd Item,6676,The Collector,0.0716,217820
16.14,2nd Item,6695,Serpent's Fang,-1.0187,1301
16.14,2nd Item,6697,Hubris,-2.5233,2845
16.14,2nd Item,6699,Voltaic Cyclosword,-0.456,223
16.14,3rd Item,2523,Hexoptics C44,-3.3844,694
16.14,3rd Item,3026,Guardian Angel,-1.6759,359
16.14,3rd Item,3031,Infinity Edge,-1.6627,22957
16.14,3rd Item,3033,Mortal Reminder,0.2186,32161
16.14,3rd Item,3036,Lord Dominik's Regards,0.3254,114217
16.14,3rd Item,3046,Phantom Dancer,-0.3987,112
16.14,3rd Item,3071,Black Cleaver,0.1198,7137
16.14,3rd Item,3072,Bloodthirster,-2.2427,532
16.14,3rd Item,3097,Stormrazor,-2.4685,116
16.14,3rd Item,3139,Mercurial Scimitar,3.4384,105
16.14,3rd Item,3142,Youmuu's Ghostblade,-1.355,657
16.14,3rd Item,3156,Maw of Malmortius,0.8791,3360
16.14,3rd Item,3161,Spear of Shojin,-0.1395,142
16.14,3rd Item,3814,Edge of Night,0.0921,344
16.14,3rd Item,6333,Death's Dance,-0.9285,519
16.14,3rd Item,6610,Sundered Sky,1.3821,1058
16.14,3rd Item,6665,"Jak'Sho, The Protean",-2.1443,575
16.14,3rd Item,6673,Immortal Shieldbow,-0.0234,25843
16.14,3rd Item,6676,The Collector,-0.8522,3581
16.14,3rd Item,6695,Serpent's Fang,-0.1447,2269
16.14,3rd Item,6697,Hubris,-3.8971,282
16.14,3rd Item,6699,Voltaic Cyclosword,-0.769,213
16.14,4th+ Item,2504,Kaenic Rookern,3.4713,600
16.14,4th+ Item,2517,Endless Hunger,-2.0055,379
16.14,4th+ Item,2523,Hexoptics C44,-1.3451,4003
16.14,4th+ Item,3026,Guardian Angel,1.3845,22916
16.14,4th+ Item,3031,Infinity Edge,-0.6773,62454
16.14,4th+ Item,3033,Mortal Reminder,0.1042,5984
16.14,4th+ Item,3036,Lord Dominik's Regards,1.1561,17269
16.14,4th+ Item,3046,Phantom Dancer,-1.3357,576
16.14,4th+ Item,3053,Sterak's Gage,5.5386,206
16.14,4th+ Item,3071,Black Cleaver,0.4788,744
16.14,4th+ Item,3072,Bloodthirster,-0.6695,10830
16.14,4th+ Item,3094,Rapid Firecannon,-0.4999,241
16.14,4th+ Item,3097,Stormrazor,-2.4755,405
16.14,4th+ Item,3139,Mercurial Scimitar,0.6204,2688
16.14,4th+ Item,3142,Youmuu's Ghostblade,-0.8294,1339
16.14,4th+ Item,3143,Randuin's Omen,-0.5193,712
16.14,4th+ Item,3156,Maw of Malmortius,0.4288,8418
16.14,4th+ Item,3508,Essence Reaver,2.1153,109
16.14,4th+ Item,3814,Edge of Night,0.4635,640
16.14,4th+ Item,4401,Force of Nature,-1.5843,132
16.14,4th+ Item,6333,Death's Dance,-0.3452,2077
16.14,4th+ Item,6609,Chempunk Chainsword,0.5978,321
16.14,4th+ Item,6610,Sundered Sky,-1.198,312
16.14,4th+ Item,6665,"Jak'Sho, The Protean",-1.7094,1777
16.14,4th+ Item,6673,Immortal Shieldbow,0.2448,58386
16.14,4th+ Item,6676,The Collector,-3.7854,695
16.14,4th+ Item,6695,Serpent's Fang,-1.9343,3375
16.14,4th+ Item,6697,Hubris,-5.0299,310
16.14,4th+ Item,6699,Voltaic Cyclosword,-0.1636,226
16.14,All Items,2504,Kaenic Rookern,2.71,725
16.14,All Items,2517,Endless Hunger,-2.8888,490
16.14,All Items,2523,Hexoptics C44,-1.5914,5297
16.14,All Items,3026,Guardian Angel,1.3675,25813
16.14,All Items,3031,Infinity Edge,-1.0456,90365
16.14,All Items,3033,Mortal Reminder,0.103,40854
16.14,All Items,3036,Lord Dominik's Regards,0.3603,142763
16.14,All Items,3046,Phantom Dancer,-1.6254,928
16.14,All Items,3053,Sterak's Gage,1.3182,279
16.14,All Items,3065,Spirit Visage,-3.7431,128
16.14,All Items,3071,Black Cleaver,0.4913,10980
16.14,All Items,3072,Bloodthirster,-0.7598,12975
16.14,All Items,3078,Trinity Force,-2.2193,288
16.14,All Items,3094,Rapid Firecannon,-1.7697,325
16.14,All Items,3097,Stormrazor,-2.5233,1111
16.14,All Items,3110,Frozen Heart,2.4853,120
16.14,All Items,3139,Mercurial Scimitar,0.8609,3071
16.14,All Items,3142,Youmuu's Ghostblade,-0.4338,48277
16.14,All Items,3143,Randuin's Omen,0.384,909
16.14,All Items,3156,Maw of Malmortius,0.5593,12798
16.14,All Items,3161,Spear of Shojin,-0.7613,182
16.14,All Items,3179,Umbral Glaive,2.6768,8440
16.14,All Items,3508,Essence Reaver,1.3988,254
16.14,All Items,3742,Dead Man's Plate,0.994,115
16.14,All Items,3814,Edge of Night,0.1083,1277
16.14,All Items,4401,Force of Nature,-0.4227,167
16.14,All Items,6333,Death's Dance,-0.4414,2908
16.14,All Items,6609,Chempunk Chainsword,0.2231,393
16.14,All Items,6610,Sundered Sky,1.7273,12718
16.14,All Items,6665,"Jak'Sho, The Protean",-1.741,2429
16.14,All Items,6673,Immortal Shieldbow,0.1677,89433
16.14,All Items,6676,The Collector,-0.17,246373
16.14,All Items,6692,Eclipse,-0.3282,148
16.14,All Items,6694,Serylda's Grudge,-0.3131,154
16.14,All Items,6695,Serpent's Fang,-0.9587,7493
16.14,All Items,6697,Hubris,0.1414,208211
16.14,All Items,6698,Profane Hydra,-1.0567,316
16.14,All Items,6699,Voltaic Cyclosword,-0.1355,1348
16.15,Keystone,8369,First Strike,1.3683,314
16.15,Keystone,8230,Stormraider's Surge,1.1602,2575
16.15,Keystone,8010,Conqueror,-4.5108,1228
16.15,Keystone,9923,Hail of Blades,-3.6004,277
16.15,Keystone,8021,Fleet Footwork,0.8016,116149
16.15,Keystone,8005,Press the Attack,-3.9255,198
16.15,Keystone,8008,Lethal Tempo,0.2067,232
16.15,Keystone,8128,Dark Harvest,-0.3626,233046
16.15,Keystone,8112,Electrocute,-4.9032,385
16.15,Spell,3,Exhaust,1.2787,192
16.15,Spell,4,Flash,0.0038,353996
16.15,Spell,6,Ghost,-0.6163,287
16.15,Spell,11,Smite,0.0,354765
16.15,Spell,14,Ignite,-4.7201,276
16.15,Starter,1101,Scorchclaw Pup,0.1518,286829
16.15,Starter,1102,Gustwalker Hatchling,-1.1193,50427
16.15,Starter,1103,Mosstomper Seedling,0.7373,17486
16.15,Boots,3006,Berserker's Greaves,-3.4456,1873
16.15,Boots,3008,Gluttonous Greaves,0.7178,24476
16.15,Boots,3009,Boots of Swiftness,0.1835,9898
16.15,Boots,3047,Plated Steelcaps,-0.1639,144134
16.15,Boots,3111,Mercury's Treads,0.4605,112916
16.15,Boots,3158,Ionian Boots of Lucidity,-0.0729,360
16.15,1st Item,2520,Bastionbreaker,-1.4145,533
16.15,1st Item,3031,Infinity Edge,-4.5444,145
16.15,1st Item,3071,Black Cleaver,4.4357,368
16.15,1st Item,3078,Trinity Force,-3.6025,177
16.15,1st Item,3097,Stormrazor,-4.1518,225
16.15,1st Item,3142,Youmuu's Ghostblade,-0.3242,47851
16.15,1st Item,3179,Umbral Glaive,2.5479,20627
16.15,1st Item,6610,Sundered Sky,0.841,1189
16.15,1st Item,6673,Immortal Shieldbow,-2.1005,154
16.15,1st Item,6676,The Collector,-1.5909,27402
16.15,1st Item,6695,Serpent's Fang,1.7756,487
16.15,1st Item,6697,Hubris,0.0197,253249
16.15,1st Item,6698,Profane Hydra,1.0371,621
16.15,1st Item,6699,Voltaic Cyclosword,2.3411,591
16.15,2nd Item,2520,Bastionbreaker,-2.4526,183
16.15,2nd Item,2523,Hexoptics C44,-1.0155,318
16.15,2nd Item,3031,Infinity Edge,-1.7437,4741
16.15,2nd Item,3033,Mortal Reminder,0.4707,2693
16.15,2nd Item,3036,Lord Dominik's Regards,0.0166,13434
16.15,2nd Item,3071,Black Cleaver,0.623,4123
16.15,2nd Item,3097,Stormrazor,-5.4293,205
16.15,2nd Item,3142,Youmuu's Ghostblade,-2.3519,3640
16.15,2nd Item,3156,Maw of Malmortius,0.768,835
16.15,2nd Item,3179,Umbral Glaive,-0.1613,278
16.15,2nd Item,3814,Edge of Night,-7.3266,171
16.15,2nd Item,6333,Death's Dance,-1.962,198
16.15,2nd Item,6610,Sundered Sky,1.2531,29929
16.15,2nd Item,6673,Immortal Shieldbow,0.0194,5005
16.15,2nd Item,6676,The Collector,-0.0719,261059
16.15,2nd Item,6695,Serpent's Fang,2.8111,1495
16.15,2nd Item,6697,Hubris,-2.0443,3455
16.15,2nd Item,6698,Profane Hydra,-1.5799,103
16.15,2nd Item,6699,Voltaic Cyclosword,3.4422,202
16.15,3rd Item,2517,Endless Hunger,-1.2005,103
16.15,3rd Item,2523,Hexoptics C44,-4.7415,577
16.15,3rd Item,3026,Guardian Angel,-1.1092,494
16.15,3rd Item,3031,Infinity Edge,-2.1687,28245
16.15,3rd Item,3033,Mortal Reminder,0.0355,35798
16.15,3rd Item,3036,Lord Dominik's Regards,0.561,138340
16.15,3rd Item,3046,Phantom Dancer,-1.2039,127
16.15,3rd Item,3071,Black Cleaver,0.134,17920
16.15,3rd Item,3072,Bloodthirster,-2.6033,652
16.15,3rd Item,3097,Stormrazor,5.0517,133
16.15,3rd Item,3139,Mercurial Scimitar,-0.4342,121
16.15,3rd Item,3142,Youmuu's Ghostblade,0.3564,823
16.15,3rd Item,3143,Randuin's Omen,3.7891,121
16.15,3rd Item,3156,Maw of Malmortius,-0.1703,4339
16.15,3rd Item,3161,Spear of Shojin,-1.9593,208
16.15,3rd Item,3814,Edge of Night,0.9356,374
16.15,3rd Item,6333,Death's Dance,-1.6099,1235
16.15,3rd Item,6610,Sundered Sky,0.9278,1849
16.15,3rd Item,6665,"Jak'Sho, The Protean",-2.0512,3400
16.15,3rd Item,6673,Immortal Shieldbow,-0.1638,30546
16.15,3rd Item,6676,The Collector,0.086,4242
16.15,3rd Item,6695,Serpent's Fang,-0.5496,2632
16.15,3rd Item,6697,Hubris,-1.717,337
16.15,3rd Item,6699,Voltaic Cyclosword,-0.8264,290
16.15,4th+ Item,2501,Overlord's Bloodmail,-5.2473,120
16.15,4th+ Item,2504,Kaenic Rookern,0.3737,729
16.15,4th+ Item,2517,Endless Hunger,-0.766,381
16.15,4th+ Item,2523,Hexoptics C44,-0.8218,3963
16.15,4th+ Item,3026,Guardian Angel,1.5355,27303
16.15,4th+ Item,3031,Infinity Edge,-0.5615,74654
16.15,4th+ Item,3033,Mortal Reminder,-0.4607,7008
16.15,4th+ Item,3036,Lord Dominik's Regards,0.2255,20589
16.15,4th+ Item,3046,Phantom Dancer,-2.7303,648
16.15,4th+ Item,3053,Sterak's Gage,2.1493,312
16.15,4th+ Item,3065,Spirit Visage,-1.7101,160
16.15,4th+ Item,3071,Black Cleaver,-0.9798,2104
16.15,4th+ Item,3072,Bloodthirster,-0.037,12632
16.15,4th+ Item,3094,Rapid Firecannon,0.2175,247
16.15,4th+ Item,3097,Stormrazor,-3.0178,430
16.15,4th+ Item,3110,Frozen Heart,-4.987,116
16.15,4th+ Item,3139,Mercurial Scimitar,0.4328,2717
16.15,4th+ Item,3142,Youmuu's Ghostblade,0.1278,1626
16.15,4th+ Item,3143,Randuin's Omen,-0.9745,993
16.15,4th+ Item,3156,Maw of Malmortius,-0.1638,10262
16.15,4th+ Item,3508,Essence Reaver,-1.2976,114
16.15,4th+ Item,3814,Edge of Night,2.5113,703
16.15,4th+ Item,4401,Force of Nature,4.4115,212
16.15,4th+ Item,6333,Death's Dance,-2.9243,3517
16.15,4th+ Item,6609,Chempunk Chainsword,-0.8097,454
16.15,4th+ Item,6610,Sundered Sky,0.1026,412
16.15,4th+ Item,6665,"Jak'Sho, The Protean",-2.1551,6575
16.15,4th+ Item,6673,Immortal Shieldbow,0.6089,69153
16.15,4th+ Item,6676,The Collector,-1.0938,909
16.15,4th+ Item,6695,Serpent's Fang,-1.2467,3833
16.15,4th+ Item,6697,Hubris,-0.7018,364
16.15,4th+ Item,6699,Voltaic Cyclosword,-2.1064,254
16.15,All Items,2501,Overlord's Bloodmail,-7.1494,147
16.15,All Items,2504,Kaenic Rookern,0.6487,902
16.15,All Items,2517,Endless Hunger,-0.8205,516
16.15,All Items,2520,Bastionbreaker,-1.3324,909
16.15,All Items,2523,Hexoptics C44,-1.0406,5135
16.15,All Items,3026,Guardian Angel,1.4885,30671
16.15,All Items,3031,Infinity Edge,-1.0473,108870
16.15,All Items,3033,Mortal Reminder,-0.014,45676
16.15,All Items,3036,Lord Dominik's Regards,0.4736,172787
16.15,All Items,3046,Phantom Dancer,-2.3892,1004
16.15,All Items,3053,Sterak's Gage,1.7686,435
16.15,All Items,3065,Spirit Visage,-0.4801,190
16.15,All Items,3071,Black Cleaver,0.1884,24549
16.15,All Items,3072,Bloodthirster,-0.0781,15055
16.15,All Items,3078,Trinity Force,-1.8217,291
16.15,All Items,3094,Rapid Firecannon,-0.1664,315
16.15,All Items,3097,Stormrazor,-2.6026,1111
16.15,All Items,3110,Frozen Heart,-4.4837,162
16.15,All Items,3139,Mercurial Scimitar,0.1514,3180
16.15,All Items,3142,Youmuu's Ghostblade,-0.4282,54412
16.15,All Items,3143,Randuin's Omen,-0.2021,1243
16.15,All Items,3156,Maw of Malmortius,-0.0672,15851
16.15,All Items,3161,Spear of Shojin,-2.563,302
16.15,All Items,3179,Umbral Glaive,2.4741,21059
16.15,All Items,3508,Essence Reaver,-0.0214,272
16.15,All Items,3742,Dead Man's Plate,-3.4364,138
16.15,All Items,3814,Edge of Night,0.8254,1354
16.15,All Items,4401,Force of Nature,5.1236,281
16.15,All Items,6333,Death's Dance,-2.5632,5188
16.15,All Items,6609,Chempunk Chainsword,-0.9977,546
16.15,All Items,6610,Sundered Sky,1.2118,33406
16.15,All Items,6665,"Jak'Sho, The Protean",-2.1908,10143
16.15,All Items,6673,Immortal Shieldbow,0.3256,105939
16.15,All Items,6676,The Collector,-0.2149,293719
16.15,All Items,6692,Eclipse,-4.2195,150
16.15,All Items,6694,Serylda's Grudge,-1.2662,181
16.15,All Items,6695,Serpent's Fang,-0.1688,8601
16.15,All Items,6697,Hubris,-0.0127,257467
16.15,All Items,6698,Profane Hydra,1.0079,754
16.15,All Items,6699,Voltaic Cyclosword,0.9402,1376
16.16,Keystone,8369,First Strike,-1.4598,139
16.16,Keystone,8230,Stormraider's Surge,0.953,974
16.16,Keystone,8010,Conqueror,-3.9346,451
16.16,Keystone,9923,Hail of Blades,-8.4589,122
16.16,Keystone,8021,Fleet Footwork,1.1723,59241
16.16,Keystone,8008,Lethal Tempo,-6.8067,117
16.16,Keystone,8128,Dark Harvest,-0.6558,97339
16.16,Keystone,8112,Electrocute,-8.1824,145
16.16,Spell,4,Flash,-0.001,158432
16.16,Spell,6,Ghost,-2.4247,168
16.16,Spell,11,Smite,0.0,158772
16.16,Spell,14,Ignite,-0.0942,104
16.16,Starter,1101,Scorchclaw Pup,0.1643,128051
16.16,Starter,1102,Gustwalker Hatchling,-1.4559,22099
16.16,Starter,1103,Mosstomper Seedling,1.2937,8610
16.16,Boots,3006,Berserker's Greaves,-1.5365,1119
16.16,Boots,3008,Gluttonous Greaves,1.2631,9573
16.16,Boots,3009,Boots of Swiftness,-0.2978,3669
16.16,Boots,3047,Plated Steelcaps,0.1694,66322
16.16,Boots,3111,Mercury's Treads,0.0476,50386
16.16,Boots,3158,Ionian Boots of Lucidity,-1.0118,185
16.16,1st Item,2520,Bastionbreaker,-0.2904,182
16.16,1st Item,3071,Black Cleaver,-0.3465,181
16.16,1st Item,3097,Stormrazor,5.49,109
16.16,1st Item,3142,Youmuu's Ghostblade,-0.0038,22881
16.16,1st Item,3179,Umbral Glaive,3.2166,8394
16.16,1st Item,6610,Sundered Sky,3.6567,514
16.16,1st Item,6676,The Collector,-2.0517,11418
16.16,1st Item,6695,Serpent's Fang,0.9241,233
16.16,1st Item,6697,Hubris,-0.0643,113616
16.16,1st Item,6698,Profane Hydra,7.4755,235
16.16,1st Item,6699,Voltaic Cyclosword,1.5532,190
16.16,2nd Item,2523,Hexoptics C44,-4.0435,132
16.16,2nd Item,3031,Infinity Edge,-1.9788,1983
16.16,2nd Item,3033,Mortal Reminder,0.1176,1157
16.16,2nd Item,3036,Lord Dominik's Regards,-0.7108,5945
16.16,2nd Item,3071,Black Cleaver,1.9233,2304
16.16,2nd Item,3097,Stormrazor,2.9908,114
16.16,2nd Item,3142,Youmuu's Ghostblade,-1.1763,1545
16.16,2nd Item,3156,Maw of Malmortius,1.5943,338
16.16,2nd Item,3179,Umbral Glaive,0.3236,145
16.16,2nd Item,6610,Sundered Sky,2.1162,12705
16.16,2nd Item,6673,Immortal Shieldbow,0.4278,1930
16.16,2nd Item,6676,The Collector,-0.1759,117520
16.16,2nd Item,6695,Serpent's Fang,2.0364,672
16.16,2nd Item,6697,Hubris,-2.0883,1506
16.16,3rd Item,2523,Hexoptics C44,-3.0727,259
16.16,3rd Item,3026,Guardian Angel,0.2913,195
16.16,3rd Item,3031,Infinity Edge,-2.3442,12307
16.16,3rd Item,3033,Mortal Reminder,-0.2854,15859
16.16,3rd Item,3036,Lord Dominik's Regards,0.5642,61546
16.16,3rd Item,3071,Black Cleaver,1.197,7870
16.16,3rd Item,3072,Bloodthirster,-4.4277,284
16.16,3rd Item,3142,Youmuu's Ghostblade,-2.4417,313
16.16,3rd Item,3156,Maw of Malmortius,0.0337,1650
16.16,3rd Item,3814,Edge of Night,0.3646,147
16.16,3rd Item,6333,Death's Dance,-1.9708,566
16.16,3rd Item,6610,Sundered Sky,1.5151,1165
16.16,3rd Item,6665,"Jak'Sho, The Protean",-3.1081,1270
16.16,3rd Item,6673,Immortal Shieldbow,-0.1965,13939
16.16,3rd Item,6676,The Collector,0.6019,1923
16.16,3rd Item,6695,Serpent's Fang,-1.0916,1127
16.16,3rd Item,6697,Hubris,-7.4455,160
16.16,4th+ Item,2504,Kaenic Rookern,1.7286,299
16.16,4th+ Item,2517,Endless Hunger,-0.1205,202
16.16,4th+ Item,2523,Hexoptics C44,-1.4001,1454
16.16,4th+ Item,3026,Guardian Angel,1.6866,12059
16.16,4th+ Item,3031,Infinity Edge,-0.5547,31772
16.16,4th+ Item,3033,Mortal Reminder,-0.972,2970
16.16,4th+ Item,3036,Lord Dominik's Regards,0.5321,9060
16.16,4th+ Item,3046,Phantom Dancer,-1.4481,303
16.16,4th+ Item,3053,Sterak's Gage,1.0912,198
16.16,4th+ Item,3071,Black Cleaver,-0.6601,836
16.16,4th+ Item,3072,Bloodthirster,-1.0651,5241
16.16,4th+ Item,3094,Rapid Firecannon,-1.9279,111
16.16,4th+ Item,3097,Stormrazor,-0.9408,207
16.16,4th+ Item,3139,Mercurial Scimitar,2.6315,1145
16.16,4th+ Item,3142,Youmuu's Ghostblade,-3.0407,633
16.16,4th+ Item,3143,Randuin's Omen,-0.5421,453
16.16,4th+ Item,3156,Maw of Malmortius,0.557,3873
16.16,4th+ Item,3814,Edge of Night,1.255,301
16.16,4th+ Item,6333,Death's Dance,-0.6237,1599
16.16,4th+ Item,6609,Chempunk Chainsword,-2.2748,184
16.16,4th+ Item,6610,Sundered Sky,-6.7329,465
16.16,4th+ Item,6665,"Jak'Sho, The Protean",-1.2649,3236
16.16,4th+ Item,6673,Immortal Shieldbow,0.3569,30307
16.16,4th+ Item,6676,The Collector,-0.87,378
16.16,4th+ Item,6695,Serpent's Fang,0.3329,1800
16.16,4th+ Item,6697,Hubris,4.0222,163
16.16,All Items,2504,Kaenic Rookern,1.369,374
16.16,All Items,2517,Endless Hunger,-0.7423,250
16.16,All Items,2520,Bastionbreaker,-1.5259,337
16.16,All Items,2523,Hexoptics C44,-1.6152,1943
16.16,All Items,3026,Guardian Angel,1.5253,13430
16.16,All Items,3031,Infinity Edge,-1.0793,46549
16.16,All Items,3033,Mortal Reminder,-0.3649,20071
16.16,All Items,3036,Lord Dominik's Regards,0.4655,76726
16.16,All Items,3046,Phantom Dancer,-2.0033,439
16.16,All Items,3053,Sterak's Gage,1.1319,294
16.16,All Items,3071,Black Cleaver,1.1758,11204
16.16,All Items,3072,Bloodthirster,-1.294,6303
16.16,All Items,3078,Trinity Force,1.2362,157
16.16,All Items,3094,Rapid Firecannon,-2.9673,155
16.16,All Items,3097,Stormrazor,2.028,545
16.16,All Items,3110,Frozen Heart,-5.8246,103
16.16,All Items,3139,Mercurial Scimitar,1.8629,1361
16.16,All Items,3142,Youmuu's Ghostblade,-0.1684,25568
16.16,All Items,3143,Randuin's Omen,0.016,567
16.16,All Items,3156,Maw of Malmortius,0.4905,6026
16.16,All Items,3161,Spear of Shojin,-5.7205,172
16.16,All Items,3179,Umbral Glaive,3.1458,8600
16.16,All Items,3508,Essence Reaver,3.7797,118
16.16,All Items,3814,Edge of Night,1.3696,585
16.16,All Items,4401,Force of Nature,2.5477,122
16.16,All Items,6333,Death's Dance,-0.6907,2325
16.16,All Items,6609,Chempunk Chainsword,-1.7343,219
16.16,All Items,6610,Sundered Sky,1.85,14885
16.16,All Items,6665,"Jak'Sho, The Protean",-1.7344,4576
16.16,All Items,6673,Immortal Shieldbow,0.1909,46742
16.16,All Items,6676,The Collector,-0.3281,131273
16.16,All Items,6692,Eclipse,-1.2456,188
16.16,All Items,6695,Serpent's Fang,0.2589,3893
16.16,All Items,6697,Hubris,-0.0949,115460
16.16,All Items,6698,Profane Hydra,7.1421,283
16.16,All Items,6699,Voltaic Cyclosword,-1.6594,452
16.17,Keystone,8369,First Strike,-0.6478,145
16.17,Keystone,8230,Stormraider's Surge,-3.7041,504
16.17,Keystone,8010,Conqueror,-3.4388,271
16.17,Keystone,8021,Fleet Footwork,0.7741,50301
16.17,Keystone,8005,Press the Attack,-4.3865,101
16.17,Keystone,8008,Lethal Tempo,-3.0342,104
16.17,Keystone,8128,Dark Harvest,-0.4107,83678
16.17,Keystone,8112,Electrocute,-0.0752,138
16.17,Spell,4,Flash,0.013,135127
16.17,Spell,6,Ghost,-8.8084,149
16.17,Spell,11,Smite,0.0,135443
16.17,Starter,1101,Scorchclaw Pup,0.1633,108944
16.17,Starter,1102,Gustwalker Hatchling,-0.8574,20392
16.17,Starter,1103,Mosstomper Seedling,-0.0495,6101
16.17,Boots,3006,Berserker's Greaves,-0.9955,925
16.17,Boots,3008,Gluttonous Greaves,-0.1433,8109
16.17,Boots,3009,Boots of Swiftness,-1.0239,3061
16.17,Boots,3047,Plated Steelcaps,0.1609,56328
16.17,Boots,3111,Mercury's Treads,0.1951,41774
16.17,Boots,3158,Ionian Boots of Lucidity,-1.703,172
16.17,1st Item,3071,Black Cleaver,2.4271,230
16.17,1st Item,3097,Stormrazor,5.4415,242
16.17,1st Item,3142,Youmuu's Ghostblade,-0.0829,19651
16.17,1st Item,3179,Umbral Glaive,1.9459,4262
16.17,1st Item,6610,Sundered Sky,-1.565,390
16.17,1st Item,6676,The Collector,-1.032,11242
16.17,1st Item,6695,Serpent's Fang,-0.2009,198
16.17,1st Item,6697,Hubris,0.0423,98077
16.17,1st Item,6698,Profane Hydra,-0.2229,160
16.17,1st Item,6699,Voltaic Cyclosword,2.7573,146
16.17,2nd Item,3031,Infinity Edge,-0.6129,1966
16.17,2nd Item,3033,Mortal Reminder,0.4818,1156
16.17,2nd Item,3036,Lord Dominik's Regards,0.1756,5846
16.17,2nd Item,3071,Black Cleaver,0.9838,2193
16.17,2nd Item,3097,Stormrazor,0.8558,164
16.17,2nd Item,3142,Youmuu's Ghostblade,-0.1803,1318
16.17,2nd Item,3156,Maw of Malmortius,3.422,307
16.17,2nd Item,3179,Umbral Glaive,-0.9099,121
16.17,2nd Item,6610,Sundered Sky,0.6903,6438
16.17,2nd Item,6673,Immortal Shieldbow,-0.0819,2062
16.17,2nd Item,6676,The Collector,-0.0469,102418
16.17,2nd Item,6695,Serpent's Fang,0.7925,592
16.17,2nd Item,6697,Hubris,-1.5948,1344
16.17,3rd Item,2523,Hexoptics C44,-1.5483,192
16.17,3rd Item,3026,Guardian Angel,-3.2961,188
16.17,3rd Item,3031,Infinity Edge,-1.5489,10974
16.17,3rd Item,3033,Mortal Reminder,0.1298,13463
16.17,3rd Item,3036,Lord Dominik's Regards,0.4543,54799
16.17,3rd Item,3071,Black Cleaver,0.7731,4056
16.17,3rd Item,3072,Bloodthirster,-0.9139,204
16.17,3rd Item,3142,Youmuu's Ghostblade,-1.4665,274
16.17,3rd Item,3156,Maw of Malmortius,-0.6427,1141
16.17,3rd Item,3161,Spear of Shojin,-3.0217,147
16.17,3rd Item,3814,Edge of Night,-3.6795,132
16.17,3rd Item,6333,Death's Dance,-3.5652,450
16.17,3rd Item,6610,Sundered Sky,-0.484,960
16.17,3rd Item,6665,"Jak'Sho, The Protean",-3.3481,618
16.17,3rd Item,6673,Immortal Shieldbow,-0.6113,11665
16.17,3rd Item,6676,The Collector,1.2733,1731
16.17,3rd Item,6695,Serpent's Fang,-0.9845,1030
16.17,3rd Item,6697,Hubris,1.1276,162
16.17,4th+ Item,2504,Kaenic Rookern,0.1928,265
16.17,4th+ Item,2517,Endless Hunger,-7.9027,133
16.17,4th+ Item,2523,Hexoptics C44,-0.4828,1072
16.17,4th+ Item,3026,Guardian Angel,1.4833,10266
16.17,4th+ Item,3031,Infinity Edge,-0.612,26902
16.17,4th+ Item,3033,Mortal Reminder,-0.2886,2369
16.17,4th+ Item,3036,Lord Dominik's Regards,0.4703,7443
16.17,4th+ Item,3046,Phantom Dancer,1.0904,226
16.17,4th+ Item,3071,Black Cleaver,-1.8067,435
16.17,4th+ Item,3072,Bloodthirster,-1.3867,4328
16.17,4th+ Item,3097,Stormrazor,-3.2113,230
16.17,4th+ Item,3139,Mercurial Scimitar,0.7361,1097
16.17,4th+ Item,3142,Youmuu's Ghostblade,-1.7665,524
16.17,4th+ Item,3143,Randuin's Omen,0.4449,369
16.17,4th+ Item,3156,Maw of Malmortius,0.7916,3094
16.17,4th+ Item,3814,Edge of Night,-0.1062,247
16.17,4th+ Item,6333,Death's Dance,-1.8461,1173
16.17,4th+ Item,6609,Chempunk Chainsword,-1.3379,123
16.17,4th+ Item,6610,Sundered Sky,-0.4618,353
16.17,4th+ Item,6665,"Jak'Sho, The Protean",-0.7099,1595
16.17,4th+ Item,6673,Immortal Shieldbow,0.4381,26559
16.17,4th+ Item,6676,The Collector,-0.813,335
16.17,4th+ Item,6695,Serpent's Fang,0.0012,1421
16.17,4th+ Item,6697,Hubris,-1.0857,106
16.17,All Items,2504,Kaenic Rookern,0.8939,327
16.17,All Items,2517,Endless Hunger,-6.621,191
16.17,All Items,2520,Bastionbreaker,3.1115,156
16.17,All Items,2523,Hexoptics C44,-1.1458,1400
16.17,All Items,3026,Guardian Angel,1.5153,11417
16.17,All Items,3031,Infinity Edge,-0.9028,40301
16.17,All Items,3033,Mortal Reminder,0.082,17048
16.17,All Items,3036,Lord Dominik's Regards,0.4358,68254
16.17,All Items,3046,Phantom Dancer,-1.0252,364
16.17,All Items,3053,Sterak's Gage,-3.2257,177
16.17,All Items,3071,Black Cleaver,0.7139,6923
16.17,All Items,3072,Bloodthirster,-1.1722,5075
16.17,All Items,3078,Trinity Force,-0.6578,151
16.17,All Items,3094,Rapid Firecannon,-7.217,118
16.17,All Items,3097,Stormrazor,1.2311,743
16.17,All Items,3139,Mercurial Scimitar,0.5576,1254
16.17,All Items,3142,Youmuu's Ghostblade,-0.1332,21903
16.17,All Items,3143,Randuin's Omen,-1.2438,478
16.17,All Items,3156,Maw of Malmortius,0.583,4665
16.17,All Items,3161,Spear of Shojin,-3.3282,222
16.17,All Items,3179,Umbral Glaive,1.6803,4508
16.17,All Items,3814,Edge of Night,-0.4404,494
16.17,All Items,6333,Death's Dance,-2.368,1796
16.17,All Items,6609,Chempunk Chainsword,-2.2316,150
16.17,All Items,6610,Sundered Sky,0.3914,8177
16.17,All Items,6665,"Jak'Sho, The Protean",-1.1866,2271
16.17,All Items,6673,Immortal Shieldbow,0.1085,40710
16.17,All Items,6676,The Collector,-0.1252,115760
16.17,All Items,6692,Eclipse,-1.199,111
16.17,All Items,6695,Serpent's Fang,-0.2853,3299
16.17,All Items,6697,Hubris,0.0199,99709
16.17,All Items,6698,Profane Hydra,0.2973,200
16.17,All Items,6699,Voltaic Cyclosword,1.163,394
