patch,category,id,name,wpa,sample_size
16.1,Keystone,8369,First Strike,0.2033,338
16.1,Keystone,8230,Stormraider's Surge,1.6,516
16.1,Keystone,8214,Summon Aery,1.9919,1709
16.1,Keystone,8021,Fleet Footwork,-0.0642,1769
16.1,Keystone,8005,Press the Attack,0.1446,42228
16.1,Keystone,8008,Lethal Tempo,-2.9582,527
16.1,Keystone,8437,Grasp of the Undying,-3.1085,5009
16.1,Keystone,8229,Arcane Comet,-2.1301,763
16.1,Keystone,8128,Dark Harvest,0.7967,7035
16.1,Keystone,8112,Electrocute,2.7939,1018
16.1,Spell,3,Exhaust,-2.0728,747
16.1,Spell,4,Flash,-0.0024,60887
16.1,Spell,6,Ghost,-1.5493,1189
16.1,Spell,12,Teleport,-2.9264,3271
16.1,Spell,14,Ignite,0.2299,55707
16.1,Spell,21,Barrier,1.3798,252
16.1,Starter,1001,Boots,5.6157,144
16.1,Starter,1054,Doran's Shield,-2.4466,822
16.1,Starter,1055,Doran's Blade,-1.3888,4183
16.1,Starter,1056,Doran's Ring,0.1622,52893
16.1,Starter,1082,Dark Seal,0.5207,2453
16.1,Starter,1083,Cull,-7.4696,174
16.1,Boots,3006,Berserker's Greaves,-1.3751,4436
16.1,Boots,3009,Boots of Swiftness,0.6407,14846
16.1,Boots,3020,Sorcerer's Shoes,0.3767,31533
16.1,Boots,3047,Plated Steelcaps,2.3398,3220
16.1,Boots,3111,Mercury's Treads,-1.195,2727
16.1,Boots,3158,Ionian Boots of Lucidity,0.8107,1097
16.1,1st Item,2503,Blackfire Torch,0.2025,633
16.1,1st Item,2504,Kaenic Rookern,0.8907,143
16.1,1st Item,2510,Dusk and Dawn,2.2181,1468
16.1,1st Item,3084,Heartsteel,-2.2563,327
16.1,1st Item,3091,Wit's End,-0.43,876
16.1,1st Item,3115,Nashor's Tooth,-0.2398,31955
16.1,1st Item,3118,Malignance,0.6723,2892
16.1,1st Item,3146,Hextech Gunblade,-0.849,4535
16.1,1st Item,3153,Blade of The Ruined King,-1.06,451
16.1,1st Item,4646,Stormsurge,3.5098,151
16.1,1st Item,6653,Liandry's Torment,0.7166,14345
16.1,1st Item,6655,Luden's Echo,-2.1617,159
16.1,2nd Item,2503,Blackfire Torch,-0.519,729
16.1,2nd Item,2510,Dusk and Dawn,-1.9607,1183
16.1,2nd Item,3041,Mejai's Soulstealer,1.6547,104
16.1,2nd Item,3089,Rabadon's Deathcap,-2.4844,168
16.1,2nd Item,3091,Wit's End,-1.8211,318
16.1,2nd Item,3115,Nashor's Tooth,-0.8074,5171
16.1,2nd Item,3118,Malignance,1.1532,13470
16.1,2nd Item,3124,Guinsoo's Rageblade,-6.3378,386
16.1,2nd Item,3135,Void Staff,0.6763,153
16.1,2nd Item,3146,Hextech Gunblade,0.3326,1272
16.1,2nd Item,3153,Blade of The Ruined King,-2.7353,193
16.1,2nd Item,3157,Zhonya's Hourglass,-4.7535,276
16.1,2nd Item,3165,Morellonomicon,-1.6827,287
16.1,2nd Item,4633,Riftmaker,-5.2412,288
16.1,2nd Item,4645,Shadowflame,-1.5778,959
16.1,2nd Item,4646,Stormsurge,-0.7394,518
16.1,2nd Item,6653,Liandry's Torment,0.1387,25357
16.1,2nd Item,8010,Bloodletter's Curse,-0.2939,1009
16.1,3rd Item,2503,Blackfire Torch,2.1879,1028
16.1,3rd Item,2510,Dusk and Dawn,2.3836,521
16.1,3rd Item,3041,Mejai's Soulstealer,2.9333,258
16.1,3rd Item,3089,Rabadon's Deathcap,-1.7076,1548
16.1,3rd Item,3091,Wit's End,-9.2415,126
16.1,3rd Item,3102,Banshee's Veil,2.3472,179
16.1,3rd Item,3115,Nashor's Tooth,0.2727,849
16.1,3rd Item,3116,Rylai's Crystal Scepter,5.2955,112
16.1,3rd Item,3118,Malignance,0.4016,14572
16.1,3rd Item,3124,Guinsoo's Rageblade,-0.0323,254
16.1,3rd Item,3135,Void Staff,-1.0357,902
16.1,3rd Item,3137,Cryptbloom,1.6829,229
16.1,3rd Item,3146,Hextech Gunblade,-2.3692,438
16.1,3rd Item,3157,Zhonya's Hourglass,-1.9058,692
16.1,3rd Item,3165,Morellonomicon,0.3346,781
16.1,3rd Item,4633,Riftmaker,-2.5788,258
16.1,3rd Item,4645,Shadowflame,0.2976,7451
16.1,3rd Item,4646,Stormsurge,2.8666,445
16.1,3rd Item,6653,Liandry's Torment,-1.0913,5029
16.1,3rd Item,8010,Bloodletter's Curse,0.6153,1699
16.1,4th+ Item,2503,Blackfire Torch,-0.102,418
16.1,4th+ Item,2510,Dusk and Dawn,1.6625,170
16.1,4th+ Item,3041,Mejai's Soulstealer,0.9838,375
16.1,4th+ Item,3089,Rabadon's Deathcap,0.1731,5865
16.1,4th+ Item,3102,Banshee's Veil,2.5737,301
16.1,4th+ Item,3115,Nashor's Tooth,-4.6161,160
16.1,4th+ Item,3118,Malignance,-0.7027,1543
16.1,4th+ Item,3135,Void Staff,-0.2169,2389
16.1,4th+ Item,3137,Cryptbloom,2.263,325
16.1,4th+ Item,3146,Hextech Gunblade,-4.3736,142
16.1,4th+ Item,3157,Zhonya's Hourglass,-1.4279,981
16.1,4th+ Item,3165,Morellonomicon,0.1149,1631
16.1,4th+ Item,4633,Riftmaker,2.8206,122
16.1,4th+ Item,4645,Shadowflame,0.377,5051
16.1,4th+ Item,4646,Stormsurge,0.1736,538
16.1,4th+ Item,6653,Liandry's Torment,1.1809,744
16.1,4th+ Item,8010,Bloodletter's Curse,-0.5099,1003
16.1,All Items,2503,Blackfire Torch,0.713,2824
16.1,All Items,2504,Kaenic Rookern,-0.6736,284
16.1,All Items,2510,Dusk and Dawn,0.7515,3344
16.1,All Items,3041,Mejai's Soulstealer,1.7175,748
16.1,All Items,3084,Heartsteel,-2.8779,379
16.1,All Items,3085,Runaan's Hurricane,-8.4443,120
16.1,All Items,3089,Rabadon's Deathcap,-0.2547,7640
16.1,All Items,3091,Wit's End,-1.2198,1407
16.1,All Items,3100,Lich Bane,1.1001,213
16.1,All Items,3102,Banshee's Veil,2.5928,615
16.1,All Items,3115,Nashor's Tooth,-0.325,38142
16.1,All Items,3116,Rylai's Crystal Scepter,-1.1643,307
16.1,All Items,3118,Malignance,0.6835,32502
16.1,All Items,3124,Guinsoo's Rageblade,-4.6275,807
16.1,All Items,3135,Void Staff,-0.4089,3480
16.1,All Items,3137,Cryptbloom,2.4616,595
16.1,All Items,3146,Hextech Gunblade,-0.7958,6391
16.1,All Items,3153,Blade of The Ruined King,-2.2766,772
16.1,All Items,3157,Zhonya's Hourglass,-2.0332,2050
16.1,All Items,3165,Morellonomicon,-0.0429,2777
16.1,All Items,3302,Terminus,-3.6505,209
16.1,All Items,4629,Cosmic Drive,-2.0146,186
16.1,All Items,4633,Riftmaker,-2.0804,742
16.1,All Items,4645,Shadowflame,0.1479,13539
16.1,All Items,4646,Stormsurge,0.9105,1666
16.1,All Items,6653,Liandry's Torment,0.2016,45492
16.1,All Items,6655,Luden's Echo,-0.9553,349
16.1,All Items,6672,Kraken Slayer,-4.8957,215
16.1,All Items,8010,Bloodletter's Curse,0.0919,3794
16.2,Keystone,8369,First Strike,1.3905,237
16.2,Keystone,8230,Stormraider's Surge,3.3923,461
16.2,Keystone,8214,Summon Aery,1.3477,1680
16.2,Keystone,8021,Fleet Footwork,-1.6195,1466
16.2,Keystone,8005,Press the Attack,0.0285,39186
16.2,Keystone,8008,Lethal Tempo,1.0064,432
16.2,Keystone,8437,Grasp of the Undying,-1.4676,4675
16.2,Keystone,8229,Arcane Comet,-1.1784,743
16.2,Keystone,8128,Dark Harvest,0.4752,6191
16.2,Keystone,8112,Electrocute,3.7872,610
16.2,Spell,3,Exhaust,0.5004,791
16.2,Spell,4,Flash,0.0065,55655
16.2,Spell,6,Ghost,-1.1164,1042
16.2,Spell,12,Teleport,-3.1531,2758
16.2,Spell,14,Ignite,0.1918,51104
16.2,Spell,21,Barrier,-2.2081,219
16.2,Starter,1001,Boots,0.0418,177
16.2,Starter,1054,Doran's Shield,-5.2048,742
16.2,Starter,1055,Doran's Blade,-1.5665,3562
16.2,Starter,1056,Doran's Ring,0.2226,48887
16.2,Starter,1082,Dark Seal,-0.4675,1903
16.2,Starter,1083,Cull,-2.2697,211
16.2,Boots,3006,Berserker's Greaves,-0.8674,3604
16.2,Boots,3009,Boots of Swiftness,0.417,12838
16.2,Boots,3020,Sorcerer's Shoes,0.1691,29813
16.2,Boots,3047,Plated Steelcaps,3.2831,3323
16.2,Boots,3111,Mercury's Treads,-2.3139,2818
16.2,Boots,3158,Ionian Boots of Lucidity,0.3898,902
16.2,1st Item,2503,Blackfire Torch,0.5814,587
16.2,1st Item,2504,Kaenic Rookern,3.9257,157
16.2,1st Item,2510,Dusk and Dawn,-0.6644,1172
16.2,1st Item,3084,Heartsteel,-0.9697,332
16.2,1st Item,3091,Wit's End,-5.3213,798
16.2,1st Item,3115,Nashor's Tooth,-0.0582,29701
16.2,1st Item,3118,Malignance,1.1919,2564
16.2,1st Item,3146,Hextech Gunblade,0.7842,3461
16.2,1st Item,3153,Blade of The Ruined King,-3.4199,349
16.2,1st Item,3157,Zhonya's Hourglass,-7.52,111
16.2,1st Item,4646,Stormsurge,0.677,102
16.2,1st Item,6653,Liandry's Torment,0.3383,13747
16.2,1st Item,6655,Luden's Echo,6.3605,125
16.2,2nd Item,2503,Blackfire Torch,2.0777,763
16.2,2nd Item,2510,Dusk and Dawn,-0.6005,2061
16.2,2nd Item,3089,Rabadon's Deathcap,2.5832,165
16.2,2nd Item,3091,Wit's End,-3.4747,265
16.2,2nd Item,3115,Nashor's Tooth,-1.3126,4684
16.2,2nd Item,3118,Malignance,1.5521,12405
16.2,2nd Item,3124,Guinsoo's Rageblade,-1.3046,239
16.2,2nd Item,3135,Void Staff,-0.4955,140
16.2,2nd Item,3146,Hextech Gunblade,-1.9093,1222
16.2,2nd Item,3153,Blade of The Ruined King,-6.7634,131
16.2,2nd Item,3157,Zhonya's Hourglass,0.6156,242
16.2,2nd Item,3165,Morellonomicon,0.1089,269
16.2,2nd Item,4633,Riftmaker,1.2017,299
16.2,2nd Item,4645,Shadowflame,-0.2908,700
16.2,2nd Item,4646,Stormsurge,1.5134,170
16.2,2nd Item,6653,Liandry's Torment,-0.243,23214
16.2,2nd Item,8010,Bloodletter's Curse,-1.7417,699
16.2,3rd Item,2503,Blackfire Torch,1.8022,919
16.2,3rd Item,2510,Dusk and Dawn,-1.8573,775
16.2,3rd Item,3041,Mejai's Soulstealer,2.3626,195
16.2,3rd Item,3089,Rabadon's Deathcap,0.5214,1626
16.2,3rd Item,3091,Wit's End,-5.6633,125
16.2,3rd Item,3102,Banshee's Veil,0.6842,165
16.2,3rd Item,3115,Nashor's Tooth,0.2717,881
16.2,3rd Item,3118,Malignance,-0.2051,13881
16.2,3rd Item,3124,Guinsoo's Rageblade,-9.0138,142
16.2,3rd Item,3135,Void Staff,0.0344,869
16.2,3rd Item,3137,Cryptbloom,1.8745,200
16.2,3rd Item,3146,Hextech Gunblade,0.0529,620
16.2,3rd Item,3157,Zhonya's Hourglass,0.2858,669
16.2,3rd Item,3165,Morellonomicon,0.288,737
16.2,3rd Item,4633,Riftmaker,-0.6588,267
16.2,3rd Item,4645,Shadowflame,0.3143,6192
16.2,3rd Item,4646,Stormsurge,-1.9259,164
16.2,3rd Item,6653,Liandry's Torment,0.3877,4342
16.2,3rd Item,8010,Bloodletter's Curse,0.8492,1349
16.2,4th+ Item,2503,Blackfire Torch,1.1608,376
16.2,4th+ Item,2510,Dusk and Dawn,-1.4419,237
16.2,4th+ Item,3041,Mejai's Soulstealer,0.9794,343
16.2,4th+ Item,3089,Rabadon's Deathcap,-0.1327,4939
16.2,4th+ Item,3102,Banshee's Veil,1.95,306
16.2,4th+ Item,3115,Nashor's Tooth,1.7147,135
16.2,4th+ Item,3118,Malignance,0.1021,1498
16.2,4th+ Item,3135,Void Staff,0.1865,2232
16.2,4th+ Item,3137,Cryptbloom,0.219,319
16.2,4th+ Item,3146,Hextech Gunblade,-2.9485,204
16.2,4th+ Item,3157,Zhonya's Hourglass,-1.0413,975
16.2,4th+ Item,3165,Morellonomicon,-0.4739,1874
16.2,4th+ Item,4633,Riftmaker,3.8643,112
16.2,4th+ Item,4645,Shadowflame,0.8698,4576
16.2,4th+ Item,4646,Stormsurge,-0.6546,383
16.2,4th+ Item,6653,Liandry's Torment,-0.9245,732
16.2,4th+ Item,8010,Bloodletter's Curse,-0.1862,838
16.2,All Items,2503,Blackfire Torch,1.5188,2657
16.2,All Items,2504,Kaenic Rookern,1.3122,274
16.2,All Items,2510,Dusk and Dawn,-0.9,4250
16.2,All Items,3041,Mejai's Soulstealer,0.37,634
16.2,All Items,3084,Heartsteel,0.1309,386
16.2,All Items,3089,Rabadon's Deathcap,0.0848,6774
16.2,All Items,3091,Wit's End,-5.2907,1249
16.2,All Items,3100,Lich Bane,-1.9935,123
16.2,All Items,3102,Banshee's Veil,0.7486,597
16.2,All Items,3115,Nashor's Tooth,-0.208,35405
16.2,All Items,3116,Rylai's Crystal Scepter,-5.0363,248
16.2,All Items,3118,Malignance,0.648,30367
16.2,All Items,3124,Guinsoo's Rageblade,-4.5873,464
16.2,All Items,3135,Void Staff,0.0453,3292
16.2,All Items,3137,Cryptbloom,0.9472,549
16.2,All Items,3146,Hextech Gunblade,-0.0263,5511
16.2,All Items,3153,Blade of The Ruined King,-4.1504,586
16.2,All Items,3157,Zhonya's Hourglass,-0.787,2009
16.2,All Items,3165,Morellonomicon,-0.2713,2939
16.2,All Items,3302,Terminus,-5.6165,131
16.2,All Items,4629,Cosmic Drive,-1.8675,130
16.2,All Items,4633,Riftmaker,0.5792,742
16.2,All Items,4645,Shadowflame,0.4884,11553
16.2,All Items,4646,Stormsurge,-0.3388,831
16.2,All Items,6653,Liandry's Torment,0.0001,42044
16.2,All Items,6655,Luden's Echo,2.599,221
16.2,All Items,6672,Kraken Slayer,-8.9521,158
16.2,All Items,8010,Bloodletter's Curse,-0.0548,2953
16.3,Keystone,8369,First Strike,-6.3998,194
16.3,Keystone,8230,Stormraider's Surge,0.958,420
16.3,Keystone,8214,Summon Aery,-1.2103,1759
16.3,Keystone,8021,Fleet Footwork,2.693,1788
16.3,Keystone,8005,Press the Attack,0.2486,43802
16.3,Keystone,8008,Lethal Tempo,-6.0795,466
16.3,Keystone,8437,Grasp of the Undying,-2.6469,5271
16.3,Keystone,8229,Arcane Comet,2.5785,850
16.3,Keystone,8128,Dark Harvest,0.4593,6591
16.3,Keystone,8112,Electrocute,-0.8885,633
16.3,Spell,3,Exhaust,-2.1826,876
16.3,Spell,4,Flash,-0.0011,61689
16.3,Spell,6,Ghost,0.3694,1240
16.3,Spell,12,Teleport,-3.1907,2960
16.3,Spell,14,Ignite,0.1857,56737
16.3,Spell,21,Barrier,2.0116,224
16.3,Starter,1001,Boots,-2.7632,150
16.3,Starter,1054,Doran's Shield,-1.388,891
16.3,Starter,1055,Doran's Blade,-1.5174,3903
16.3,Starter,1056,Doran's Ring,0.1995,54230
16.3,Starter,1082,Dark Seal,-1.0362,2109
16.3,Starter,1083,Cull,1.1691,240
16.3,Boots,3006,Berserker's Greaves,0.4401,4387
16.3,Boots,3009,Boots of Swiftness,0.3758,14825
16.3,Boots,3020,Sorcerer's Shoes,0.3185,31870
16.3,Boots,3047,Plated Steelcaps,1.7341,3779
16.3,Boots,3111,Mercury's Treads,-0.5397,2886
16.3,Boots,3158,Ionian Boots of Lucidity,0.1315,951
16.3,1st Item,2503,Blackfire Torch,-2.2668,571
16.3,1st Item,2504,Kaenic Rookern,-2.5214,175
16.3,1st Item,2510,Dusk and Dawn,2.7648,2016
16.3,1st Item,3084,Heartsteel,-1.8069,327
16.3,1st Item,3091,Wit's End,-3.0082,966
16.3,1st Item,3115,Nashor's Tooth,-0.4211,32044
16.3,1st Item,3118,Malignance,1.8537,2744
16.3,1st Item,3146,Hextech Gunblade,1.2733,3201
16.3,1st Item,3153,Blade of The Ruined King,-4.4378,460
16.3,1st Item,3157,Zhonya's Hourglass,0.903,123
16.3,1st Item,4646,Stormsurge,-3.671,138
16.3,1st Item,6653,Liandry's Torment,0.6392,15605
16.3,1st Item,6655,Luden's Echo,-2.4375,112
16.3,1st Item,8010,Bloodletter's Curse,-3.1582,114
16.3,2nd Item,2503,Blackfire Torch,-1.0169,769
16.3,2nd Item,2510,Dusk and Dawn,-0.0442,2466
16.3,2nd Item,3041,Mejai's Soulstealer,1.3618,114
16.3,2nd Item,3089,Rabadon's Deathcap,2.1042,194
16.3,2nd Item,3091,Wit's End,-1.5837,327
16.3,2nd Item,3115,Nashor's Tooth,-0.5059,4956
16.3,2nd Item,3118,Malignance,1.0118,13721
16.3,2nd Item,3124,Guinsoo's Rageblade,-5.6462,204
16.3,2nd Item,3135,Void Staff,3.3495,177
16.3,2nd Item,3146,Hextech Gunblade,-3.2478,1281
16.3,2nd Item,3153,Blade of The Ruined King,-8.6336,168
16.3,2nd Item,3157,Zhonya's Hourglass,-0.7812,243
16.3,2nd Item,3165,Morellonomicon,0.9183,357
16.3,2nd Item,4633,Riftmaker,-3.5899,289
16.3,2nd Item,4645,Shadowflame,-1.6552,705
16.3,2nd Item,4646,Stormsurge,-4.2308,197
16.3,2nd Item,6653,Liandry's Torment,-0.0227,25565
16.3,2nd Item,8010,Bloodletter's Curse,1.695,653
16.3,3rd Item,2503,Blackfire Torch,1.1089,1014
16.3,3rd Item,2510,Dusk and Dawn,0.661,779
16.3,3rd Item,3041,Mejai's Soulstealer,0.1776,237
16.3,3rd Item,3089,Rabadon's Deathcap,-1.1675,1683
16.3,3rd Item,3091,Wit's End,-5.128,155
16.3,3rd Item,3102,Banshee's Veil,-1.8702,176
16.3,3rd Item,3115,Nashor's Tooth,-0.9059,976
16.3,3rd Item,3116,Rylai's Crystal Scepter,-0.2566,128
16.3,3rd Item,3118,Malignance,0.0013,15192
16.3,3rd Item,3124,Guinsoo's Rageblade,-4.9141,207
16.3,3rd Item,3135,Void Staff,0.8918,835
16.3,3rd Item,3137,Cryptbloom,-0.9244,276
16.3,3rd Item,3146,Hextech Gunblade,-0.6023,622
16.3,3rd Item,3157,Zhonya's Hourglass,-1.3815,762
16.3,3rd Item,3165,Morellonomicon,-0.1131,943
16.3,3rd Item,4633,Riftmaker,-2.842,268
16.3,3rd Item,4645,Shadowflame,0.2255,6776
16.3,3rd Item,4646,Stormsurge,2.3884,225
16.3,3rd Item,6653,Liandry's Torment,0.1073,4732
16.3,3rd Item,8010,Bloodletter's Curse,1.9266,1482
16.3,4th+ Item,2503,Blackfire Torch,1.6188,376
16.3,4th+ Item,2510,Dusk and Dawn,5.1897,222
16.3,4th+ Item,3041,Mejai's Soulstealer,0.3708,367
16.3,4th+ Item,3089,Rabadon's Deathcap,0.1345,5359
16.3,4th+ Item,3102,Banshee's Veil,1.5157,303
16.3,4th+ Item,3115,Nashor's Tooth,1.1869,193
16.3,4th+ Item,3116,Rylai's Crystal Scepter,-4.2524,101
16.3,4th+ Item,3118,Malignance,0.6662,1615
16.3,4th+ Item,3135,Void Staff,-0.0244,2471
16.3,4th+ Item,3137,Cryptbloom,0.9732,388
16.3,4th+ Item,3146,Hextech Gunblade,-0.7964,171
16.3,4th+ Item,3157,Zhonya's Hourglass,-0.8556,1038
16.3,4th+ Item,3165,Morellonomicon,-0.0267,2270
16.3,4th+ Item,4633,Riftmaker,0.6724,134
16.3,4th+ Item,4645,Shadowflame,-0.0294,4955
16.3,4th+ Item,4646,Stormsurge,1.6765,542
16.3,4th+ Item,6653,Liandry's Torment,-1.1228,718
16.3,4th+ Item,8010,Bloodletter's Curse,-0.6731,910
16.3,All Items,2503,Blackfire Torch,-0.1253,2739
16.3,All Items,2504,Kaenic Rookern,-2.5237,309
16.3,All Items,2510,Dusk and Dawn,1.2963,5489
16.3,All Items,3041,Mejai's Soulstealer,0.8027,744
16.3,All Items,3084,Heartsteel,-2.5565,376
16.3,All Items,3089,Rabadon's Deathcap,-0.1222,7298
16.3,All Items,3091,Wit's End,-2.4902,1530
16.3,All Items,3100,Lich Bane,-0.054,158
16.3,All Items,3102,Banshee's Veil,1.8398,613
16.3,All Items,3115,Nashor's Tooth,-0.4376,38176
16.3,All Items,3116,Rylai's Crystal Scepter,-2.361,329
16.3,All Items,3118,Malignance,0.603,33293
16.3,All Items,3124,Guinsoo's Rageblade,-4.5886,525
16.3,All Items,3135,Void Staff,0.3516,3525
16.3,All Items,3137,Cryptbloom,-0.0332,699
16.3,All Items,3143,Randuin's Omen,-4.4001,105
16.3,All Items,3146,Hextech Gunblade,-0.1128,5278
16.3,All Items,3153,Blade of The Ruined King,-5.0739,724
16.3,All Items,3157,Zhonya's Hourglass,-0.9294,2184
16.3,All Items,3165,Morellonomicon,0.0995,3654
16.3,All Items,3302,Terminus,-7.7082,120
16.3,All Items,4629,Cosmic Drive,2.007,151
16.3,All Items,4633,Riftmaker,-3.4613,744
16.3,All Items,4645,Shadowflame,0.0132,12518
16.3,All Items,4646,Stormsurge,0.0601,1110
16.3,All Items,6653,Liandry's Torment,0.1952,46630
16.3,All Items,6655,Luden's Echo,-2.1296,204
16.3,All Items,6672,Kraken Slayer,-4.4998,158
16.3,All Items,8010,Bloodletter's Curse,0.9437,3168
16.4,Keystone,8369,First Strike,4.7825,184
16.4,Keystone,8230,Stormraider's Surge,2.279,390
16.4,Keystone,8214,Summon Aery,3.2957,1848
16.4,Keystone,8021,Fleet Footwork,-2.1815,1695
16.4,Keystone,8005,Press the Attack,0.1996,46171
16.4,Keystone,8008,Lethal Tempo,3.0636,480
16.4,Keystone,8437,Grasp of the Undying,-2.9539,5835
16.4,Keystone,8229,Arcane Comet,-1.7579,907
16.4,Keystone,8128,Dark Harvest,0.8414,6962
16.4,Keystone,8112,Electrocute,-1.5936,601
16.4,Spell,3,Exhaust,0.5396,898
16.4,Spell,4,Flash,0.0209,65056
16.4,Spell,6,Ghost,0.0199,1294
16.4,Spell,12,Teleport,-4.5424,3265
16.4,Spell,14,Ignite,0.2405,59661
16.4,Spell,21,Barrier,-3.4417,251
16.4,Starter,1001,Boots,-2.7821,130
16.4,Starter,1054,Doran's Shield,-2.3474,956
16.4,Starter,1055,Doran's Blade,-2.1482,4158
16.4,Starter,1056,Doran's Ring,0.2389,57329
16.4,Starter,1082,Dark Seal,-0.2398,2103
16.4,Starter,1083,Cull,0.1601,196
16.4,Boots,3006,Berserker's Greaves,-1.1443,3941
16.4,Boots,3009,Boots of Swiftness,0.046,16299
16.4,Boots,3020,Sorcerer's Shoes,0.1804,33145
16.4,Boots,3047,Plated Steelcaps,3.0737,4179
16.4,Boots,3111,Mercury's Treads,-1.1172,2940
16.4,Boots,3158,Ionian Boots of Lucidity,0.3258,1044
16.4,1st Item,2503,Blackfire Torch,-2.3598,627
16.4,1st Item,2504,Kaenic Rookern,-0.8085,160
16.4,1st Item,2510,Dusk and Dawn,2.2676,2265
16.4,1st Item,3084,Heartsteel,-2.7418,508
16.4,1st Item,3091,Wit's End,-1.0475,803
16.4,1st Item,3115,Nashor's Tooth,-0.0786,34042
16.4,1st Item,3118,Malignance,1.559,3232
16.4,1st Item,3146,Hextech Gunblade,-0.0865,2611
16.4,1st Item,3153,Blade of The Ruined King,-7.5152,380
16.4,1st Item,4646,Stormsurge,-1.8331,180
16.4,1st Item,6653,Liandry's Torment,0.0987,16364
16.4,1st Item,6655,Luden's Echo,5.981,133
16.4,1st Item,8010,Bloodletter's Curse,-7.8604,202
16.4,2nd Item,2503,Blackfire Torch,-0.3383,834
16.4,2nd Item,2510,Dusk and Dawn,0.801,2742
16.4,2nd Item,3041,Mejai's Soulstealer,-1.3008,127
16.4,2nd Item,3089,Rabadon's Deathcap,-5.3997,204
16.4,2nd Item,3091,Wit's End,-3.0976,286
16.4,2nd Item,3102,Banshee's Veil,1.5986,103
16.4,2nd Item,3115,Nashor's Tooth,-0.4824,5045
16.4,2nd Item,3118,Malignance,0.6038,14465
16.4,2nd Item,3124,Guinsoo's Rageblade,-6.2507,202
16.4,2nd Item,3135,Void Staff,4.4118,162
16.4,2nd Item,3146,Hextech Gunblade,-1.3856,1205
16.4,2nd Item,3153,Blade of The Ruined King,-2.0294,113
16.4,2nd Item,3157,Zhonya's Hourglass,0.418,264
16.4,2nd Item,3165,Morellonomicon,-0.5149,402
16.4,2nd Item,4633,Riftmaker,-5.8984,284
16.4,2nd Item,4645,Shadowflame,-0.609,793
16.4,2nd Item,4646,Stormsurge,5.137,177
16.4,2nd Item,6653,Liandry's Torment,-0.0138,27050
16.4,2nd Item,8010,Bloodletter's Curse,0.5234,717
16.4,3rd Item,2503,Blackfire Torch,3.0278,1138
16.4,3rd Item,2510,Dusk and Dawn,-1.2455,822
16.4,3rd Item,3041,Mejai's Soulstealer,0.0216,231
16.4,3rd Item,3089,Rabadon's Deathcap,-0.9963,1691
16.4,3rd Item,3091,Wit's End,-4.8897,117
16.4,3rd Item,3102,Banshee's Veil,0.0019,192
16.4,3rd Item,3115,Nashor's Tooth,-2.1697,1008
16.4,3rd Item,3116,Rylai's Crystal Scepter,-2.0634,159
16.4,3rd Item,3118,Malignance,0.2177,16084
16.4,3rd Item,3124,Guinsoo's Rageblade,-6.1356,160
16.4,3rd Item,3135,Void Staff,-1.1893,851
16.4,3rd Item,3137,Cryptbloom,0.3587,362
16.4,3rd Item,3146,Hextech Gunblade,-0.5826,532
16.4,3rd Item,3157,Zhonya's Hourglass,-1.5124,906
16.4,3rd Item,3165,Morellonomicon,-1.2719,987
16.4,3rd Item,4633,Riftmaker,2.4819,272
16.4,3rd Item,4645,Shadowflame,0.3721,7232
16.4,3rd Item,4646,Stormsurge,-2.3587,214
16.4,3rd Item,6653,Liandry's Torment,0.6154,4907
16.4,3rd Item,8010,Bloodletter's Curse,-1.3939,1698
16.4,4th+ Item,2503,Blackfire Torch,0.2904,393
16.4,4th+ Item,2510,Dusk and Dawn,1.3541,238
16.4,4th+ Item,3041,Mejai's Soulstealer,0.2842,405
16.4,4th+ Item,3089,Rabadon's Deathcap,-0.0278,5562
16.4,4th+ Item,3102,Banshee's Veil,-0.1251,356
16.4,4th+ Item,3115,Nashor's Tooth,-1.0952,173
16.4,4th+ Item,3118,Malignance,-0.522,1641
16.4,4th+ Item,3135,Void Staff,-0.1938,2425
16.4,4th+ Item,3137,Cryptbloom,-0.8134,422
16.4,4th+ Item,3146,Hextech Gunblade,-2.4144,173
16.4,4th+ Item,3157,Zhonya's Hourglass,-0.3602,1125
16.4,4th+ Item,3165,Morellonomicon,0.5748,2385
16.4,4th+ Item,4633,Riftmaker,-2.9298,110
16.4,4th+ Item,4645,Shadowflame,0.2191,5420
16.4,4th+ Item,4646,Stormsurge,2.3552,541
16.4,4th+ Item,6653,Liandry's Torment,-2.2935,808
16.4,4th+ Item,8010,Bloodletter's Curse,1.9616,916
16.4,All Items,2503,Blackfire Torch,0.6075,3008
16.4,All Items,2504,Kaenic Rookern,1.6021,269
16.4,All Items,2510,Dusk and Dawn,1.0919,6072
16.4,All Items,3041,Mejai's Soulstealer,0.1299,783
16.4,All Items,3084,Heartsteel,-2.3001,566
16.4,All Items,3089,Rabadon's Deathcap,-0.3871,7517
16.4,All Items,3091,Wit's End,-2.0972,1276
16.4,All Items,3100,Lich Bane,0.4133,154
16.4,All Items,3102,Banshee's Veil,0.3632,700
16.4,All Items,3115,Nashor's Tooth,-0.1861,40275
16.4,All Items,3116,Rylai's Crystal Scepter,-3.3788,373
16.4,All Items,3118,Malignance,0.4646,35438
16.4,All Items,3124,Guinsoo's Rageblade,-5.7506,456
16.4,All Items,3135,Void Staff,-0.2301,3497
16.4,All Items,3137,Cryptbloom,-0.9021,814
16.4,All Items,3146,Hextech Gunblade,-0.5912,4523
16.4,All Items,3153,Blade of The Ruined King,-5.1257,581
16.4,All Items,3157,Zhonya's Hourglass,-0.6634,2412
16.4,All Items,3165,Morellonomicon,-0.0741,3862
16.4,All Items,3302,Terminus,-3.5291,115
16.4,All Items,4629,Cosmic Drive,0.2554,157
16.4,All Items,4633,Riftmaker,-1.8484,718
16.4,All Items,4645,Shadowflame,0.2402,13549
16.4,All Items,4646,Stormsurge,1.2318,1128
16.4,All Items,6653,Liandry's Torment,0.048,49143
16.4,All Items,6655,Luden's Echo,2.5907,214
16.4,All Items,6672,Kraken Slayer,-3.0134,131
16.4,All Items,8010,Bloodletter's Curse,-0.503,3541
16.5,Keystone,8369,First Strike,2.6192,386
16.5,Keystone,8230,Stormraider's Surge,-2.9191,500
16.5,Keystone,8214,Summon Aery,1.0989,2025
16.5,Keystone,8021,Fleet Footwork,-1.497,1925
16.5,Keystone,8005,Press the Attack,0.1287,53766
16.5,Keystone,8008,Lethal Tempo,1.5398,684
16.5,Keystone,8437,Grasp of the Undying,-2.1085,6798
16.5,Keystone,8229,Arcane Comet,1.3056,1023
16.5,Keystone,8128,Dark Harvest,0.7076,8742
16.5,Keystone,8112,Electrocute,2.1337,766
16.5,Spell,3,Exhaust,-0.7224,1229
16.5,Spell,4,Flash,0.0023,76613
16.5,Spell,6,Ghost,0.3244,1493
16.5,Spell,12,Teleport,-3.426,4000
16.5,Spell,14,Ignite,0.2169,69921
16.5,Spell,21,Barrier,-4.7543,243
16.5,Starter,1001,Boots,0.0115,194
16.5,Starter,1052,Amplifying Tome,9.1618,117
16.5,Starter,1054,Doran's Shield,-3.2737,1092
16.5,Starter,1055,Doran's Blade,-2.7684,4868
16.5,Starter,1056,Doran's Ring,0.1999,67099
16.5,Starter,1082,Dark Seal,0.8794,2747
16.5,Starter,1083,Cull,0.9357,277
16.5,Boots,3006,Berserker's Greaves,-1.6605,4386
16.5,Boots,3009,Boots of Swiftness,0.0679,18873
16.5,Boots,3020,Sorcerer's Shoes,0.6152,39441
16.5,Boots,3047,Plated Steelcaps,2.5705,5034
16.5,Boots,3111,Mercury's Treads,-1.0684,3224
16.5,Boots,3158,Ionian Boots of Lucidity,0.6068,1331
16.5,1st Item,2503,Blackfire Torch,2.3345,718
16.5,1st Item,2504,Kaenic Rookern,-0.5052,182
16.5,1st Item,2510,Dusk and Dawn,3.7915,2301
16.5,1st Item,3084,Heartsteel,-7.9048,449
16.5,1st Item,3091,Wit's End,-2.8932,1087
16.5,1st Item,3115,Nashor's Tooth,-0.3414,39754
16.5,1st Item,3118,Malignance,1.9012,3861
16.5,1st Item,3146,Hextech Gunblade,0.7301,2313
16.5,1st Item,3153,Blade of The Ruined King,-9.0095,528
16.5,1st Item,3165,Morellonomicon,-5.8222,102
16.5,1st Item,4646,Stormsurge,-3.4855,148
16.5,1st Item,6653,Liandry's Torment,0.4595,20540
16.5,1st Item,6655,Luden's Echo,3.5622,160
16.5,1st Item,8010,Bloodletter's Curse,1.0155,198
16.5,2nd Item,2503,Blackfire Torch,-0.1583,1138
16.5,2nd Item,2510,Dusk and Dawn,1.0197,1552
16.5,2nd Item,3041,Mejai's Soulstealer,3.5618,171
16.5,2nd Item,3089,Rabadon's Deathcap,-3.7022,245
16.5,2nd Item,3091,Wit's End,-2.8918,328
16.5,2nd Item,3102,Banshee's Veil,-5.5838,102
16.5,2nd Item,3115,Nashor's Tooth,-1.0597,5848
16.5,2nd Item,3116,Rylai's Crystal Scepter,-3.1983,110
16.5,2nd Item,3118,Malignance,0.875,18538
16.5,2nd Item,3124,Guinsoo's Rageblade,-3.5802,419
16.5,2nd Item,3135,Void Staff,-2.652,255
16.5,2nd Item,3146,Hextech Gunblade,1.2465,592
16.5,2nd Item,3153,Blade of The Ruined King,-6.2396,235
16.5,2nd Item,3157,Zhonya's Hourglass,-1.6119,417
16.5,2nd Item,3165,Morellonomicon,0.7034,448
16.5,2nd Item,4633,Riftmaker,-0.5801,304
16.5,2nd Item,4645,Shadowflame,-0.9094,966
16.5,2nd Item,4646,Stormsurge,0.5897,456
16.5,2nd Item,6653,Liandry's Torment,-0.0769,31891
16.5,2nd Item,8010,Bloodletter's Curse,0.9354,1144
16.5,3rd Item,2503,Blackfire Torch,1.2824,1390
16.5,3rd Item,2510,Dusk and Dawn,0.1007,490
16.5,3rd Item,3041,Mejai's Soulstealer,1.4673,340
16.5,3rd Item,3089,Rabadon's Deathcap,-0.5875,1877
16.5,3rd Item,3091,Wit's End,0.272,153
16.5,3rd Item,3102,Banshee's Veil,4.4907,249
16.5,3rd Item,3115,Nashor's Tooth,-1.5297,989
16.5,3rd Item,3116,Rylai's Crystal Scepter,-1.0527,180
16.5,3rd Item,3118,Malignance,-0.1148,18804
16.5,3rd Item,3124,Guinsoo's Rageblade,-4.4682,204
16.5,3rd Item,3135,Void Staff,-1.2338,1155
16.5,3rd Item,3137,Cryptbloom,1.6566,390
16.5,3rd Item,3146,Hextech Gunblade,2.1142,299
16.5,3rd Item,3157,Zhonya's Hourglass,-2.9654,974
16.5,3rd Item,3165,Morellonomicon,0.5244,1095
16.5,3rd Item,4633,Riftmaker,-1.2018,292
16.5,3rd Item,4645,Shadowflame,0.2186,9864
16.5,3rd Item,4646,Stormsurge,1.5342,428
16.5,3rd Item,6653,Liandry's Torment,0.5067,5759
16.5,3rd Item,8010,Bloodletter's Curse,0.8639,1898
16.5,4th+ Item,2503,Blackfire Torch,-1.7406,537
16.5,4th+ Item,2510,Dusk and Dawn,-0.7433,160
16.5,4th+ Item,3041,Mejai's Soulstealer,-0.7793,517
16.5,4th+ Item,3089,Rabadon's Deathcap,0.3066,7322
16.5,4th+ Item,3102,Banshee's Veil,0.7695,399
16.5,4th+ Item,3115,Nashor's Tooth,-1.4446,200
16.5,4th+ Item,3116,Rylai's Crystal Scepter,-2.5063,135
16.5,4th+ Item,3118,Malignance,0.1796,1898
16.5,4th+ Item,3135,Void Staff,1.2159,2968
16.5,4th+ Item,3137,Cryptbloom,-1.2208,532
16.5,4th+ Item,3146,Hextech Gunblade,0.8167,103
16.5,4th+ Item,3157,Zhonya's Hourglass,-0.5693,1428
16.5,4th+ Item,3165,Morellonomicon,-0.3822,2334
16.5,4th+ Item,4633,Riftmaker,-2.764,149
16.5,4th+ Item,4645,Shadowflame,-0.0116,6802
16.5,4th+ Item,4646,Stormsurge,2.2961,793
16.5,4th+ Item,6653,Liandry's Torment,0.3771,768
16.5,4th+ Item,8010,Bloodletter's Curse,-0.3244,1052
16.5,All Items,2503,Blackfire Torch,0.6209,3797
16.5,All Items,2504,Kaenic Rookern,-0.3157,315
16.5,All Items,2510,Dusk and Dawn,2.2714,4507
16.5,All Items,3041,Mejai's Soulstealer,0.8663,1059
16.5,All Items,3084,Heartsteel,-7.8855,526
16.5,All Items,3085,Runaan's Hurricane,-8.0592,122
16.5,All Items,3089,Rabadon's Deathcap,0.0132,9502
16.5,All Items,3091,Wit's End,-3.0671,1643
16.5,All Items,3100,Lich Bane,0.2005,213
16.5,All Items,3102,Banshee's Veil,0.9659,805
16.5,All Items,3115,Nashor's Tooth,-0.4623,46802
16.5,All Items,3116,Rylai's Crystal Scepter,-1.9284,456
16.5,All Items,3118,Malignance,0.5042,43114
16.5,All Items,3124,Guinsoo's Rageblade,-5.139,752
16.5,All Items,3135,Void Staff,0.3441,4449
16.5,All Items,3137,Cryptbloom,-0.1141,965
16.5,All Items,3146,Hextech Gunblade,0.9527,3309
16.5,All Items,3153,Blade of The Ruined King,-7.4688,880
16.5,All Items,3157,Zhonya's Hourglass,-1.4276,2930
16.5,All Items,3165,Morellonomicon,-0.1488,4002
16.5,All Items,3302,Terminus,-3.7332,163
16.5,All Items,4629,Cosmic Drive,-1.3601,249
16.5,All Items,4633,Riftmaker,-1.5423,836
16.5,All Items,4645,Shadowflame,0.0675,17752
16.5,All Items,4646,Stormsurge,1.2212,1844
16.5,All Items,6653,Liandry's Torment,0.1729,58968
16.5,All Items,6655,Luden's Echo,4.2278,287
16.5,All Items,6672,Kraken Slayer,-5.2602,227
16.5,All Items,8010,Bloodletter's Curse,0.5976,4306
16.6,Keystone,8369,First Strike,3.0552,361
16.6,Keystone,8230,Stormraider's Surge,0.7365,493
16.6,Keystone,8214,Summon Aery,2.2165,2215
16.6,Keystone,8021,Fleet Footwork,1.242,2009
16.6,Keystone,8005,Press the Attack,0.0501,54274
16.6,Keystone,8008,Lethal Tempo,0.6786,671
16.6,Keystone,8437,Grasp of the Undying,-1.6127,7533
16.6,Keystone,8229,Arcane Comet,0.8772,1173
16.6,Keystone,8128,Dark Harvest,0.1877,8658
16.6,Keystone,8112,Electrocute,-1.0356,770
16.6,Spell,3,Exhaust,-1.0716,1283
16.6,Spell,4,Flash,0.0168,78154
16.6,Spell,6,Ghost,-1.9226,1534
16.6,Spell,12,Teleport,-2.734,4462
16.6,Spell,14,Ignite,0.2219,70863
16.6,Spell,21,Barrier,-1.5175,266
16.6,Starter,1001,Boots,-6.3705,189
16.6,Starter,1052,Amplifying Tome,-5.5653,106
16.6,Starter,1054,Doran's Shield,-1.6759,1132
16.6,Starter,1055,Doran's Blade,-1.7939,4878
16.6,Starter,1056,Doran's Ring,0.1751,68590
16.6,Starter,1082,Dark Seal,0.886,2695
16.6,Starter,1083,Cull,-4.043,337
16.6,Boots,3006,Berserker's Greaves,-2.1307,4593
16.6,Boots,3009,Boots of Swiftness,0.0918,18354
16.6,Boots,3020,Sorcerer's Shoes,0.4494,41192
16.6,Boots,3047,Plated Steelcaps,2.2304,5341
16.6,Boots,3111,Mercury's Treads,-0.3914,3137
16.6,Boots,3158,Ionian Boots of Lucidity,0.8692,1181
16.6,1st Item,2503,Blackfire Torch,-0.6311,748
16.6,1st Item,2504,Kaenic Rookern,0.8707,171
16.6,1st Item,2510,Dusk and Dawn,1.6253,2138
16.6,1st Item,3084,Heartsteel,-1.5388,504
16.6,1st Item,3091,Wit's End,-2.7929,1014
16.6,1st Item,3115,Nashor's Tooth,0.0728,39942
16.6,1st Item,3118,Malignance,0.0187,4027
16.6,1st Item,3146,Hextech Gunblade,0.2415,2082
16.6,1st Item,3153,Blade of The Ruined King,-5.3792,558
16.6,1st Item,3157,Zhonya's Hourglass,-0.4894,136
16.6,1st Item,4646,Stormsurge,3.8784,143
16.6,1st Item,6653,Liandry's Torment,0.1914,21893
16.6,1st Item,6655,Luden's Echo,-2.1422,136
16.6,1st Item,8010,Bloodletter's Curse,-2.134,161
16.6,2nd Item,2503,Blackfire Torch,0.0518,1172
16.6,2nd Item,2510,Dusk and Dawn,-0.103,1905
16.6,2nd Item,3041,Mejai's Soulstealer,2.3558,161
16.6,2nd Item,3089,Rabadon's Deathcap,0.1566,200
16.6,2nd Item,3091,Wit's End,-1.4706,332
16.6,2nd Item,3102,Banshee's Veil,0.1562,115
16.6,2nd Item,3115,Nashor's Tooth,-1.4091,5995
16.6,2nd Item,3116,Rylai's Crystal Scepter,1.2262,121
16.6,2nd Item,3118,Malignance,1.0421,19226
16.6,2nd Item,3124,Guinsoo's Rageblade,-6.6417,349
16.6,2nd Item,3135,Void Staff,-3.5564,244
16.6,2nd Item,3146,Hextech Gunblade,-0.0998,566
16.6,2nd Item,3153,Blade of The Ruined King,-7.2042,196
16.6,2nd Item,3157,Zhonya's Hourglass,-1.1989,439
16.6,2nd Item,3165,Morellonomicon,-0.6209,490
16.6,2nd Item,4633,Riftmaker,-4.919,298
16.6,2nd Item,4645,Shadowflame,-0.0576,998
16.6,2nd Item,4646,Stormsurge,-2.2111,466
16.6,2nd Item,6653,Liandry's Torment,-0.0177,32071
16.6,2nd Item,6672,Kraken Slayer,-6.2687,117
16.6,2nd Item,8010,Bloodletter's Curse,-1.9855,941
16.6,3rd Item,2503,Blackfire Torch,0.3355,1364
16.6,3rd Item,2510,Dusk and Dawn,2.0328,798
16.6,3rd Item,3041,Mejai's Soulstealer,2.7064,341
16.6,3rd Item,3089,Rabadon's Deathcap,0.0739,1733
16.6,3rd Item,3091,Wit's End,-2.2021,147
16.6,3rd Item,3102,Banshee's Veil,-0.4953,194
16.6,3rd Item,3115,Nashor's Tooth,-2.1627,1265
16.6,3rd Item,3116,Rylai's Crystal Scepter,-5.497,218
16.6,3rd Item,3118,Malignance,-0.0709,18851
16.6,3rd Item,3124,Guinsoo's Rageblade,-3.4596,161
16.6,3rd Item,3135,Void Staff,-0.8177,1042
16.6,3rd Item,3137,Cryptbloom,-0.5257,388
16.6,3rd Item,3146,Hextech Gunblade,0.7071,243
16.6,3rd Item,3157,Zhonya's Hourglass,-0.3718,1032
16.6,3rd Item,3165,Morellonomicon,-0.3196,1678
16.6,3rd Item,3302,Terminus,-10.0004,105
16.6,3rd Item,4633,Riftmaker,-3.657,308
16.6,3rd Item,4645,Shadowflame,0.4029,9692
16.6,3rd Item,4646,Stormsurge,0.0644,448
16.6,3rd Item,6653,Liandry's Torment,0.1562,5529
16.6,3rd Item,8010,Bloodletter's Curse,2.2532,1857
16.6,4th+ Item,2503,Blackfire Torch,1.335,580
16.6,4th+ Item,2510,Dusk and Dawn,-0.2604,287
16.6,4th+ Item,3041,Mejai's Soulstealer,-0.5663,499
16.6,4th+ Item,3089,Rabadon's Deathcap,-0.255,7050
16.6,4th+ Item,3102,Banshee's Veil,2.1533,342
16.6,4th+ Item,3115,Nashor's Tooth,1.3655,203
16.6,4th+ Item,3116,Rylai's Crystal Scepter,-4.2288,156
16.6,4th+ Item,3118,Malignance,0.3401,1953
16.6,4th+ Item,3135,Void Staff,1.5986,3185
16.6,4th+ Item,3137,Cryptbloom,0.8363,457
16.6,4th+ Item,3157,Zhonya's Hourglass,0.1088,1333
16.6,4th+ Item,3165,Morellonomicon,0.044,2729
16.6,4th+ Item,4633,Riftmaker,-3.0878,154
16.6,4th+ Item,4645,Shadowflame,-0.5255,6601
16.6,4th+ Item,4646,Stormsurge,0.7701,758
16.6,4th+ Item,6653,Liandry's Torment,-1.5493,825
16.6,4th+ Item,8010,Bloodletter's Curse,2.4755,962
16.6,All Items,2503,Blackfire Torch,0.2277,3875
16.6,All Items,2504,Kaenic Rookern,-0.7487,300
16.6,All Items,2510,Dusk and Dawn,0.941,5130
16.6,All Items,3041,Mejai's Soulstealer,1.2645,1029
16.6,All Items,3084,Heartsteel,-1.6499,581
16.6,All Items,3085,Runaan's Hurricane,-10.9632,127
16.6,All Items,3089,Rabadon's Deathcap,-0.2355,9051
16.6,All Items,3091,Wit's End,-2.7039,1558
16.6,All Items,3100,Lich Bane,-1.9512,206
16.6,All Items,3102,Banshee's Veil,0.273,706
16.6,All Items,3115,Nashor's Tooth,-0.1663,47418
16.6,All Items,3116,Rylai's Crystal Scepter,-3.8933,541
16.6,All Items,3118,Malignance,0.441,44071
16.6,All Items,3124,Guinsoo's Rageblade,-5.969,644
16.6,All Items,3135,Void Staff,0.7541,4537
16.6,All Items,3137,Cryptbloom,0.667,886
16.6,All Items,3143,Randuin's Omen,-0.5579,115
16.6,All Items,3146,Hextech Gunblade,0.3242,2987
16.6,All Items,3153,Blade of The Ruined King,-5.6731,889
16.6,All Items,3157,Zhonya's Hourglass,-0.2402,2963
16.6,All Items,3165,Morellonomicon,-0.1281,5005
16.6,All Items,3302,Terminus,-10.5006,207
16.6,All Items,4629,Cosmic Drive,2.4022,234
16.6,All Items,4633,Riftmaker,-4.0642,829
16.6,All Items,4645,Shadowflame,0.0092,17391
16.6,All Items,4646,Stormsurge,0.0707,1837
16.6,All Items,6653,Liandry's Torment,0.0541,60325
16.6,All Items,6655,Luden's Echo,-1.1379,250
16.6,All Items,6672,Kraken Slayer,-5.3418,267
16.6,All Items,8010,Bloodletter's Curse,1.1019,3933
16.7,Keystone,8369,First Strike,0.868,394
16.7,Keystone,8230,Stormraider's Surge,0.8762,626
16.7,Keystone,8214,Summon Aery,0.4203,2588
16.7,Keystone,8021,Fleet Footwork,1.1195,2131
16.7,Keystone,8005,Press the Attack,0.1594,59308
16.7,Keystone,8008,Lethal Tempo,1.0984,669
16.7,Keystone,8437,Grasp of the Undying,-2.1222,8200
16.7,Keystone,8229,Arcane Comet,0.0963,1195
16.7,Keystone,8128,Dark Harvest,0.3951,9793
16.7,Keystone,8112,Electrocute,0.4149,951
16.7,Spell,3,Exhaust,1.3,1306
16.7,Spell,4,Flash,0.0132,85853
16.7,Spell,6,Ghost,-2.3901,1563
16.7,Spell,12,Teleport,-2.0248,4769
16.7,Spell,14,Ignite,0.1434,78134
16.7,Spell,21,Barrier,0.043,370
16.7,Starter,1001,Boots,0.8625,262
16.7,Starter,1052,Amplifying Tome,2.5476,119
16.7,Starter,1054,Doran's Shield,-2.4284,1178
16.7,Starter,1055,Doran's Blade,-1.0033,5239
16.7,Starter,1056,Doran's Ring,0.1474,75179
16.7,Starter,1082,Dark Seal,-0.5959,3203
16.7,Starter,1083,Cull,-2.416,388
16.7,Boots,3006,Berserker's Greaves,0.6041,4851
16.7,Boots,3009,Boots of Swiftness,-0.2862,20052
16.7,Boots,3020,Sorcerer's Shoes,0.2582,46231
16.7,Boots,3047,Plated Steelcaps,3.2639,5549
16.7,Boots,3111,Mercury's Treads,-1.4251,3300
16.7,Boots,3158,Ionian Boots of Lucidity,0.7778,1208
16.7,1st Item,2503,Blackfire Torch,0.4844,686
16.7,1st Item,2504,Kaenic Rookern,-7.2862,169
16.7,1st Item,2510,Dusk and Dawn,3.5531,4013
16.7,1st Item,3084,Heartsteel,-0.5211,489
16.7,1st Item,3091,Wit's End,-0.7039,982
16.7,1st Item,3115,Nashor's Tooth,-0.3534,42794
16.7,1st Item,3118,Malignance,2.2716,4642
16.7,1st Item,3146,Hextech Gunblade,-2.4644,1819
16.7,1st Item,3153,Blade of The Ruined King,-6.3858,704
16.7,1st Item,3157,Zhonya's Hourglass,0.9361,136
16.7,1st Item,3165,Morellonomicon,0.0239,122
16.7,1st Item,4633,Riftmaker,-6.0648,103
16.7,1st Item,4646,Stormsurge,-3.3255,160
16.7,1st Item,6653,Liandry's Torment,0.1336,24140
16.7,1st Item,6655,Luden's Echo,0.4973,150
16.7,1st Item,8010,Bloodletter's Curse,2.7356,139
16.7,2nd Item,2503,Blackfire Torch,0.8493,1225
16.7,2nd Item,2510,Dusk and Dawn,1.7562,2152
16.7,2nd Item,3041,Mejai's Soulstealer,-1.2536,204
16.7,2nd Item,3089,Rabadon's Deathcap,-2.7253,214
16.7,2nd Item,3091,Wit's End,-1.4442,351
16.7,2nd Item,3115,Nashor's Tooth,-0.7983,6598
16.7,2nd Item,3116,Rylai's Crystal Scepter,-6.7974,145
16.7,2nd Item,3118,Malignance,0.4314,21455
16.7,2nd Item,3124,Guinsoo's Rageblade,-0.4081,409
16.7,2nd Item,3135,Void Staff,-0.2696,241
16.7,2nd Item,3146,Hextech Gunblade,-3.1501,538
16.7,2nd Item,3153,Blade of The Ruined King,-6.3875,244
16.7,2nd Item,3157,Zhonya's Hourglass,-0.0052,401
16.7,2nd Item,3165,Morellonomicon,-1.0431,467
16.7,2nd Item,4633,Riftmaker,-0.4501,332
16.7,2nd Item,4645,Shadowflame,-1.3088,1097
16.7,2nd Item,4646,Stormsurge,-0.8474,463
16.7,2nd Item,6653,Liandry's Torment,0.1104,35352
16.7,2nd Item,6672,Kraken Slayer,-6.0952,133
16.7,2nd Item,8010,Bloodletter's Curse,0.3489,1005
16.7,3rd Item,2503,Blackfire Torch,0.4074,1533
16.7,3rd Item,2510,Dusk and Dawn,0.5732,892
16.7,3rd Item,3041,Mejai's Soulstealer,0.2404,358
16.7,3rd Item,3089,Rabadon's Deathcap,-1.6549,2002
16.7,3rd Item,3091,Wit's End,-6.6755,143
16.7,3rd Item,3102,Banshee's Veil,-0.5217,220
16.7,3rd Item,3115,Nashor's Tooth,-0.7628,1321
16.7,3rd Item,3116,Rylai's Crystal Scepter,-4.0853,195
16.7,3rd Item,3118,Malignance,0.1993,20706
16.7,3rd Item,3124,Guinsoo's Rageblade,-0.102,212
16.7,3rd Item,3135,Void Staff,0.4933,1136
16.7,3rd Item,3137,Cryptbloom,1.0881,423
16.7,3rd Item,3146,Hextech Gunblade,-5.336,235
16.7,3rd Item,3153,Blade of The Ruined King,-1.2217,114
16.7,3rd Item,3157,Zhonya's Hourglass,0.4431,1174
16.7,3rd Item,3165,Morellonomicon,-0.2023,1733
16.7,3rd Item,3302,Terminus,0.2057,105
16.7,3rd Item,4633,Riftmaker,0.2087,299
16.7,3rd Item,4645,Shadowflame,0.2784,10988
16.7,3rd Item,4646,Stormsurge,0.919,488
16.7,3rd Item,6653,Liandry's Torment,-0.3973,5867
16.7,3rd Item,8010,Bloodletter's Curse,0.4632,2081
16.7,4th+ Item,2503,Blackfire Torch,0.0655,573
16.7,4th+ Item,2510,Dusk and Dawn,2.5756,311
16.7,4th+ Item,3041,Mejai's Soulstealer,-0.7747,549
16.7,4th+ Item,3089,Rabadon's Deathcap,-0.2747,7716
16.7,4th+ Item,3102,Banshee's Veil,0.0869,399
16.7,4th+ Item,3115,Nashor's Tooth,-2.4635,228
16.7,4th+ Item,3116,Rylai's Crystal Scepter,-0.0013,177
16.7,4th+ Item,3118,Malignance,-0.3907,2024
16.7,4th+ Item,3135,Void Staff,-0.1119,3444
16.7,4th+ Item,3137,Cryptbloom,1.8414,569
16.7,4th+ Item,3146,Hextech Gunblade,4.6016,101
16.7,4th+ Item,3157,Zhonya's Hourglass,-1.0662,1432
16.7,4th+ Item,3165,Morellonomicon,1.0835,3158
16.7,4th+ Item,4633,Riftmaker,-1.0448,130
16.7,4th+ Item,4645,Shadowflame,0.046,7612
16.7,4th+ Item,4646,Stormsurge,0.9481,847
16.7,4th+ Item,6653,Liandry's Torment,-0.5792,874
16.7,4th+ Item,8010,Bloodletter's Curse,1.5011,1108
16.7,All Items,2503,Blackfire Torch,0.5078,4046
16.7,All Items,2504,Kaenic Rookern,-4.7169,294
16.7,All Items,2510,Dusk and Dawn,2.6109,7380
16.7,All Items,3041,Mejai's Soulstealer,-0.5601,1141
16.7,All Items,3084,Heartsteel,-1.2606,554
16.7,All Items,3085,Runaan's Hurricane,-2.94,144
16.7,All Items,3089,Rabadon's Deathcap,-0.5954,9998
16.7,All Items,3091,Wit's End,-1.4446,1573
16.7,All Items,3100,Lich Bane,-4.7588,246
16.7,All Items,3102,Banshee's Veil,0.2789,786
16.7,All Items,3115,Nashor's Tooth,-0.4311,50952
16.7,All Items,3116,Rylai's Crystal Scepter,-3.3976,573
16.7,All Items,3118,Malignance,0.4742,48850
16.7,All Items,3124,Guinsoo's Rageblade,-0.3246,769
16.7,All Items,3135,Void Staff,0.0552,4901
16.7,All Items,3137,Cryptbloom,1.5532,1044
16.7,All Items,3143,Randuin's Omen,3.9597,107
16.7,All Items,3146,Hextech Gunblade,-2.586,2694
16.7,All Items,3153,Blade of The Ruined King,-5.6389,1094
16.7,All Items,3157,Zhonya's Hourglass,-0.3057,3166
16.7,All Items,3165,Morellonomicon,0.4707,5500
16.7,All Items,3302,Terminus,-2.808,215
16.7,All Items,4629,Cosmic Drive,1.9872,225
16.7,All Items,4633,Riftmaker,-0.994,868
16.7,All Items,4645,Shadowflame,0.085,19822
16.7,All Items,4646,Stormsurge,0.3146,1981
16.7,All Items,6653,Liandry's Torment,0.0627,66248
16.7,All Items,6655,Luden's Echo,-0.6155,243
16.7,All Items,6665,"Jak'Sho, The Protean",-4.571,114
16.7,All Items,6672,Kraken Slayer,-2.9352,344
16.7,All Items,8010,Bloodletter's Curse,0.7812,4349
16.8,Keystone,8369,First Strike,5.5303,377
16.8,Keystone,8230,Stormraider's Surge,1.9241,350
16.8,Keystone,8214,Summon Aery,2.857,2202
16.8,Keystone,8021,Fleet Footwork,-1.9754,1283
16.8,Keystone,8005,Press the Attack,0.1314,44242
16.8,Keystone,8008,Lethal Tempo,-5.2474,514
16.8,Keystone,8437,Grasp of the Undying,-2.2741,5720
16.8,Keystone,8229,Arcane Comet,-2.2003,867
16.8,Keystone,8128,Dark Harvest,0.7964,7012
16.8,Keystone,8112,Electrocute,2.0473,623
16.8,Spell,3,Exhaust,0.2372,1011
16.8,Spell,4,Flash,0.0255,63166
16.8,Spell,6,Ghost,-0.0977,1193
16.8,Spell,12,Teleport,-3.1339,3299
16.8,Spell,14,Ignite,0.1614,57658
16.8,Spell,21,Barrier,-1.5755,258
16.8,Starter,1001,Boots,0.4796,173
16.8,Starter,1054,Doran's Shield,-2.3558,832
16.8,Starter,1055,Doran's Blade,-1.8603,3783
16.8,Starter,1056,Doran's Ring,0.0471,54911
16.8,Starter,1082,Dark Seal,2.5903,3006
16.8,Starter,1083,Cull,-1.2997,289
16.8,Boots,3006,Berserker's Greaves,-1.1714,3858
16.8,Boots,3009,Boots of Swiftness,0.4743,14442
16.8,Boots,3020,Sorcerer's Shoes,0.3801,35456
16.8,Boots,3047,Plated Steelcaps,1.5725,4407
16.8,Boots,3111,Mercury's Treads,-0.5278,2559
16.8,Boots,3158,Ionian Boots of Lucidity,1.5847,978
16.8,1st Item,2503,Blackfire Torch,0.1384,538
16.8,1st Item,2504,Kaenic Rookern,1.7443,143
16.8,1st Item,2510,Dusk and Dawn,2.0776,4461
16.8,1st Item,3084,Heartsteel,-3.0127,338
16.8,1st Item,3091,Wit's End,-4.7929,796
16.8,1st Item,3115,Nashor's Tooth,0.0742,29431
16.8,1st Item,3118,Malignance,0.8992,3531
16.8,1st Item,3146,Hextech Gunblade,-2.617,1180
16.8,1st Item,3153,Blade of The Ruined King,-7.7443,476
16.8,1st Item,3157,Zhonya's Hourglass,-0.3661,113
16.8,1st Item,4646,Stormsurge,3.9812,253
16.8,1st Item,6653,Liandry's Torment,-0.0881,20131
16.8,1st Item,6655,Luden's Echo,-0.9195,120
16.8,2nd Item,2503,Blackfire Torch,-0.7503,956
16.8,2nd Item,2510,Dusk and Dawn,-0.137,2188
16.8,2nd Item,3041,Mejai's Soulstealer,-0.747,151
16.8,2nd Item,3089,Rabadon's Deathcap,-1.7396,214
16.8,2nd Item,3091,Wit's End,-8.1569,274
16.8,2nd Item,3100,Lich Bane,3.3183,124
16.8,2nd Item,3115,Nashor's Tooth,-0.8465,4958
16.8,2nd Item,3116,Rylai's Crystal Scepter,4.8148,104
16.8,2nd Item,3118,Malignance,0.6536,17931
16.8,2nd Item,3124,Guinsoo's Rageblade,-4.712,243
16.8,2nd Item,3135,Void Staff,-1.5324,179
16.8,2nd Item,3146,Hextech Gunblade,-3.9026,366
16.8,2nd Item,3153,Blade of The Ruined King,-7.2189,196
16.8,2nd Item,3157,Zhonya's Hourglass,1.3671,337
16.8,2nd Item,3165,Morellonomicon,-4.7816,362
16.8,2nd Item,4633,Riftmaker,0.1758,277
16.8,2nd Item,4645,Shadowflame,-1.246,882
16.8,2nd Item,4646,Stormsurge,2.5177,403
16.8,2nd Item,6653,Liandry's Torment,0.1364,24568
16.8,2nd Item,8010,Bloodletter's Curse,-3.1222,754
16.8,3rd Item,2503,Blackfire Torch,1.0633,1164
16.8,3rd Item,2510,Dusk and Dawn,-0.9949,683
16.8,3rd Item,3041,Mejai's Soulstealer,0.8863,291
16.8,3rd Item,3089,Rabadon's Deathcap,-1.1371,1551
16.8,3rd Item,3091,Wit's End,-6.8094,148
16.8,3rd Item,3102,Banshee's Veil,-5.1908,190
16.8,3rd Item,3115,Nashor's Tooth,-1.0906,1049
16.8,3rd Item,3116,Rylai's Crystal Scepter,-0.4696,157
16.8,3rd Item,3118,Malignance,-0.1977,14139
16.8,3rd Item,3124,Guinsoo's Rageblade,-7.3792,142
16.8,3rd Item,3135,Void Staff,0.0776,874
16.8,3rd Item,3137,Cryptbloom,-0.2848,399
16.8,3rd Item,3146,Hextech Gunblade,-1.7025,206
16.8,3rd Item,3157,Zhonya's Hourglass,-0.7114,914
16.8,3rd Item,3165,Morellonomicon,0.4864,1296
16.8,3rd Item,4633,Riftmaker,-2.9012,201
16.8,3rd Item,4645,Shadowflame,0.4625,9229
16.8,3rd Item,4646,Stormsurge,1.0504,419
16.8,3rd Item,6653,Liandry's Torment,0.0959,4529
16.8,3rd Item,8010,Bloodletter's Curse,2.2255,1760
16.8,4th+ Item,2503,Blackfire Torch,0.4749,412
16.8,4th+ Item,2510,Dusk and Dawn,-0.113,205
16.8,4th+ Item,3041,Mejai's Soulstealer,2.5424,503
16.8,4th+ Item,3089,Rabadon's Deathcap,-0.5018,5728
16.8,4th+ Item,3102,Banshee's Veil,-1.3372,257
16.8,4th+ Item,3115,Nashor's Tooth,-4.8675,205
16.8,4th+ Item,3116,Rylai's Crystal Scepter,-0.755,141
16.8,4th+ Item,3118,Malignance,0.6385,1537
16.8,4th+ Item,3135,Void Staff,0.6897,2539
16.8,4th+ Item,3137,Cryptbloom,2.9346,409
16.8,4th+ Item,3157,Zhonya's Hourglass,-0.8604,1212
16.8,4th+ Item,3165,Morellonomicon,0.3336,2201
16.8,4th+ Item,4645,Shadowflame,0.0332,5358
16.8,4th+ Item,4646,Stormsurge,-0.6511,677
16.8,4th+ Item,6653,Liandry's Torment,1.5897,710
16.8,4th+ Item,8010,Bloodletter's Curse,-0.3406,845
16.8,All Items,2503,Blackfire Torch,0.2634,3082
16.8,All Items,2504,Kaenic Rookern,1.4129,248
16.8,All Items,2510,Dusk and Dawn,1.1012,7544
16.8,All Items,3041,Mejai's Soulstealer,1.2671,961
16.8,All Items,3075,Thornmail,3.6392,112
16.8,All Items,3084,Heartsteel,-2.5166,391
16.8,All Items,3085,Runaan's Hurricane,0.1027,118
16.8,All Items,3087,Statikk Shiv,-5.0187,163
16.8,All Items,3089,Rabadon's Deathcap,-0.6442,7554
16.8,All Items,3091,Wit's End,-5.7237,1306
16.8,All Items,3100,Lich Bane,0.516,260
16.8,All Items,3102,Banshee's Veil,-1.3275,575
16.8,All Items,3115,Nashor's Tooth,-0.1167,35648
16.8,All Items,3116,Rylai's Crystal Scepter,-0.3662,437
16.8,All Items,3118,Malignance,0.352,37155
16.8,All Items,3124,Guinsoo's Rageblade,-5.3999,491
16.8,All Items,3135,Void Staff,0.3763,3629
16.8,All Items,3137,Cryptbloom,1.1257,850
16.8,All Items,3146,Hextech Gunblade,-2.9553,1826
16.8,All Items,3152,Hextech Rocketbelt,-3.0254,108
16.8,All Items,3153,Blade of The Ruined King,-6.8492,770
16.8,All Items,3157,Zhonya's Hourglass,-0.5103,2598
16.8,All Items,3165,Morellonomicon,-0.1837,3944
16.8,All Items,3302,Terminus,-2.9481,128
16.8,All Items,4629,Cosmic Drive,-0.1542,200
16.8,All Items,4633,Riftmaker,-1.9668,660
16.8,All Items,4645,Shadowflame,0.1967,15559
16.8,All Items,4646,Stormsurge,1.1242,1782
16.8,All Items,6653,Liandry's Torment,0.0629,49947
16.8,All Items,6655,Luden's Echo,0.6279,200
16.8,All Items,6672,Kraken Slayer,-7.4314,227
16.8,All Items,8010,Bloodletter's Curse,0.3807,3465
16.9,Keystone,8369,First Strike,1.9164,1061
16.9,Keystone,8230,Stormraider's Surge,0.454,395
16.9,Keystone,8010,Conqueror,-4.6671,120
16.9,Keystone,8214,Summon Aery,0.2046,1494
16.9,Keystone,9923,Hail of Blades,-2.9564,298
16.9,Keystone,8021,Fleet Footwork,2.726,3798
16.9,Keystone,8005,Press the Attack,0.3148,102540
16.9,Keystone,8008,Lethal Tempo,-1.7101,1600
16.9,Keystone,8437,Grasp of the Undying,-3.0435,9703
16.9,Keystone,8229,Arcane Comet,0.4554,734
16.9,Keystone,8992,Deathfire Touch,-0.4876,17697
16.9,Keystone,8128,Dark Harvest,-0.1581,6357
16.9,Keystone,8112,Electrocute,-2.6836,721
16.9,Spell,3,Exhaust,-2.5777,2980
16.9,Spell,4,Flash,0.014,146235
16.9,Spell,6,Ghost,0.1014,3362
16.9,Spell,12,Teleport,-2.2382,8006
16.9,Spell,14,Ignite,0.2076,131670
16.9,Spell,21,Barrier,-5.8497,679
16.9,Starter,1001,Boots,-0.2253,275
16.9,Starter,1052,Amplifying Tome,-3.7554,169
16.9,Starter,1054,Doran's Shield,-0.52,1635
16.9,Starter,1055,Doran's Blade,-0.3494,6416
16.9,Starter,1056,Doran's Ring,0.284,104338
16.9,Starter,1082,Dark Seal,2.2212,4514
16.9,Starter,1083,Cull,-2.5147,418
16.9,Starter,1086,Doran's Bow,-1.2621,27825
16.9,Starter,1120,Doran's Helm,3.4594,426
16.9,Boots,3006,Berserker's Greaves,-1.8462,8668
16.9,Boots,3008,Gluttonous Greaves,2.0506,16844
16.9,Boots,3009,Boots of Swiftness,0.4615,28738
16.9,Boots,3020,Sorcerer's Shoes,0.0397,74531
16.9,Boots,3047,Plated Steelcaps,2.4843,7953
16.9,Boots,3111,Mercury's Treads,-1.1374,4779
16.9,Boots,3158,Ionian Boots of Lucidity,1.6779,1380
16.9,1st Item,2503,Blackfire Torch,-2.315,1028
16.9,1st Item,2504,Kaenic Rookern,0.6025,227
16.9,1st Item,2510,Dusk and Dawn,0.8574,5025
16.9,1st Item,3074,Ravenous Hydra,-2.2899,191
16.9,1st Item,3084,Heartsteel,-5.0873,366
16.9,1st Item,3087,Statikk Shiv,0.8942,80957
16.9,1st Item,3091,Wit's End,-1.5876,897
16.9,1st Item,3115,Nashor's Tooth,-1.3085,26978
16.9,1st Item,3118,Malignance,0.6142,3896
16.9,1st Item,3124,Guinsoo's Rageblade,-1.5836,154
16.9,1st Item,3146,Hextech Gunblade,-1.6108,1713
16.9,1st Item,3153,Blade of The Ruined King,-6.5564,1043
16.9,1st Item,3157,Zhonya's Hourglass,-0.9639,126
16.9,1st Item,4646,Stormsurge,-3.1646,126
16.9,1st Item,6653,Liandry's Torment,-1.0943,21229
16.9,1st Item,6655,Luden's Echo,-0.6826,105
16.9,1st Item,6672,Kraken Slayer,-5.7826,118
16.9,2nd Item,2503,Blackfire Torch,-0.7323,1729
16.9,2nd Item,2510,Dusk and Dawn,1.0753,9791
16.9,2nd Item,3041,Mejai's Soulstealer,1.1232,221
16.9,2nd Item,3074,Ravenous Hydra,-2.9362,700
16.9,2nd Item,3084,Heartsteel,-1.2001,107
16.9,2nd Item,3085,Runaan's Hurricane,4.9984,117
16.9,2nd Item,3087,Statikk Shiv,0.0328,5443
16.9,2nd Item,3089,Rabadon's Deathcap,0.7429,361
16.9,2nd Item,3091,Wit's End,-4.0755,829
16.9,2nd Item,3102,Banshee's Veil,-0.8382,103
16.9,2nd Item,3115,Nashor's Tooth,-0.0749,14568
16.9,2nd Item,3116,Rylai's Crystal Scepter,-4.9757,170
16.9,2nd Item,3118,Malignance,0.8295,22265
16.9,2nd Item,3124,Guinsoo's Rageblade,-3.978,1631
16.9,2nd Item,3135,Void Staff,-5.0869,212
16.9,2nd Item,3146,Hextech Gunblade,-0.5932,3070
16.9,2nd Item,3153,Blade of The Ruined King,-5.328,984
16.9,2nd Item,3157,Zhonya's Hourglass,0.1993,520
16.9,2nd Item,3165,Morellonomicon,-1.1648,601
16.9,2nd Item,3181,Hullbreaker,1.012,300
16.9,2nd Item,3302,Terminus,-2.6567,117
16.9,2nd Item,4633,Riftmaker,0.8833,340
16.9,2nd Item,4645,Shadowflame,-0.8657,1407
16.9,2nd Item,4646,Stormsurge,0.2903,283
16.9,2nd Item,6653,Liandry's Torment,0.0174,63896
16.9,2nd Item,6672,Kraken Slayer,-10.1494,234
16.9,2nd Item,6699,Voltaic Cyclosword,-7.2054,104
16.9,2nd Item,8010,Bloodletter's Curse,0.8091,809
16.9,3rd Item,2503,Blackfire Torch,1.9765,2018
16.9,3rd Item,2510,Dusk and Dawn,0.2927,3893
16.9,3rd Item,3041,Mejai's Soulstealer,-0.7037,534
16.9,3rd Item,3087,Statikk Shiv,-0.5078,1247
16.9,3rd Item,3089,Rabadon's Deathcap,0.6745,2815
16.9,3rd Item,3091,Wit's End,-1.2053,494
16.9,3rd Item,3102,Banshee's Veil,2.6196,266
16.9,3rd Item,3115,Nashor's Tooth,-1.8069,5285
16.9,3rd Item,3116,Rylai's Crystal Scepter,-5.689,261
16.9,3rd Item,3118,Malignance,0.2958,39186
16.9,3rd Item,3124,Guinsoo's Rageblade,-4.5791,1242
16.9,3rd Item,3135,Void Staff,0.4436,1230
16.9,3rd Item,3137,Cryptbloom,5.585,368
16.9,3rd Item,3146,Hextech Gunblade,-0.192,1270
16.9,3rd Item,3153,Blade of The Ruined King,-5.766,516
16.9,3rd Item,3157,Zhonya's Hourglass,0.4178,1510
16.9,3rd Item,3165,Morellonomicon,-1.2007,1913
16.9,3rd Item,3181,Hullbreaker,-0.1977,804
16.9,3rd Item,3302,Terminus,-3.2868,351
16.9,3rd Item,4633,Riftmaker,-1.2611,531
16.9,3rd Item,4645,Shadowflame,0.3848,12598
16.9,3rd Item,4646,Stormsurge,2.8724,571
16.9,3rd Item,6653,Liandry's Torment,0.1552,15877
16.9,3rd Item,6672,Kraken Slayer,-8.4407,226
16.9,3rd Item,8010,Bloodletter's Curse,0.9057,2025
16.9,4th+ Item,2503,Blackfire Torch,1.2935,903
16.9,4th+ Item,2510,Dusk and Dawn,-0.6036,1410
16.9,4th+ Item,3041,Mejai's Soulstealer,1.1859,890
16.9,4th+ Item,3087,Statikk Shiv,-0.5678,314
16.9,4th+ Item,3089,Rabadon's Deathcap,0.1512,14189
16.9,4th+ Item,3091,Wit's End,-5.1846,352
16.9,4th+ Item,3102,Banshee's Veil,0.1322,646
16.9,4th+ Item,3115,Nashor's Tooth,0.8241,1970
16.9,4th+ Item,3116,Rylai's Crystal Scepter,-5.1181,294
16.9,4th+ Item,3118,Malignance,-1.2072,5096
16.9,4th+ Item,3124,Guinsoo's Rageblade,1.3125,757
16.9,4th+ Item,3135,Void Staff,0.6539,4785
16.9,4th+ Item,3137,Cryptbloom,1.0851,1096
16.9,4th+ Item,3143,Randuin's Omen,0.1218,132
16.9,4th+ Item,3146,Hextech Gunblade,2.3605,591
16.9,4th+ Item,3153,Blade of The Ruined King,-4.3723,340
16.9,4th+ Item,3157,Zhonya's Hourglass,0.4794,2772
16.9,4th+ Item,3165,Morellonomicon,0.1479,5236
16.9,4th+ Item,3181,Hullbreaker,0.8442,150
16.9,4th+ Item,3302,Terminus,-1.737,545
16.9,4th+ Item,4629,Cosmic Drive,-3.0747,132
16.9,4th+ Item,4633,Riftmaker,1.4977,436
16.9,4th+ Item,4645,Shadowflame,0.1434,15376
16.9,4th+ Item,4646,Stormsurge,2.511,1053
16.9,4th+ Item,6653,Liandry's Torment,-0.2937,3066
16.9,4th+ Item,6665,"Jak'Sho, The Protean",-3.3112,166
16.9,4th+ Item,6672,Kraken Slayer,-13.0999,158
16.9,4th+ Item,6695,Serpent's Fang,-4.4293,103
16.9,4th+ Item,8010,Bloodletter's Curse,0.2771,2253
16.9,All Items,2503,Blackfire Torch,0.2332,5712
16.9,All Items,2504,Kaenic Rookern,0.4871,501
16.9,All Items,2510,Dusk and Dawn,0.7574,20154
16.9,All Items,3041,Mejai's Soulstealer,0.6536,1668
16.9,All Items,3046,Phantom Dancer,-4.0669,108
16.9,All Items,3074,Ravenous Hydra,-3.3455,987
16.9,All Items,3075,Thornmail,-3.0565,128
16.9,All Items,3084,Heartsteel,-3.9785,496
16.9,All Items,3085,Runaan's Hurricane,-1.9316,339
16.9,All Items,3087,Statikk Shiv,0.8171,88004
16.9,All Items,3089,Rabadon's Deathcap,0.2453,17593
16.9,All Items,3091,Wit's End,-2.8214,2578
16.9,All Items,3100,Lich Bane,0.2263,329
16.9,All Items,3102,Banshee's Veil,0.4204,1068
16.9,All Items,3110,Frozen Heart,-0.4438,137
16.9,All Items,3115,Nashor's Tooth,-0.9113,48860
16.9,All Items,3116,Rylai's Crystal Scepter,-4.8719,783
16.9,All Items,3118,Malignance,0.3737,70538
16.9,All Items,3124,Guinsoo's Rageblade,-3.0534,3799
16.9,All Items,3135,Void Staff,0.2828,6380
16.9,All Items,3137,Cryptbloom,1.9883,1515
16.9,All Items,3143,Randuin's Omen,-3.9546,223
16.9,All Items,3146,Hextech Gunblade,-0.5146,6654
16.9,All Items,3152,Hextech Rocketbelt,-4.0635,176
16.9,All Items,3153,Blade of The Ruined King,-5.7446,2891
16.9,All Items,3157,Zhonya's Hourglass,0.3575,4996
16.9,All Items,3165,Morellonomicon,-0.3563,7913
16.9,All Items,3181,Hullbreaker,0.2866,1273
16.9,All Items,3302,Terminus,-2.372,1058
16.9,All Items,3742,Dead Man's Plate,-1.1806,115
16.9,All Items,3748,Titanic Hydra,0.4968,178
16.9,All Items,4401,Force of Nature,-2.299,120
16.9,All Items,4629,Cosmic Drive,-2.6124,328
16.9,All Items,4633,Riftmaker,-0.0304,1401
16.9,All Items,4645,Shadowflame,0.1682,29578
16.9,All Items,4646,Stormsurge,1.8971,2103
16.9,All Items,6653,Liandry's Torment,-0.1957,104121
16.9,All Items,6655,Luden's Echo,-3.318,214
16.9,All Items,6662,Iceborn Gauntlet,-3.2276,106
16.9,All Items,6665,"Jak'Sho, The Protean",-1.3287,301
16.9,All Items,6672,Kraken Slayer,-9.4799,742
16.9,All Items,6676,The Collector,-7.8798,114
16.9,All Items,6695,Serpent's Fang,-3.5183,243
16.9,All Items,6699,Voltaic Cyclosword,-5.8242,308
16.9,All Items,8010,Bloodletter's Curse,0.7471,5212
16.10,Keystone,8005,Press the Attack,0.3142,155818
16.10,Keystone,8008,Lethal Tempo,-1.0275,1610
16.10,Keystone,8010,Conqueror,-6.0573,197
16.10,Keystone,8021,Fleet Footwork,1.6912,4039
16.10,Keystone,8112,Electrocute,-1.9107,851
16.10,Keystone,8128,Dark Harvest,-0.7349,6830
16.10,Keystone,8214,Summon Aery,0.4727,1703
16.10,Keystone,8229,Arcane Comet,-1.8251,782
16.10,Keystone,8230,Stormraider's Surge,-4.4545,371
16.10,Keystone,8369,First Strike,1.6985,1333
16.10,Keystone,8437,Grasp of the Undying,-2.1807,12176
16.10,Keystone,8992,Deathfire Touch,-1.1196,16610
16.10,Keystone,9923,Hail of Blades,-4.407,250
16.10,Spell,3,Exhaust,-2.1547,4273
16.10,Spell,4,Flash,0.0087,202210
16.10,Spell,6,Ghost,0.6885,3800
16.10,Spell,12,Teleport,-2.6476,10150
16.10,Spell,14,Ignite,0.1828,183604
16.10,Spell,21,Barrier,-0.7392,964
16.10,Starter,1001,Boots,-4.6944,385
16.10,Starter,1042,Dagger,-1.0403,112
16.10,Starter,1052,Amplifying Tome,-3.5037,187
16.10,Starter,1054,Doran's Shield,-3.8683,2246
16.10,Starter,1055,Doran's Blade,0.1545,7480
16.10,Starter,1056,Doran's Ring,0.0233,143055
16.10,Starter,1082,Dark Seal,1.5587,6109
16.10,Starter,1083,Cull,0.9516,673
16.10,Starter,1086,Doran's Bow,-0.0893,40917
16.10,Starter,1120,Doran's Helm,1.1428,779
16.10,Boots,3006,Berserker's Greaves,-1.8863,8202
16.10,Boots,3008,Gluttonous Greaves,1.4112,26292
16.10,Boots,3009,Boots of Swiftness,0.478,43605
16.10,Boots,3020,Sorcerer's Shoes,-0.0144,102699
16.10,Boots,3047,Plated Steelcaps,0.128,9099
16.10,Boots,3111,Mercury's Treads,-1.197,5709
16.10,Boots,3158,Ionian Boots of Lucidity,0.2222,1493
16.10,1st Item,2503,Blackfire Torch,-1.9824,818
16.10,1st Item,2504,Kaenic Rookern,-2.2917,280
16.10,1st Item,2510,Dusk and Dawn,-0.6401,4496
16.10,1st Item,3084,Heartsteel,-5.1539,366
16.10,1st Item,3087,Statikk Shiv,0.3519,163684
16.10,1st Item,3091,Wit's End,-3.9963,694
16.10,1st Item,3115,Nashor's Tooth,-1.9394,13783
16.10,1st Item,3118,Malignance,-0.9639,3080
16.10,1st Item,3146,Hextech Gunblade,0.9981,1537
16.10,1st Item,3153,Blade of The Ruined King,-4.4361,641
16.10,1st Item,3157,Zhonya's Hourglass,-2.6463,118
16.10,1st Item,6653,Liandry's Torment,-0.9778,9925
16.10,1st Item,6655,Luden's Echo,-4.335,139
16.10,2nd Item,2503,Blackfire Torch,1.0749,1106
16.10,2nd Item,2504,Kaenic Rookern,-0.4859,122
16.10,2nd Item,2510,Dusk and Dawn,0.9399,10999
16.10,2nd Item,3041,Mejai's Soulstealer,0.4706,295
16.10,2nd Item,3074,Ravenous Hydra,-2.4155,566
16.10,2nd Item,3084,Heartsteel,-4.8388,146
16.10,2nd Item,3087,Statikk Shiv,-0.3419,4818
16.10,2nd Item,3089,Rabadon's Deathcap,-3.7434,255
16.10,2nd Item,3091,Wit's End,-1.2456,709
16.10,2nd Item,3100,Lich Bane,-5.7807,170
16.10,2nd Item,3102,Banshee's Veil,2.624,168
16.10,2nd Item,3115,Nashor's Tooth,-0.0758,14601
16.10,2nd Item,3116,Rylai's Crystal Scepter,-5.0584,138
16.10,2nd Item,3118,Malignance,0.4596,20932
16.10,2nd Item,3124,Guinsoo's Rageblade,-1.0099,892
16.10,2nd Item,3135,Void Staff,3.804,227
16.10,2nd Item,3146,Hextech Gunblade,-0.2399,1906
16.10,2nd Item,3153,Blade of The Ruined King,-5.2677,722
16.10,2nd Item,3157,Zhonya's Hourglass,-4.6667,678
16.10,2nd Item,3165,Morellonomicon,-2.5325,559
16.10,2nd Item,3181,Hullbreaker,-2.9928,324
16.10,2nd Item,4629,Cosmic Drive,2.3353,188
16.10,2nd Item,4633,Riftmaker,-3.8092,365
16.10,2nd Item,4645,Shadowflame,-0.5428,1297
16.10,2nd Item,4646,Stormsurge,-1.2281,163
16.10,2nd Item,6653,Liandry's Torment,0.0196,118594
16.10,2nd Item,6672,Kraken Slayer,-3.6911,141
16.10,2nd Item,8010,Bloodletter's Curse,-3.3602,621
16.10,3rd Item,2503,Blackfire Torch,0.1868,1471
16.10,3rd Item,2510,Dusk and Dawn,0.5557,4575
16.10,3rd Item,3041,Mejai's Soulstealer,-0.8133,572
16.10,3rd Item,3087,Statikk Shiv,-1.7458,826
16.10,3rd Item,3089,Rabadon's Deathcap,-1.351,2896
16.10,3rd Item,3091,Wit's End,-3.2571,440
16.10,3rd Item,3100,Lich Bane,-2.3051,142
16.10,3rd Item,3102,Banshee's Veil,-1.2118,364
16.10,3rd Item,3115,Nashor's Tooth,-0.0116,6759
16.10,3rd Item,3116,Rylai's Crystal Scepter,-4.6188,304
16.10,3rd Item,3118,Malignance,0.2807,72501
16.10,3rd Item,3124,Guinsoo's Rageblade,-3.2375,1322
16.10,3rd Item,3135,Void Staff,0.421,1470
16.10,3rd Item,3137,Cryptbloom,-1.015,390
16.10,3rd Item,3146,Hextech Gunblade,-1.8991,1065
16.10,3rd Item,3153,Blade of The Ruined King,-2.8025,356
16.10,3rd Item,3157,Zhonya's Hourglass,1.4191,1749
16.10,3rd Item,3165,Morellonomicon,-0.3299,2029
16.10,3rd Item,3181,Hullbreaker,-2.8555,634
16.10,3rd Item,3302,Terminus,-3.4158,243
16.10,3rd Item,4629,Cosmic Drive,2.1201,132
16.10,3rd Item,4633,Riftmaker,-0.1587,441
16.10,3rd Item,4645,Shadowflame,-0.6666,15085
16.10,3rd Item,4646,Stormsurge,-4.2408,266
16.10,3rd Item,6653,Liandry's Torment,0.2878,20059
16.10,3rd Item,6672,Kraken Slayer,-3.1924,112
16.10,3rd Item,8010,Bloodletter's Curse,1.2643,1570
16.10,4th+ Item,2503,Blackfire Torch,0.0238,1049
16.10,4th+ Item,2504,Kaenic Rookern,-1.6446,125
16.10,4th+ Item,2510,Dusk and Dawn,2.4654,1444
16.10,4th+ Item,3041,Mejai's Soulstealer,-0.5919,1273
16.10,4th+ Item,3087,Statikk Shiv,0.9565,313
16.10,4th+ Item,3089,Rabadon's Deathcap,-0.4025,21383
16.10,4th+ Item,3091,Wit's End,-2.4847,328
16.10,4th+ Item,3100,Lich Bane,5.5938,149
16.10,4th+ Item,3102,Banshee's Veil,2.067,933
16.10,4th+ Item,3115,Nashor's Tooth,-0.011,2296
16.10,4th+ Item,3116,Rylai's Crystal Scepter,-3.5568,385
16.10,4th+ Item,3118,Malignance,-0.6086,7927
16.10,4th+ Item,3124,Guinsoo's Rageblade,-2.4972,1031
16.10,4th+ Item,3135,Void Staff,0.7871,7996
16.10,4th+ Item,3137,Cryptbloom,-0.0667,2073
16.10,4th+ Item,3143,Randuin's Omen,-0.0692,134
16.10,4th+ Item,3146,Hextech Gunblade,-0.5258,1178
16.10,4th+ Item,3153,Blade of The Ruined King,-4.6732,257
16.10,4th+ Item,3157,Zhonya's Hourglass,-0.29,4097
16.10,4th+ Item,3165,Morellonomicon,0.5455,6817
16.10,4th+ Item,3181,Hullbreaker,2.5365,133
16.10,4th+ Item,3302,Terminus,-0.7664,401
16.10,4th+ Item,4629,Cosmic Drive,-0.6634,206
16.10,4th+ Item,4633,Riftmaker,-1.1072,360
16.10,4th+ Item,4645,Shadowflame,0.2485,26191
16.10,4th+ Item,4646,Stormsurge,0.1199,672
16.10,4th+ Item,6653,Liandry's Torment,0.5184,3705
16.10,4th+ Item,6665,"Jak'Sho, The Protean",6.2947,166
16.10,4th+ Item,8010,Bloodletter's Curse,-0.025,2008
16.10,All Items,2503,Blackfire Torch,-0.0014,4532
16.10,All Items,2504,Kaenic Rookern,-1.4616,625
16.10,All Items,2510,Dusk and Dawn,0.6289,21557
16.10,All Items,3041,Mejai's Soulstealer,-0.5383,2169
16.10,All Items,3074,Ravenous Hydra,-4.6703,742
16.10,All Items,3075,Thornmail,-1.395,150
16.10,All Items,3084,Heartsteel,-5.0787,541
16.10,All Items,3085,Runaan's Hurricane,-5.0811,212
16.10,All Items,3087,Statikk Shiv,0.3212,169711
16.10,All Items,3089,Rabadon's Deathcap,-0.5431,24830
16.10,All Items,3091,Wit's End,-2.6717,2173
16.10,All Items,3097,Stormrazor,-8.1254,105
16.10,All Items,3100,Lich Bane,-1.7282,547
16.10,All Items,3102,Banshee's Veil,0.9462,1538
16.10,All Items,3110,Frozen Heart,0.8412,140
16.10,All Items,3115,Nashor's Tooth,-0.7459,37515
16.10,All Items,3116,Rylai's Crystal Scepter,-3.5842,878
16.10,All Items,3118,Malignance,0.2089,104536
16.10,All Items,3124,Guinsoo's Rageblade,-2.4489,3280
16.10,All Items,3135,Void Staff,0.7284,9901
16.10,All Items,3137,Cryptbloom,-0.2585,2548
16.10,All Items,3143,Randuin's Omen,0.3818,287
16.10,All Items,3146,Hextech Gunblade,-0.2789,5704
16.10,All Items,3152,Hextech Rocketbelt,-2.802,199
16.10,All Items,3153,Blade of The Ruined King,-4.4249,1980
16.10,All Items,3157,Zhonya's Hourglass,-0.3551,6758
16.10,All Items,3165,Morellonomicon,0.2324,9541
16.10,All Items,3181,Hullbreaker,-2.2048,1106
16.10,All Items,3302,Terminus,-1.8309,744
16.10,All Items,3748,Titanic Hydra,0.1815,129
16.10,All Items,4401,Force of Nature,2.0988,124
16.10,All Items,4629,Cosmic Drive,1.202,575
16.10,All Items,4633,Riftmaker,-2.1356,1253
16.10,All Items,4645,Shadowflame,-0.0853,42820
16.10,All Items,4646,Stormsurge,-1.0491,1235
16.10,All Items,6653,Liandry's Torment,0.0018,152331
16.10,All Items,6655,Luden's Echo,-3.9559,254
16.10,All Items,6665,"Jak'Sho, The Protean",0.9986,283
16.10,All Items,6672,Kraken Slayer,-3.3162,386
16.10,All Items,6695,Serpent's Fang,0.2781,209
16.10,All Items,8010,Bloodletter's Curse,-0.2478,4279
16.10,All Items,8020,Abyssal Mask,0.7071,109
16.11,Keystone,8005,Press the Attack,0.3217,102538
16.11,Keystone,8008,Lethal Tempo,-0.3989,959
16.11,Keystone,8021,Fleet Footwork,1.431,2616
16.11,Keystone,8112,Electrocute,-1.9207,534
16.11,Keystone,8128,Dark Harvest,-0.5458,6147
16.11,Keystone,8214,Summon Aery,-1.5787,1137
16.11,Keystone,8229,Arcane Comet,1.3324,583
16.11,Keystone,8230,Stormraider's Surge,-5.3698,283
16.11,Keystone,8369,First Strike,2.3138,602
16.11,Keystone,8437,Grasp of the Undying,-2.544,9867
16.11,Keystone,8992,Deathfire Touch,-0.4366,9159
16.11,Keystone,9923,Hail of Blades,-0.0278,144
16.11,Spell,3,Exhaust,-1.3792,3014
16.11,Spell,4,Flash,0.0007,134398
16.11,Spell,6,Ghost,-0.0419,2369
16.11,Spell,12,Teleport,-2.7313,6705
16.11,Spell,14,Ignite,0.1858,122024
16.11,Spell,21,Barrier,1.7046,715
16.11,Starter,1001,Boots,-1.0164,317
16.11,Starter,1052,Amplifying Tome,-5.4613,150
16.11,Starter,1054,Doran's Shield,-2.304,1536
16.11,Starter,1055,Doran's Blade,-0.0805,4963
16.11,Starter,1056,Doran's Ring,0.2208,96624
16.11,Starter,1082,Dark Seal,1.0709,4700
16.11,Starter,1083,Cull,-0.4497,366
16.11,Starter,1086,Doran's Bow,-0.8443,24784
16.11,Starter,1120,Doran's Helm,1.0436,631
16.11,Boots,3006,Berserker's Greaves,-1.4898,5135
16.11,Boots,3008,Gluttonous Greaves,1.3485,15472
16.11,Boots,3009,Boots of Swiftness,0.0799,40052
16.11,Boots,3020,Sorcerer's Shoes,-0.0497,58334
16.11,Boots,3047,Plated Steelcaps,0.5204,7076
16.11,Boots,3111,Mercury's Treads,0.5539,3845
16.11,Boots,3158,Ionian Boots of Lucidity,0.9504,1163
16.11,1st Item,2503,Blackfire Torch,0.1767,621
16.11,1st Item,2504,Kaenic Rookern,-3.0748,206
16.11,1st Item,2510,Dusk and Dawn,1.3011,3398
16.11,1st Item,3084,Heartsteel,-7.5017,486
16.11,1st Item,3087,Statikk Shiv,0.3254,107918
16.11,1st Item,3091,Wit's End,-1.9855,519
16.11,1st Item,3115,Nashor's Tooth,-2.9026,6794
16.11,1st Item,3118,Malignance,-0.8262,2578
16.11,1st Item,3146,Hextech Gunblade,-0.1548,967
16.11,1st Item,3153,Blade of The Ruined King,-3.1061,440
16.11,1st Item,3157,Zhonya's Hourglass,2.2473,113
16.11,1st Item,4645,Shadowflame,-1.9661,190
16.11,1st Item,6653,Liandry's Torment,-0.8354,8102
16.11,2nd Item,2503,Blackfire Torch,-1.8884,741
16.11,2nd Item,2504,Kaenic Rookern,0.8594,107
16.11,2nd Item,2510,Dusk and Dawn,1.3224,5133
16.11,2nd Item,3041,Mejai's Soulstealer,-1.1485,187
16.11,2nd Item,3074,Ravenous Hydra,-2.1683,184
16.11,2nd Item,3084,Heartsteel,-5.398,105
16.11,2nd Item,3087,Statikk Shiv,-0.8198,3504
16.11,2nd Item,3089,Rabadon's Deathcap,-5.5448,202
16.11,2nd Item,3091,Wit's End,-3.9173,526
16.11,2nd Item,3102,Banshee's Veil,0.7316,125
16.11,2nd Item,3115,Nashor's Tooth,-0.2927,9385
16.11,2nd Item,3116,Rylai's Crystal Scepter,-8.4634,129
16.11,2nd Item,3118,Malignance,0.5209,20734
16.11,2nd Item,3124,Guinsoo's Rageblade,-1.5939,440
16.11,2nd Item,3135,Void Staff,-2.0087,166
16.11,2nd Item,3146,Hextech Gunblade,-2.5662,914
16.11,2nd Item,3153,Blade of The Ruined King,-3.1704,494
16.11,2nd Item,3157,Zhonya's Hourglass,0.7083,454
16.11,2nd Item,3165,Morellonomicon,-0.8455,432
16.11,2nd Item,3181,Hullbreaker,-6.0686,149
16.11,2nd Item,4633,Riftmaker,-1.8124,265
16.11,2nd Item,4645,Shadowflame,-0.7592,997
16.11,2nd Item,4646,Stormsurge,-4.2216,214
16.11,2nd Item,6653,Liandry's Torment,0.0667,73379
16.11,2nd Item,6672,Kraken Slayer,-10.5078,110
16.11,2nd Item,8010,Bloodletter's Curse,0.864,565
16.11,3rd Item,2503,Blackfire Torch,1.7748,1145
16.11,3rd Item,2510,Dusk and Dawn,0.2596,2394
16.11,3rd Item,3041,Mejai's Soulstealer,1.7634,406
16.11,3rd Item,3087,Statikk Shiv,2.1992,547
16.11,3rd Item,3089,Rabadon's Deathcap,-0.5478,1977
16.11,3rd Item,3091,Wit's End,-5.5767,257
16.11,3rd Item,3102,Banshee's Veil,2.8142,283
16.11,3rd Item,3115,Nashor's Tooth,-0.4069,4315
16.11,3rd Item,3116,Rylai's Crystal Scepter,2.1344,217
16.11,3rd Item,3118,Malignance,0.1106,43974
16.11,3rd Item,3124,Guinsoo's Rageblade,-4.4517,725
16.11,3rd Item,3135,Void Staff,-0.3245,1104
16.11,3rd Item,3137,Cryptbloom,5.3839,372
16.11,3rd Item,3146,Hextech Gunblade,-3.3302,411
16.11,3rd Item,3153,Blade of The Ruined King,-2.9416,213
16.11,3rd Item,3157,Zhonya's Hourglass,-1.8791,1303
16.11,3rd Item,3165,Morellonomicon,0.2358,1428
16.11,3rd Item,3181,Hullbreaker,-3.7136,240
16.11,3rd Item,3302,Terminus,0.2484,128
16.11,3rd Item,4633,Riftmaker,1.9062,356
16.11,3rd Item,4645,Shadowflame,-0.1069,10762
16.11,3rd Item,4646,Stormsurge,3.7713,186
16.11,3rd Item,6653,Liandry's Torment,-0.0076,14824
16.11,3rd Item,8010,Bloodletter's Curse,1.6116,1260
16.11,4th+ Item,2503,Blackfire Torch,0.5969,782
16.11,4th+ Item,2510,Dusk and Dawn,-1.1726,821
16.11,4th+ Item,3041,Mejai's Soulstealer,0.7272,891
16.11,4th+ Item,3087,Statikk Shiv,1.4678,180
16.11,4th+ Item,3089,Rabadon's Deathcap,-0.0231,13446
16.11,4th+ Item,3091,Wit's End,0.0374,181
16.11,4th+ Item,3102,Banshee's Veil,1.8095,617
16.11,4th+ Item,3115,Nashor's Tooth,-0.8061,1105
16.11,4th+ Item,3116,Rylai's Crystal Scepter,-2.2532,273
16.11,4th+ Item,3118,Malignance,-0.2771,4443
16.11,4th+ Item,3124,Guinsoo's Rageblade,-0.1135,472
16.11,4th+ Item,3135,Void Staff,0.2228,5118
16.11,4th+ Item,3137,Cryptbloom,2.0545,1645
16.11,4th+ Item,3146,Hextech Gunblade,-0.6456,327
16.11,4th+ Item,3153,Blade of The Ruined King,-2.913,142
16.11,4th+ Item,3157,Zhonya's Hourglass,-0.6083,2713
16.11,4th+ Item,3165,Morellonomicon,0.3604,5489
16.11,4th+ Item,3302,Terminus,-5.2364,140
16.11,4th+ Item,4629,Cosmic Drive,-0.4926,117
16.11,4th+ Item,4633,Riftmaker,-3.0213,258
16.11,4th+ Item,4645,Shadowflame,-0.1684,15349
16.11,4th+ Item,4646,Stormsurge,3.4682,407
16.11,4th+ Item,6653,Liandry's Torment,-0.5548,2405
16.11,4th+ Item,8010,Bloodletter's Curse,1.4227,1187
16.11,All Items,2503,Blackfire Torch,0.4968,3336
16.11,All Items,2504,Kaenic Rookern,0.8447,494
16.11,All Items,2510,Dusk and Dawn,0.9399,11768
16.11,All Items,3041,Mejai's Soulstealer,0.7609,1504
16.11,All Items,3074,Ravenous Hydra,-2.4063,254
16.11,All Items,3084,Heartsteel,-6.4162,622
16.11,All Items,3085,Runaan's Hurricane,-1.7369,186
16.11,All Items,3087,Statikk Shiv,0.3035,112199
16.11,All Items,3089,Rabadon's Deathcap,-0.1656,15789
16.11,All Items,3091,Wit's End,-3.0464,1485
16.11,All Items,3100,Lich Bane,2.5938,321
16.11,All Items,3102,Banshee's Veil,1.7195,1067
16.11,All Items,3110,Frozen Heart,-5.4974,126
16.11,All Items,3115,Nashor's Tooth,-1.1636,21640
16.11,All Items,3116,Rylai's Crystal Scepter,-2.0618,665
16.11,All Items,3118,Malignance,0.1706,71785
16.11,All Items,3124,Guinsoo's Rageblade,-2.6436,1670
16.11,All Items,3135,Void Staff,0.0854,6520
16.11,All Items,3137,Cryptbloom,2.5282,2088
16.11,All Items,3143,Randuin's Omen,-4.4375,208
16.11,All Items,3146,Hextech Gunblade,-1.536,2621
16.11,All Items,3152,Hextech Rocketbelt,2.7013,118
16.11,All Items,3153,Blade of The Ruined King,-3.0508,1294
16.11,All Items,3157,Zhonya's Hourglass,-0.726,4637
16.11,All Items,3165,Morellonomicon,0.2632,7451
16.11,All Items,3181,Hullbreaker,-3.2042,472
16.11,All Items,3302,Terminus,-3.0029,316
16.11,All Items,4629,Cosmic Drive,0.2274,287
16.11,All Items,4633,Riftmaker,-1.1412,948
16.11,All Items,4645,Shadowflame,-0.1926,27410
16.11,All Items,4646,Stormsurge,1.4788,934
16.11,All Items,6653,Liandry's Torment,-0.0352,98745
16.11,All Items,6655,Luden's Echo,-2.7508,175
16.11,All Items,6665,"Jak'Sho, The Protean",-1.9451,174
16.11,All Items,6672,Kraken Slayer,-7.8799,289
16.11,All Items,6695,Serpent's Fang,-4.9503,163
16.11,All Items,8010,Bloodletter's Curse,1.33,3077
16.12,Keystone,8005,Press the Attack,0.2581,92781
16.12,Keystone,8008,Lethal Tempo,-2.4078,1011
16.12,Keystone,8021,Fleet Footwork,2.0841,2500
16.12,Keystone,8112,Electrocute,-0.519,650
16.12,Keystone,8128,Dark Harvest,-0.124,6118
16.12,Keystone,8214,Summon Aery,-0.8949,1017
16.12,Keystone,8229,Arcane Comet,2.5049,632
16.12,Keystone,8230,Stormraider's Surge,0.4442,235
16.12,Keystone,8369,First Strike,-4.0494,453
16.12,Keystone,8437,Grasp of the Undying,-2.1875,10085
16.12,Keystone,8992,Deathfire Touch,-0.326,6839
16.12,Keystone,9923,Hail of Blades,-4.6151,121
16.12,Spell,3,Exhaust,-1.2191,2858
16.12,Spell,4,Flash,0.0182,122303
16.12,Spell,6,Ghost,0.4343,2273
16.12,Spell,12,Teleport,-2.8233,6310
16.12,Spell,14,Ignite,0.1656,110538
16.12,Spell,21,Barrier,0.4008,686
16.12,Starter,1001,Boots,2.8075,310
16.12,Starter,1052,Amplifying Tome,-1.9248,178
16.12,Starter,1054,Doran's Shield,1.2531,1577
16.12,Starter,1055,Doran's Blade,0.1792,4593
16.12,Starter,1056,Doran's Ring,0.1326,87932
16.12,Starter,1082,Dark Seal,1.1275,3515
16.12,Starter,1083,Cull,0.4318,447
16.12,Starter,1086,Doran's Bow,-0.8944,22312
16.12,Starter,1120,Doran's Helm,1.8537,1164
16.12,Boots,3006,Berserker's Greaves,-1.0842,4996
16.12,Boots,3008,Gluttonous Greaves,1.1304,11407
16.12,Boots,3009,Boots of Swiftness,0.6265,41352
16.12,Boots,3020,Sorcerer's Shoes,-0.1573,50975
16.12,Boots,3047,Plated Steelcaps,0.5069,6101
16.12,Boots,3111,Mercury's Treads,-0.4012,3382
16.12,Boots,3158,Ionian Boots of Lucidity,-1.0507,1171
16.12,1st Item,2503,Blackfire Torch,-1.7615,532
16.12,1st Item,2504,Kaenic Rookern,-4.0692,217
16.12,1st Item,2510,Dusk and Dawn,0.6038,2641
16.12,1st Item,3084,Heartsteel,-3.029,429
16.12,1st Item,3087,Statikk Shiv,0.4347,97594
16.12,1st Item,3091,Wit's End,-3.5631,469
16.12,1st Item,3115,Nashor's Tooth,-2.9377,6410
16.12,1st Item,3118,Malignance,0.5468,2693
16.12,1st Item,3146,Hextech Gunblade,-2.7116,901
16.12,1st Item,3153,Blade of The Ruined King,-4.3069,506
16.12,1st Item,3157,Zhonya's Hourglass,-3.2122,132
16.12,1st Item,4645,Shadowflame,1.8093,114
16.12,1st Item,6653,Liandry's Torment,-1.6205,7650
16.12,1st Item,6655,Luden's Echo,-0.0149,124
16.12,2nd Item,2503,Blackfire Torch,0.4764,757
16.12,2nd Item,2504,Kaenic Rookern,-4.1025,120
16.12,2nd Item,2510,Dusk and Dawn,0.7788,3884
16.12,2nd Item,3041,Mejai's Soulstealer,-2.2112,177
16.12,2nd Item,3084,Heartsteel,-5.548,110
16.12,2nd Item,3087,Statikk Shiv,-1.2056,3324
16.12,2nd Item,3089,Rabadon's Deathcap,-2.9455,252
16.12,2nd Item,3091,Wit's End,-2.4383,437
16.12,2nd Item,3102,Banshee's Veil,-1.1156,126
16.12,2nd Item,3115,Nashor's Tooth,0.1031,9070
16.12,2nd Item,3116,Rylai's Crystal Scepter,-7.2708,118
16.12,2nd Item,3118,Malignance,0.2841,19776
16.12,2nd Item,3124,Guinsoo's Rageblade,3.1211,293
16.12,2nd Item,3135,Void Staff,-0.1703,171
16.12,2nd Item,3146,Hextech Gunblade,-0.148,730
16.12,2nd Item,3153,Blade of The Ruined King,-2.465,472
16.12,2nd Item,3157,Zhonya's Hourglass,-1.0502,481
16.12,2nd Item,3165,Morellonomicon,-2.0419,414
16.12,2nd Item,3181,Hullbreaker,-2.7464,119
16.12,2nd Item,4633,Riftmaker,-1.7834,316
16.12,2nd Item,4645,Shadowflame,-1.4349,986
16.12,2nd Item,4646,Stormsurge,-2.3075,157
16.12,2nd Item,6653,Liandry's Torment,0.1135,66077
16.12,2nd Item,6672,Kraken Slayer,-6.3926,142
16.12,2nd Item,8010,Bloodletter's Curse,0.3641,445
16.12,3rd Item,2503,Blackfire Torch,2.5337,1123
16.12,3rd Item,2510,Dusk and Dawn,1.0426,2256
16.12,3rd Item,3041,Mejai's Soulstealer,-0.7241,399
16.12,3rd Item,3087,Statikk Shiv,-1.2908,453
16.12,3rd Item,3089,Rabadon's Deathcap,-1.366,1911
16.12,3rd Item,3091,Wit's End,-2.1736,266
16.12,3rd Item,3102,Banshee's Veil,1.703,275
16.12,3rd Item,3115,Nashor's Tooth,0.3931,3759
16.12,3rd Item,3116,Rylai's Crystal Scepter,-3.0437,214
16.12,3rd Item,3118,Malignance,0.1864,38936
16.12,3rd Item,3124,Guinsoo's Rageblade,-3.6848,452
16.12,3rd Item,3135,Void Staff,1.0206,1067
16.12,3rd Item,3137,Cryptbloom,0.827,403
16.12,3rd Item,3146,Hextech Gunblade,-2.7161,366
16.12,3rd Item,3153,Blade of The Ruined King,-2.7943,244
16.12,3rd Item,3157,Zhonya's Hourglass,-0.0211,1534
16.12,3rd Item,3165,Morellonomicon,-0.4719,1351
16.12,3rd Item,3181,Hullbreaker,-4.0235,141
16.12,3rd Item,3302,Terminus,-3.0997,115
16.12,3rd Item,4633,Riftmaker,-3.8866,334
16.12,3rd Item,4645,Shadowflame,-0.423,10473
16.12,3rd Item,4646,Stormsurge,-1.0129,217
16.12,3rd Item,6653,Liandry's Torment,0.02,13670
16.12,3rd Item,6672,Kraken Slayer,2.2579,105
16.12,3rd Item,8010,Bloodletter's Curse,1.0965,1190
16.12,4th+ Item,2503,Blackfire Torch,-0.9432,766
16.12,4th+ Item,2510,Dusk and Dawn,-2.233,657
16.12,4th+ Item,3041,Mejai's Soulstealer,0.7413,711
16.12,4th+ Item,3087,Statikk Shiv,-0.1119,157
16.12,4th+ Item,3089,Rabadon's Deathcap,-0.0788,12070
16.12,4th+ Item,3091,Wit's End,-0.4537,145
16.12,4th+ Item,3102,Banshee's Veil,-1.3542,582
16.12,4th+ Item,3115,Nashor's Tooth,1.0137,964
16.12,4th+ Item,3116,Rylai's Crystal Scepter,0.8494,227
16.12,4th+ Item,3118,Malignance,-0.8541,4034
16.12,4th+ Item,3124,Guinsoo's Rageblade,-0.0012,333
16.12,4th+ Item,3135,Void Staff,0.8972,4741
16.12,4th+ Item,3137,Cryptbloom,-1.3553,1422
16.12,4th+ Item,3146,Hextech Gunblade,2.7105,300
16.12,4th+ Item,3153,Blade of The Ruined King,-1.3394,129
16.12,4th+ Item,3157,Zhonya's Hourglass,-0.8112,3116
16.12,4th+ Item,3165,Morellonomicon,0.1614,5088
16.12,4th+ Item,3302,Terminus,-0.6613,119
16.12,4th+ Item,4629,Cosmic Drive,-4.0634,102
16.12,4th+ Item,4633,Riftmaker,-2.2947,175
16.12,4th+ Item,4645,Shadowflame,0.1685,14262
16.12,4th+ Item,4646,Stormsurge,5.3103,391
16.12,4th+ Item,6653,Liandry's Torment,0.4814,2253
16.12,4th+ Item,8010,Bloodletter's Curse,1.2047,1011
16.12,All Items,2503,Blackfire Torch,0.4236,3215
16.12,All Items,2504,Kaenic Rookern,-2.7419,507
16.12,All Items,2510,Dusk and Dawn,0.5892,9455
16.12,All Items,3041,Mejai's Soulstealer,-0.0046,1298
16.12,All Items,3074,Ravenous Hydra,-5.7359,142
16.12,All Items,3084,Heartsteel,-3.6298,557
16.12,All Items,3085,Runaan's Hurricane,-5.1465,167
16.12,All Items,3087,Statikk Shiv,0.371,101567
16.12,All Items,3089,Rabadon's Deathcap,-0.3059,14402
16.12,All Items,3091,Wit's End,-2.4984,1319
16.12,All Items,3100,Lich Bane,-2.8503,310
16.12,All Items,3102,Banshee's Veil,-0.6574,1025
16.12,All Items,3110,Frozen Heart,0.233,117
16.12,All Items,3115,Nashor's Tooth,-0.7577,20237
16.12,All Items,3116,Rylai's Crystal Scepter,-2.8776,592
16.12,All Items,3118,Malignance,0.1636,65483
16.12,All Items,3124,Guinsoo's Rageblade,-0.6448,1119
16.12,All Items,3135,Void Staff,0.97,6097
16.12,All Items,3137,Cryptbloom,-0.5968,1879
16.12,All Items,3143,Randuin's Omen,-2.7155,213
16.12,All Items,3146,Hextech Gunblade,-1.1894,2297
16.12,All Items,3153,Blade of The Ruined King,-3.1069,1351
16.12,All Items,3157,Zhonya's Hourglass,-0.6898,5324
16.12,All Items,3165,Morellonomicon,-0.2116,6964
16.12,All Items,3181,Hullbreaker,-2.8178,334
16.12,All Items,3302,Terminus,-2.9285,291
16.12,All Items,4629,Cosmic Drive,-1.2052,276
16.12,All Items,4633,Riftmaker,-2.9637,873
16.12,All Items,4645,Shadowflame,-0.119,25926
16.12,All Items,4646,Stormsurge,1.2711,868
16.12,All Items,6653,Liandry's Torment,-0.0413,89679
16.12,All Items,6655,Luden's Echo,-1.6032,202
16.12,All Items,6665,"Jak'Sho, The Protean",-4.9684,177
16.12,All Items,6672,Kraken Slayer,-3.9349,392
16.12,All Items,6695,Serpent's Fang,-0.164,123
16.12,All Items,8010,Bloodletter's Curse,0.8572,2698
16.13,Keystone,8005,Press the Attack,0.401,136180
16.13,Keystone,8008,Lethal Tempo,-4.6003,1477
16.13,Keystone,8010,Conqueror,-5.9779,160
16.13,Keystone,8021,Fleet Footwork,0.092,4064
16.13,Keystone,8112,Electrocute,-0.954,1030
16.13,Keystone,8128,Dark Harvest,-1.2174,10380
16.13,Keystone,8214,Summon Aery,-0.4161,1697
16.13,Keystone,8229,Arcane Comet,-3.3996,1101
16.13,Keystone,8230,Stormraider's Surge,-0.8668,373
16.13,Keystone,8369,First Strike,1.4843,608
16.13,Keystone,8437,Grasp of the Undying,-1.4009,15937
16.13,Keystone,8992,Deathfire Touch,-0.9201,8095
16.13,Keystone,9923,Hail of Blades,-0.4346,257
16.13,Spell,3,Exhaust,-1.3658,4424
16.13,Spell,4,Flash,0.0157,180876
16.13,Spell,6,Ghost,-1.2985,3910
16.13,Spell,7,Heal,-5.1987,111
16.13,Spell,12,Teleport,-2.9819,9363
16.13,Spell,14,Ignite,0.2292,163001
16.13,Spell,21,Barrier,-0.3807,1017
16.13,Starter,1001,Boots,2.9139,538
16.13,Starter,1042,Dagger,-2.8338,117
16.13,Starter,1052,Amplifying Tome,-5.6031,270
16.13,Starter,1054,Doran's Shield,-1.2212,2595
16.13,Starter,1055,Doran's Blade,-0.0271,6954
16.13,Starter,1056,Doran's Ring,0.0002,129904
16.13,Starter,1082,Dark Seal,0.7423,4797
16.13,Starter,1083,Cull,-0.0434,699
16.13,Starter,1086,Doran's Bow,-0.0573,33510
16.13,Starter,1120,Doran's Helm,0.8712,1242
16.13,Boots,3006,Berserker's Greaves,-1.0947,8086
16.13,Boots,3008,Gluttonous Greaves,1.0539,14713
16.13,Boots,3009,Boots of Swiftness,0.3061,60196
16.13,Boots,3020,Sorcerer's Shoes,0.1892,77120
16.13,Boots,3047,Plated Steelcaps,1.4936,9803
16.13,Boots,3111,Mercury's Treads,0.0315,5253
16.13,Boots,3158,Ionian Boots of Lucidity,-0.238,1780
16.13,1st Item,2503,Blackfire Torch,-5.3908,990
16.13,1st Item,2504,Kaenic Rookern,-0.4307,391
16.13,1st Item,2510,Dusk and Dawn,1.6767,4420
16.13,1st Item,3084,Heartsteel,-3.4275,819
16.13,1st Item,3087,Statikk Shiv,0.3532,141953
16.13,1st Item,3091,Wit's End,-2.6934,816
16.13,1st Item,3115,Nashor's Tooth,-1.7371,9920
16.13,1st Item,3118,Malignance,0.6154,4296
16.13,1st Item,3146,Hextech Gunblade,-3.7272,1199
16.13,1st Item,3153,Blade of The Ruined King,-7.1807,859
16.13,1st Item,3157,Zhonya's Hourglass,-3.7062,190
16.13,1st Item,3165,Morellonomicon,-3.1663,101
16.13,1st Item,3742,Dead Man's Plate,-6.1104,155
16.13,1st Item,4645,Shadowflame,-3.0151,129
16.13,1st Item,4646,Stormsurge,5.4888,145
16.13,1st Item,6653,Liandry's Torment,-1.1759,11579
16.13,1st Item,6655,Luden's Echo,-7.0448,170
16.13,1st Item,6662,Iceborn Gauntlet,-5.2635,144
16.13,1st Item,6672,Kraken Slayer,0.2873,128
16.13,2nd Item,2503,Blackfire Torch,0.3424,1153
16.13,2nd Item,2504,Kaenic Rookern,4.3912,142
16.13,2nd Item,2510,Dusk and Dawn,0.595,5279
16.13,2nd Item,3041,Mejai's Soulstealer,6.6201,299
16.13,2nd Item,3074,Ravenous Hydra,-7.2041,125
16.13,2nd Item,3084,Heartsteel,-3.1938,162
16.13,2nd Item,3087,Statikk Shiv,-0.6466,5217
16.13,2nd Item,3089,Rabadon's Deathcap,0.2912,317
16.13,2nd Item,3091,Wit's End,-2.3656,665
16.13,2nd Item,3100,Lich Bane,-2.9457,146
16.13,2nd Item,3102,Banshee's Veil,-1.4739,200
16.13,2nd Item,3115,Nashor's Tooth,-0.7605,13200
16.13,2nd Item,3116,Rylai's Crystal Scepter,-2.9788,222
16.13,2nd Item,3118,Malignance,0.5254,29145
16.13,2nd Item,3124,Guinsoo's Rageblade,-0.7112,575
16.13,2nd Item,3135,Void Staff,-0.1878,284
16.13,2nd Item,3137,Cryptbloom,8.5595,102
16.13,2nd Item,3146,Hextech Gunblade,0.4072,1008
16.13,2nd Item,3153,Blade of The Ruined King,-4.0503,870
16.13,2nd Item,3157,Zhonya's Hourglass,-1.7501,819
16.13,2nd Item,3165,Morellonomicon,0.3786,652
16.13,2nd Item,3181,Hullbreaker,-6.2851,194
16.13,2nd Item,4629,Cosmic Drive,-1.7548,130
16.13,2nd Item,4633,Riftmaker,0.5447,475
16.13,2nd Item,4645,Shadowflame,-0.4249,1636
16.13,2nd Item,4646,Stormsurge,2.1333,248
16.13,2nd Item,6653,Liandry's Torment,0.0722,97427
16.13,2nd Item,6662,Iceborn Gauntlet,-4.3315,134
16.13,2nd Item,6672,Kraken Slayer,-5.5457,229
16.13,2nd Item,8010,Bloodletter's Curse,-0.0415,653
16.13,3rd Item,2503,Blackfire Torch,-1.0456,1903
16.13,3rd Item,2504,Kaenic Rookern,-0.6996,165
16.13,3rd Item,2510,Dusk and Dawn,0.6636,3008
16.13,3rd Item,3041,Mejai's Soulstealer,0.2488,538
16.13,3rd Item,3087,Statikk Shiv,-1.0363,798
16.13,3rd Item,3089,Rabadon's Deathcap,-0.4434,2809
16.13,3rd Item,3091,Wit's End,-0.3727,415
16.13,3rd Item,3100,Lich Bane,-2.1598,165
16.13,3rd Item,3102,Banshee's Veil,0.9243,377
16.13,3rd Item,3115,Nashor's Tooth,-0.2573,5512
16.13,3rd Item,3116,Rylai's Crystal Scepter,-1.4673,391
16.13,3rd Item,3118,Malignance,0.1018,57688
16.13,3rd Item,3124,Guinsoo's Rageblade,-2.1612,845
16.13,3rd Item,3135,Void Staff,-0.9182,1516
16.13,3rd Item,3137,Cryptbloom,0.3475,522
16.13,3rd Item,3146,Hextech Gunblade,0.2053,608
16.13,3rd Item,3153,Blade of The Ruined King,-4.561,421
16.13,3rd Item,3157,Zhonya's Hourglass,-2.8155,2373
16.13,3rd Item,3165,Morellonomicon,0.5289,2260
16.13,3rd Item,3181,Hullbreaker,-7.3855,202
16.13,3rd Item,3302,Terminus,-1.6625,142
16.13,3rd Item,4629,Cosmic Drive,0.2086,166
16.13,3rd Item,4633,Riftmaker,-1.2583,531
16.13,3rd Item,4645,Shadowflame,0.2445,15326
16.13,3rd Item,4646,Stormsurge,-4.1508,318
16.13,3rd Item,6653,Liandry's Torment,0.6125,19928
16.13,3rd Item,6672,Kraken Slayer,-1.269,211
16.13,3rd Item,8010,Bloodletter's Curse,0.6504,1619
16.13,4th+ Item,2503,Blackfire Torch,-2.299,1172
16.13,4th+ Item,2504,Kaenic Rookern,2.5164,161
16.13,4th+ Item,2510,Dusk and Dawn,0.7258,915
16.13,4th+ Item,3041,Mejai's Soulstealer,-1.2653,1093
16.13,4th+ Item,3087,Statikk Shiv,1.0261,273
16.13,4th+ Item,3089,Rabadon's Deathcap,-0.3669,18131
16.13,4th+ Item,3091,Wit's End,-4.9708,284
16.13,4th+ Item,3100,Lich Bane,-1.3353,160
16.13,4th+ Item,3102,Banshee's Veil,-0.5501,833
16.13,4th+ Item,3115,Nashor's Tooth,-1.1467,1303
16.13,4th+ Item,3116,Rylai's Crystal Scepter,-2.1032,401
16.13,4th+ Item,3118,Malignance,-0.4721,5940
16.13,4th+ Item,3124,Guinsoo's Rageblade,-0.6426,517
16.13,4th+ Item,3135,Void Staff,0.3177,7376
16.13,4th+ Item,3137,Cryptbloom,0.7584,2056
16.13,4th+ Item,3143,Randuin's Omen,-1.3052,122
16.13,4th+ Item,3146,Hextech Gunblade,-1.5324,390
16.13,4th+ Item,3153,Blade of The Ruined King,-0.5592,275
16.13,4th+ Item,3157,Zhonya's Hourglass,-0.5135,4685
16.13,4th+ Item,3165,Morellonomicon,1.2716,7809
16.13,4th+ Item,3302,Terminus,-0.7445,197
16.13,4th+ Item,4629,Cosmic Drive,-5.6301,163
16.13,4th+ Item,4633,Riftmaker,3.5199,318
16.13,4th+ Item,4645,Shadowflame,0.4034,20482
16.13,4th+ Item,4646,Stormsurge,-0.5017,603
16.13,4th+ Item,6653,Liandry's Torment,-0.311,3308
16.13,4th+ Item,6665,"Jak'Sho, The Protean",1.2239,101
16.13,4th+ Item,6672,Kraken Slayer,-2.7735,122
16.13,4th+ Item,8010,Bloodletter's Curse,1.395,1501
16.13,All Items,2503,Blackfire Torch,-1.8373,5299
16.13,All Items,2504,Kaenic Rookern,0.8671,859
16.13,All Items,2510,Dusk and Dawn,0.9634,13637
16.13,All Items,3041,Mejai's Soulstealer,0.3739,1964
16.13,All Items,3046,Phantom Dancer,-5.4788,122
16.13,All Items,3074,Ravenous Hydra,-10.6425,166
16.13,All Items,3075,Thornmail,-0.2351,124
16.13,All Items,3084,Heartsteel,-3.4864,1020
16.13,All Items,3085,Runaan's Hurricane,-1.8515,239
16.13,All Items,3087,Statikk Shiv,0.315,148323
16.13,All Items,3089,Rabadon's Deathcap,-0.3867,21522
16.13,All Items,3091,Wit's End,-2.4692,2184
16.13,All Items,3100,Lich Bane,-0.8511,567
16.13,All Items,3102,Banshee's Veil,-0.7197,1490
16.13,All Items,3110,Frozen Heart,-3.1969,219
16.13,All Items,3115,Nashor's Tooth,-1.0041,30001
16.13,All Items,3116,Rylai's Crystal Scepter,-2.3712,1102
16.13,All Items,3118,Malignance,0.2139,97161
16.13,All Items,3124,Guinsoo's Rageblade,-1.4296,1974
16.13,All Items,3135,Void Staff,0.0803,9371
16.13,All Items,3137,Cryptbloom,0.9385,2708
16.13,All Items,3143,Randuin's Omen,-1.2028,326
16.13,All Items,3146,Hextech Gunblade,-1.3836,3214
16.13,All Items,3152,Hextech Rocketbelt,-1.4441,219
16.13,All Items,3153,Blade of The Ruined King,-4.814,2429
16.13,All Items,3157,Zhonya's Hourglass,-1.3353,8166
16.13,All Items,3165,Morellonomicon,0.9535,10896
16.13,All Items,3181,Hullbreaker,-6.7001,492
16.13,All Items,3302,Terminus,-1.568,397
16.13,All Items,3742,Dead Man's Plate,-3.9122,338
16.13,All Items,4401,Force of Nature,-1.3394,161
16.13,All Items,4628,Horizon Focus,1.8621,142
16.13,All Items,4629,Cosmic Drive,-3.0319,515
16.13,All Items,4633,Riftmaker,0.2335,1392
16.13,All Items,4645,Shadowflame,0.2993,37719
16.13,All Items,4646,Stormsurge,-0.1047,1362
16.13,All Items,6653,Liandry's Torment,0.0331,132291
16.13,All Items,6655,Luden's Echo,-2.8566,293
16.13,All Items,6662,Iceborn Gauntlet,-6.2964,380
16.13,All Items,6665,"Jak'Sho, The Protean",-0.916,213
16.13,All Items,6672,Kraken Slayer,-2.6264,692
16.13,All Items,6695,Serpent's Fang,-3.2867,180
16.13,All Items,8010,Bloodletter's Curse,0.8509,3836
16.13,All Items,8020,Abyssal Mask,-4.0276,124
16.14,Keystone,8369,First Strike,-1.6036,328
16.14,Keystone,8230,Stormraider's Surge,-0.0946,206
16.14,Keystone,8214,Summon Aery,-1.5912,952
16.14,Keystone,9923,Hail of Blades,2.3264,157
16.14,Keystone,8021,Fleet Footwork,-1.4752,2222
16.14,Keystone,8005,Press the Attack,0.3958,79939
16.14,Keystone,8008,Lethal Tempo,-2.7398,988
16.14,Keystone,8437,Grasp of the Undying,-1.8844,9343
16.14,Keystone,8229,Arcane Comet,-3.3452,611
16.14,Keystone,8992,Deathfire Touch,0.4765,4070
16.14,Keystone,8128,Dark Harvest,-0.748,6758
16.14,Keystone,8112,Electrocute,-0.0024,596
16.14,Spell,3,Exhaust,-0.9362,2607
16.14,Spell,4,Flash,0.0109,106079
16.14,Spell,6,Ghost,-0.544,2128
16.14,Spell,12,Teleport,-3.0965,5452
16.14,Spell,14,Ignite,0.2135,95754
16.14,Spell,21,Barrier,-2.4753,501
16.14,Starter,1001,Boots,0.5933,253
16.14,Starter,1052,Amplifying Tome,-4.553,111
16.14,Starter,1054,Doran's Shield,-0.1339,1324
16.14,Starter,1055,Doran's Blade,-1.304,3878
16.14,Starter,1056,Doran's Ring,0.1227,77375
16.14,Starter,1082,Dark Seal,0.2032,2689
16.14,Starter,1083,Cull,2.7826,415
16.14,Starter,1086,Doran's Bow,-0.3086,19308
16.14,Starter,1120,Doran's Helm,0.2639,591
16.14,Boots,3006,Berserker's Greaves,-1.7586,4419
16.14,Boots,3008,Gluttonous Greaves,1.8084,7034
16.14,Boots,3009,Boots of Swiftness,0.3353,35609
16.14,Boots,3020,Sorcerer's Shoes,0.1457,47095
16.14,Boots,3047,Plated Steelcaps,1.2655,5668
16.14,Boots,3111,Mercury's Treads,-0.2744,3021
16.14,Boots,3158,Ionian Boots of Lucidity,-2.6264,918
16.14,1st Item,2503,Blackfire Torch,-2.0777,568
16.14,1st Item,2504,Kaenic Rookern,-1.4009,250
16.14,1st Item,2510,Dusk and Dawn,0.1918,3255
16.14,1st Item,3084,Heartsteel,-6.2438,563
16.14,1st Item,3087,Statikk Shiv,0.3698,82434
16.14,1st Item,3091,Wit's End,-2.7904,465
16.14,1st Item,3115,Nashor's Tooth,-2.2402,6041
16.14,1st Item,3118,Malignance,0.1943,2329
16.14,1st Item,3146,Hextech Gunblade,-2.4953,600
16.14,1st Item,3153,Blade of The Ruined King,-6.24,492
16.14,1st Item,3157,Zhonya's Hourglass,2.0105,111
16.14,1st Item,4646,Stormsurge,-8.0746,122
16.14,1st Item,6653,Liandry's Torment,-0.5164,6767
16.14,1st Item,6672,Kraken Slayer,-7.1709,117
16.14,2nd Item,2503,Blackfire Torch,-0.2492,648
16.14,2nd Item,2504,Kaenic Rookern,-0.0453,119
16.14,2nd Item,2510,Dusk and Dawn,0.9736,2920
16.14,2nd Item,3041,Mejai's Soulstealer,1.7149,181
16.14,2nd Item,3084,Heartsteel,-6.2474,125
16.14,2nd Item,3087,Statikk Shiv,-1.0412,3068
16.14,2nd Item,3089,Rabadon's Deathcap,-2.7568,201
16.14,2nd Item,3091,Wit's End,3.0617,378
16.14,2nd Item,3100,Lich Bane,0.455,104
16.14,2nd Item,3102,Banshee's Veil,-0.7434,119
16.14,2nd Item,3115,Nashor's Tooth,-0.5419,7916
16.14,2nd Item,3116,Rylai's Crystal Scepter,-2.709,114
16.14,2nd Item,3118,Malignance,0.5082,16966
16.14,2nd Item,3124,Guinsoo's Rageblade,-0.0835,366
16.14,2nd Item,3135,Void Staff,-2.3049,176
16.14,2nd Item,3146,Hextech Gunblade,-0.9111,499
16.14,2nd Item,3153,Blade of The Ruined King,-2.7751,511
16.14,2nd Item,3157,Zhonya's Hourglass,-0.2553,570
16.14,2nd Item,3165,Morellonomicon,-0.5679,405
16.14,2nd Item,4633,Riftmaker,2.1002,199
16.14,2nd Item,4645,Shadowflame,-0.8896,1166
16.14,2nd Item,4646,Stormsurge,0.4686,155
16.14,2nd Item,6653,Liandry's Torment,0.0388,57401
16.14,2nd Item,6672,Kraken Slayer,-5.5065,201
16.14,2nd Item,8010,Bloodletter's Curse,4.0327,416
16.14,3rd Item,2503,Blackfire Torch,-0.4976,990
16.14,3rd Item,2504,Kaenic Rookern,-3.2701,110
16.14,3rd Item,2510,Dusk and Dawn,0.4534,1758
16.14,3rd Item,3041,Mejai's Soulstealer,3.1426,358
16.14,3rd Item,3087,Statikk Shiv,-1.953,475
16.14,3rd Item,3089,Rabadon's Deathcap,0.2578,1756
16.14,3rd Item,3091,Wit's End,-0.659,247
16.14,3rd Item,3102,Banshee's Veil,3.3384,265
16.14,3rd Item,3115,Nashor's Tooth,-1.7817,3151
16.14,3rd Item,3116,Rylai's Crystal Scepter,-3.3133,204
16.14,3rd Item,3118,Malignance,0.1496,33737
16.14,3rd Item,3124,Guinsoo's Rageblade,-3.3619,478
16.14,3rd Item,3135,Void Staff,-2.4585,984
16.14,3rd Item,3137,Cryptbloom,1.5118,317
16.14,3rd Item,3146,Hextech Gunblade,1.3033,285
16.14,3rd Item,3153,Blade of The Ruined King,-6.4551,212
16.14,3rd Item,3157,Zhonya's Hourglass,-0.1149,1585
16.14,3rd Item,3165,Morellonomicon,1.0284,1319
16.14,3rd Item,3181,Hullbreaker,-2.4702,112
16.14,3rd Item,4633,Riftmaker,-2.4781,246
16.14,3rd Item,4645,Shadowflame,-0.1168,9166
16.14,3rd Item,4646,Stormsurge,3.1397,214
16.14,3rd Item,6653,Liandry's Torment,0.5512,12054
16.14,3rd Item,6672,Kraken Slayer,-1.6707,124
16.14,3rd Item,8010,Bloodletter's Curse,0.1291,1147
16.14,4th+ Item,2503,Blackfire Torch,-0.3854,717
16.14,4th+ Item,2510,Dusk and Dawn,1.164,515
16.14,4th+ Item,3041,Mejai's Soulstealer,-0.9267,638
16.14,4th+ Item,3087,Statikk Shiv,-1.2187,153
16.14,4th+ Item,3089,Rabadon's Deathcap,-0.1684,10523
16.14,4th+ Item,3091,Wit's End,0.8465,165
16.14,4th+ Item,3102,Banshee's Veil,0.1502,470
16.14,4th+ Item,3115,Nashor's Tooth,-1.5305,767
16.14,4th+ Item,3116,Rylai's Crystal Scepter,-4.2466,244
16.14,4th+ Item,3118,Malignance,-0.3688,3556
16.14,4th+ Item,3124,Guinsoo's Rageblade,-2.5445,359
16.14,4th+ Item,3135,Void Staff,1.2249,4537
16.14,4th+ Item,3137,Cryptbloom,1.5155,1113
16.14,4th+ Item,3146,Hextech Gunblade,-5.2949,207
16.14,4th+ Item,3153,Blade of The Ruined King,-4.6494,178
16.14,4th+ Item,3157,Zhonya's Hourglass,0.5182,2884
16.14,4th+ Item,3165,Morellonomicon,-0.6732,4670
16.14,4th+ Item,3302,Terminus,-7.8389,137
16.14,4th+ Item,4629,Cosmic Drive,6.6744,103
16.14,4th+ Item,4633,Riftmaker,-1.8161,178
16.14,4th+ Item,4645,Shadowflame,0.2378,12535
16.14,4th+ Item,4646,Stormsurge,0.8056,370
16.14,4th+ Item,6653,Liandry's Torment,-0.1775,1981
16.14,4th+ Item,8010,Bloodletter's Curse,0.9504,1014
16.14,All Items,2503,Blackfire Torch,-0.797,2957
16.14,All Items,2504,Kaenic Rookern,-1.8273,565
16.14,All Items,2510,Dusk and Dawn,0.5756,8459
16.14,All Items,3041,Mejai's Soulstealer,0.7701,1206
16.14,All Items,3084,Heartsteel,-6.1891,714
16.14,All Items,3085,Runaan's Hurricane,-7.824,146
16.14,All Items,3087,Statikk Shiv,0.3018,86174
16.14,All Items,3089,Rabadon's Deathcap,-0.1692,12630
16.14,All Items,3091,Wit's End,-0.148,1257
16.14,All Items,3100,Lich Bane,1.1563,383
16.14,All Items,3102,Banshee's Veil,1.0316,897
16.14,All Items,3110,Frozen Heart,0.8074,121
16.14,All Items,3115,Nashor's Tooth,-1.3822,17904
16.14,All Items,3116,Rylai's Crystal Scepter,-3.9843,611
16.14,All Items,3118,Malignance,0.2282,56649
16.14,All Items,3124,Guinsoo's Rageblade,-2.0787,1252
16.14,All Items,3135,Void Staff,0.4771,5819
16.14,All Items,3137,Cryptbloom,1.1388,1497
16.14,All Items,3143,Randuin's Omen,-2.7618,185
16.14,All Items,3146,Hextech Gunblade,-1.6801,1593
16.14,All Items,3153,Blade of The Ruined King,-4.7351,1399
16.14,All Items,3157,Zhonya's Hourglass,0.2744,5212
16.14,All Items,3165,Morellonomicon,-0.255,6490
16.14,All Items,3181,Hullbreaker,-1.0792,204
16.14,All Items,3302,Terminus,-4.1918,246
16.14,All Items,3742,Dead Man's Plate,-0.5486,200
16.14,All Items,4401,Force of Nature,-1.8769,114
16.14,All Items,4629,Cosmic Drive,1.1653,273
16.14,All Items,4633,Riftmaker,-0.8896,668
16.14,All Items,4645,Shadowflame,0.0493,23026
16.14,All Items,4646,Stormsurge,0.1109,892
16.14,All Items,6653,Liandry's Torment,0.0637,78233
16.14,All Items,6655,Luden's Echo,-1.7822,163
16.14,All Items,6662,Iceborn Gauntlet,-3.2232,188
16.14,All Items,6665,"Jak'Sho, The Protean",-4.3897,128
16.14,All Items,6672,Kraken Slayer,-4.7304,512
16.14,All Items,6695,Serpent's Fang,0.494,103
16.14,All Items,8010,Bloodletter's Curse,1.1468,2632
16.15,Keystone,8369,First Strike,2.9097,354
16.15,Keystone,8230,Stormraider's Surge,4.1829,216
16.15,Keystone,8214,Summon Aery,-1.6939,895
16.15,Keystone,9923,Hail of Blades,2.2458,179
16.15,Keystone,8021,Fleet Footwork,0.585,2169
16.15,Keystone,8005,Press the Attack,0.234,89355
16.15,Keystone,8008,Lethal Tempo,-1.246,967
16.15,Keystone,8437,Grasp of the Undying,-2.493,9619
16.15,Keystone,8229,Arcane Comet,-3.0551,579
16.15,Keystone,8992,Deathfire Touch,0.896,4412
16.15,Keystone,8128,Dark Harvest,0.4424,7422
16.15,Keystone,8112,Electrocute,-4.3505,586
16.15,Spell,3,Exhaust,-0.4063,2936
16.15,Spell,4,Flash,0.0056,116593
16.15,Spell,6,Ghost,-2.0304,2257
16.15,Spell,12,Teleport,-3.0981,5587
16.15,Spell,14,Ignite,0.2102,105668
16.15,Spell,21,Barrier,-0.0009,550
16.15,Starter,1001,Boots,0.2999,280
16.15,Starter,1052,Amplifying Tome,-5.2749,106
16.15,Starter,1054,Doran's Shield,1.098,1337
16.15,Starter,1055,Doran's Blade,0.0697,4023
16.15,Starter,1056,Doran's Ring,0.1347,86674
16.15,Starter,1082,Dark Seal,1.6089,2857
16.15,Starter,1083,Cull,0.1653,373
16.15,Starter,1086,Doran's Bow,-0.8479,20243
16.15,Starter,1120,Doran's Helm,1.4456,522
16.15,Boots,3006,Berserker's Greaves,-2.3317,4458
16.15,Boots,3008,Gluttonous Greaves,1.793,6842
16.15,Boots,3009,Boots of Swiftness,0.5233,42487
16.15,Boots,3020,Sorcerer's Shoes,-0.0444,50271
16.15,Boots,3047,Plated Steelcaps,0.4967,5798
16.15,Boots,3111,Mercury's Treads,-0.6461,3206
16.15,Boots,3158,Ionian Boots of Lucidity,1.2121,1054
16.15,1st Item,2503,Blackfire Torch,2.4016,739
16.15,1st Item,2504,Kaenic Rookern,-3.0064,207
16.15,1st Item,2510,Dusk and Dawn,0.9384,4436
16.15,1st Item,3084,Heartsteel,-5.6532,607
16.15,1st Item,3087,Statikk Shiv,0.3921,90429
16.15,1st Item,3091,Wit's End,-3.0081,542
16.15,1st Item,3115,Nashor's Tooth,-2.6817,5911
16.15,1st Item,3118,Malignance,0.3949,2959
16.15,1st Item,3146,Hextech Gunblade,-0.8003,700
16.15,1st Item,3153,Blade of The Ruined King,-6.8348,515
16.15,1st Item,3157,Zhonya's Hourglass,-6.5768,105
16.15,1st Item,4646,Stormsurge,-2.4858,147
16.15,1st Item,6653,Liandry's Torment,-1.55,7147
16.15,1st Item,6655,Luden's Echo,-4.3023,127
16.15,2nd Item,2503,Blackfire Torch,2.6545,951
16.15,2nd Item,2504,Kaenic Rookern,6.8631,129
16.15,2nd Item,2510,Dusk and Dawn,1.6654,3959
16.15,2nd Item,3041,Mejai's Soulstealer,3.3359,194
16.15,2nd Item,3087,Statikk Shiv,-1.1679,3379
16.15,2nd Item,3089,Rabadon's Deathcap,-4.5511,233
16.15,2nd Item,3091,Wit's End,-2.5984,396
16.15,2nd Item,3100,Lich Bane,-0.3054,110
16.15,2nd Item,3115,Nashor's Tooth,-1.2799,7806
16.15,2nd Item,3116,Rylai's Crystal Scepter,2.7148,150
16.15,2nd Item,3118,Malignance,0.401,18916
16.15,2nd Item,3124,Guinsoo's Rageblade,-2.0331,303
16.15,2nd Item,3135,Void Staff,-2.533,155
16.15,2nd Item,3146,Hextech Gunblade,-0.2991,687
16.15,2nd Item,3153,Blade of The Ruined King,-1.4418,463
16.15,2nd Item,3157,Zhonya's Hourglass,-4.0421,444
16.15,2nd Item,3165,Morellonomicon,0.3621,496
16.15,2nd Item,3302,Terminus,-0.7391,1589
16.15,2nd Item,4633,Riftmaker,-3.427,207
16.15,2nd Item,4645,Shadowflame,-0.1878,1072
16.15,2nd Item,4646,Stormsurge,1.4849,181
16.15,2nd Item,6653,Liandry's Torment,0.107,61918
16.15,2nd Item,6672,Kraken Slayer,-1.765,156
16.15,2nd Item,8010,Bloodletter's Curse,0.5717,503
16.15,3rd Item,2503,Blackfire Torch,-0.2611,1113
16.15,3rd Item,2510,Dusk and Dawn,1.1914,2167
16.15,3rd Item,3041,Mejai's Soulstealer,-1.0071,437
16.15,3rd Item,3087,Statikk Shiv,2.3022,584
16.15,3rd Item,3089,Rabadon's Deathcap,-0.9323,1788
16.15,3rd Item,3091,Wit's End,-2.2581,276
16.15,3rd Item,3102,Banshee's Veil,3.9602,222
16.15,3rd Item,3115,Nashor's Tooth,-1.0223,3271
16.15,3rd Item,3116,Rylai's Crystal Scepter,-6.5342,221
16.15,3rd Item,3118,Malignance,0.094,35895
16.15,3rd Item,3124,Guinsoo's Rageblade,-3.2773,458
16.15,3rd Item,3135,Void Staff,-0.1787,1106
16.15,3rd Item,3137,Cryptbloom,-0.229,333
16.15,3rd Item,3146,Hextech Gunblade,-0.1521,482
16.15,3rd Item,3153,Blade of The Ruined King,-0.3521,249
16.15,3rd Item,3157,Zhonya's Hourglass,-1.2628,1518
16.15,3rd Item,3165,Morellonomicon,-0.9971,1424
16.15,3rd Item,3181,Hullbreaker,-5.3061,102
16.15,3rd Item,3302,Terminus,0.3948,1037
16.15,3rd Item,4633,Riftmaker,1.5615,230
16.15,3rd Item,4645,Shadowflame,-0.4063,9878
16.15,3rd Item,4646,Stormsurge,2.8279,391
16.15,3rd Item,6653,Liandry's Torment,0.6406,13618
16.15,3rd Item,6672,Kraken Slayer,-5.5952,118
16.15,3rd Item,8010,Bloodletter's Curse,0.8085,1305
16.15,4th+ Item,2503,Blackfire Torch,-0.0109,757
16.15,4th+ Item,2510,Dusk and Dawn,0.8085,587
16.15,4th+ Item,3041,Mejai's Soulstealer,-0.762,817
16.15,4th+ Item,3087,Statikk Shiv,0.9151,170
16.15,4th+ Item,3089,Rabadon's Deathcap,-0.2888,11507
16.15,4th+ Item,3091,Wit's End,2.1968,166
16.15,4th+ Item,3102,Banshee's Veil,1.5386,507
16.15,4th+ Item,3115,Nashor's Tooth,0.6888,913
16.15,4th+ Item,3116,Rylai's Crystal Scepter,-2.07,266
16.15,4th+ Item,3118,Malignance,0.2454,3962
16.15,4th+ Item,3124,Guinsoo's Rageblade,-0.7199,357
16.15,4th+ Item,3135,Void Staff,0.9702,4822
16.15,4th+ Item,3137,Cryptbloom,1.3898,1079
16.15,4th+ Item,3146,Hextech Gunblade,-0.023,235
16.15,4th+ Item,3153,Blade of The Ruined King,-4.9573,157
16.15,4th+ Item,3157,Zhonya's Hourglass,-1.2243,3274
16.15,4th+ Item,3165,Morellonomicon,0.0472,4660
16.15,4th+ Item,3302,Terminus,2.4241,289
16.15,4th+ Item,4629,Cosmic Drive,3.2575,114
16.15,4th+ Item,4633,Riftmaker,-4.9665,208
16.15,4th+ Item,4645,Shadowflame,-0.2286,13583
16.15,4th+ Item,4646,Stormsurge,2.7852,404
16.15,4th+ Item,6653,Liandry's Torment,0.8313,2458
16.15,4th+ Item,6665,"Jak'Sho, The Protean",-0.999,124
16.15,4th+ Item,8010,Bloodletter's Curse,0.5484,1081
16.15,All Items,2503,Blackfire Torch,1.1212,3610
16.15,All Items,2504,Kaenic Rookern,0.914,531
16.15,All Items,2510,Dusk and Dawn,1.2415,11159
16.15,All Items,3041,Mejai's Soulstealer,-0.1133,1481
16.15,All Items,3084,Heartsteel,-5.6046,727
16.15,All Items,3085,Runaan's Hurricane,-0.8493,212
16.15,All Items,3087,Statikk Shiv,0.3487,94612
16.15,All Items,3089,Rabadon's Deathcap,-0.4462,13702
16.15,All Items,3091,Wit's End,-2.1269,1385
16.15,All Items,3100,Lich Bane,-0.1655,338
16.15,All Items,3102,Banshee's Veil,0.7011,867
16.15,All Items,3110,Frozen Heart,-1.5799,105
16.15,All Items,3115,Nashor's Tooth,-1.5882,17937
16.15,All Items,3116,Rylai's Crystal Scepter,-2.8921,684
16.15,All Items,3118,Malignance,0.2101,61782
16.15,All Items,3124,Guinsoo's Rageblade,-2.345,1162
16.15,All Items,3135,Void Staff,0.644,6204
16.15,All Items,3137,Cryptbloom,0.6282,1460
16.15,All Items,3143,Randuin's Omen,0.806,203
16.15,All Items,3146,Hextech Gunblade,-0.3794,2107
16.15,All Items,3153,Blade of The Ruined King,-3.6461,1386
16.15,All Items,3157,Zhonya's Hourglass,-1.5781,5416
16.15,All Items,3165,Morellonomicon,-0.2066,6703
16.15,All Items,3181,Hullbreaker,-4.9598,254
16.15,All Items,3302,Terminus,-0.0626,2964
16.15,All Items,3742,Dead Man's Plate,-2.4206,171
16.15,All Items,4629,Cosmic Drive,0.2588,313
16.15,All Items,4633,Riftmaker,-2.1182,695
16.15,All Items,4645,Shadowflame,-0.3132,24739
16.15,All Items,4646,Stormsurge,1.8698,1155
16.15,All Items,6653,Liandry's Torment,0.0755,85161
16.15,All Items,6655,Luden's Echo,0.1048,237
16.15,All Items,6662,Iceborn Gauntlet,-6.551,112
16.15,All Items,6665,"Jak'Sho, The Protean",-2.7661,217
16.15,All Items,6672,Kraken Slayer,-3.3785,451
16.15,All Items,6695,Serpent's Fang,1.2229,125
16.15,All Items,8010,Bloodletter's Curse,0.6761,2945
16.16,Keystone,8369,First Strike,2.2769,130
16.16,Keystone,8214,Summon Aery,-5.0219,323
16.16,Keystone,9923,Hail of Blades,-0.0845,114
16.16,Keystone,8021,Fleet Footwork,4.5947,1244
16.16,Keystone,8005,Press the Attack,0.2168,36632
16.16,Keystone,8008,Lethal Tempo,-0.1885,392
16.16,Keystone,8437,Grasp of the Undying,-1.7934,3635
16.16,Keystone,8229,Arcane Comet,0.4942,250
16.16,Keystone,8992,Deathfire Touch,-0.5625,1695
16.16,Keystone,8128,Dark Harvest,-1.6412,2755
16.16,Keystone,8112,Electrocute,0.8112,234
16.16,Spell,3,Exhaust,-1.0055,1272
16.16,Spell,4,Flash,0.0059,47419
16.16,Spell,6,Ghost,-1.5638,997
16.16,Spell,12,Teleport,-3.1402,2237
16.16,Spell,14,Ignite,0.2086,42853
16.16,Spell,21,Barrier,2.2531,252
16.16,Starter,1001,Boots,5.6965,103
16.16,Starter,1054,Doran's Shield,-0.772,595
16.16,Starter,1055,Doran's Blade,-0.5586,1629
16.16,Starter,1056,Doran's Ring,-0.0549,34760
16.16,Starter,1082,Dark Seal,2.659,1124
16.16,Starter,1083,Cull,-0.8038,130
16.16,Starter,1086,Doran's Bow,0.0317,8777
16.16,Starter,1120,Doran's Helm,-1.5855,189
16.16,Boots,3006,Berserker's Greaves,-1.3154,2223
16.16,Boots,3008,Gluttonous Greaves,0.6119,2824
16.16,Boots,3009,Boots of Swiftness,0.0652,17449
16.16,Boots,3020,Sorcerer's Shoes,0.2867,19436
16.16,Boots,3047,Plated Steelcaps,0.9018,2628
16.16,Boots,3111,Mercury's Treads,-1.2036,1407
16.16,Boots,3158,Ionian Boots of Lucidity,1.0194,417
16.16,1st Item,2503,Blackfire Torch,-2.0624,305
16.16,1st Item,2510,Dusk and Dawn,0.0892,2051
16.16,1st Item,3084,Heartsteel,-2.0943,256
16.16,1st Item,3087,Statikk Shiv,0.3886,36690
16.16,1st Item,3091,Wit's End,-3.4632,244
16.16,1st Item,3115,Nashor's Tooth,-2.1434,2319
16.16,1st Item,3118,Malignance,0.227,1118
16.16,1st Item,3146,Hextech Gunblade,-0.7401,343
16.16,1st Item,3153,Blade of The Ruined King,-2.0503,189
16.16,1st Item,6653,Liandry's Torment,-1.7698,2892
16.16,2nd Item,2503,Blackfire Torch,-1.6557,333
16.16,2nd Item,2510,Dusk and Dawn,0.9734,1816
16.16,2nd Item,3087,Statikk Shiv,-1.2657,1507
16.16,2nd Item,3091,Wit's End,1.2552,167
16.16,2nd Item,3115,Nashor's Tooth,-0.3672,2789
16.16,2nd Item,3118,Malignance,0.4638,7706
16.16,2nd Item,3124,Guinsoo's Rageblade,-6.2208,134
16.16,2nd Item,3146,Hextech Gunblade,-1.8113,288
16.16,2nd Item,3153,Blade of The Ruined King,-4.0051,199
16.16,2nd Item,3157,Zhonya's Hourglass,-2.3673,210
16.16,2nd Item,3165,Morellonomicon,2.1238,217
16.16,2nd Item,3302,Terminus,-1.1065,924
16.16,2nd Item,4645,Shadowflame,-2.2211,401
16.16,2nd Item,6653,Liandry's Torment,0.1367,24710
16.16,2nd Item,8010,Bloodletter's Curse,2.134,205
16.16,3rd Item,2503,Blackfire Torch,0.1855,409
16.16,3rd Item,2510,Dusk and Dawn,-0.0095,869
16.16,3rd Item,3041,Mejai's Soulstealer,0.7989,174
16.16,3rd Item,3087,Statikk Shiv,-0.5648,232
16.16,3rd Item,3089,Rabadon's Deathcap,-3.7528,701
16.16,3rd Item,3091,Wit's End,-4.5539,127
16.16,3rd Item,3115,Nashor's Tooth,0.9628,1295
16.16,3rd Item,3118,Malignance,0.1611,14060
16.16,3rd Item,3124,Guinsoo's Rageblade,-1.3652,174
16.16,3rd Item,3135,Void Staff,-2.111,357
16.16,3rd Item,3137,Cryptbloom,2.2662,127
16.16,3rd Item,3146,Hextech Gunblade,0.145,196
16.16,3rd Item,3153,Blade of The Ruined King,0.153,119
16.16,3rd Item,3157,Zhonya's Hourglass,0.2566,602
16.16,3rd Item,3165,Morellonomicon,0.4968,569
16.16,3rd Item,3302,Terminus,-2.2208,629
16.16,3rd Item,4633,Riftmaker,4.2528,109
16.16,3rd Item,4645,Shadowflame,-0.6538,3841
16.16,3rd Item,4646,Stormsurge,5.9697,123
16.16,3rd Item,6653,Liandry's Torment,0.4935,5691
16.16,3rd Item,8010,Bloodletter's Curse,0.8144,467
16.16,4th+ Item,2503,Blackfire Torch,-3.9307,318
16.16,4th+ Item,2510,Dusk and Dawn,0.9251,210
16.16,4th+ Item,3041,Mejai's Soulstealer,5.4996,307
16.16,4th+ Item,3089,Rabadon's Deathcap,0.0873,4280
16.16,4th+ Item,3102,Banshee's Veil,-0.73,195
16.16,4th+ Item,3115,Nashor's Tooth,-3.3395,371
16.16,4th+ Item,3118,Malignance,0.1312,1478
16.16,4th+ Item,3124,Guinsoo's Rageblade,2.4186,140
16.16,4th+ Item,3135,Void Staff,0.0534,1806
16.16,4th+ Item,3137,Cryptbloom,-2.0845,383
16.16,4th+ Item,3157,Zhonya's Hourglass,1.3309,1315
16.16,4th+ Item,3165,Morellonomicon,0.443,1834
16.16,4th+ Item,3302,Terminus,3.0247,169
16.16,4th+ Item,4633,Riftmaker,-5.2442,117
16.16,4th+ Item,4645,Shadowflame,-0.2383,5229
16.16,4th+ Item,4646,Stormsurge,-0.8105,159
16.16,4th+ Item,6653,Liandry's Torment,-0.2539,974
16.16,4th+ Item,8010,Bloodletter's Curse,-0.059,389
16.16,All Items,2503,Blackfire Torch,-1.6081,1387
16.16,All Items,2504,Kaenic Rookern,-1.3654,225
16.16,All Items,2510,Dusk and Dawn,0.4099,4954
16.16,All Items,3041,Mejai's Soulstealer,3.0466,570
16.16,All Items,3084,Heartsteel,-2.2315,297
16.16,All Items,3085,Runaan's Hurricane,0.5702,151
16.16,All Items,3087,Statikk Shiv,0.3226,38519
16.16,All Items,3089,Rabadon's Deathcap,-0.3674,5152
16.16,All Items,3091,Wit's End,-3.081,618
16.16,All Items,3100,Lich Bane,-1.3316,131
16.16,All Items,3102,Banshee's Veil,-0.41,332
16.16,All Items,3115,Nashor's Tooth,-0.9059,6794
16.16,All Items,3116,Rylai's Crystal Scepter,-2.2231,235
16.16,All Items,3118,Malignance,0.2581,24387
16.16,All Items,3124,Guinsoo's Rageblade,-2.4031,461
16.16,All Items,3135,Void Staff,-0.3004,2271
16.16,All Items,3137,Cryptbloom,-0.7082,552
16.16,All Items,3146,Hextech Gunblade,-0.9829,915
16.16,All Items,3153,Blade of The Ruined King,-2.9146,588
16.16,All Items,3157,Zhonya's Hourglass,0.394,2236
16.16,All Items,3165,Morellonomicon,0.6148,2660
16.16,All Items,3181,Hullbreaker,1.2034,115
16.16,All Items,3302,Terminus,-1.2361,1745
16.16,All Items,4629,Cosmic Drive,2.3432,124
16.16,All Items,4633,Riftmaker,-2.2628,308
16.16,All Items,4645,Shadowflame,-0.495,9536
16.16,All Items,4646,Stormsurge,1.2086,430
16.16,All Items,6653,Liandry's Torment,0.023,34276
16.16,All Items,6672,Kraken Slayer,-0.3916,176
16.16,All Items,8010,Bloodletter's Curse,0.5722,1082
16.17,Keystone,8369,First Strike,9.2857,177
16.17,Keystone,8230,Stormraider's Surge,-2.3894,115
16.17,Keystone,8214,Summon Aery,-0.7721,450
16.17,Keystone,9923,Hail of Blades,-7.771,129
16.17,Keystone,8021,Fleet Footwork,2.8416,2068
16.17,Keystone,8005,Press the Attack,0.0819,41673
16.17,Keystone,8008,Lethal Tempo,-0.5592,447
16.17,Keystone,8437,Grasp of the Undying,-2.4404,4162
16.17,Keystone,8229,Arcane Comet,-2.2594,250
16.17,Keystone,8992,Deathfire Touch,0.6229,1845
16.17,Keystone,8128,Dark Harvest,0.2062,3217
16.17,Keystone,8112,Electrocute,-0.1125,272
16.17,Spell,3,Exhaust,-1.8161,1423
16.17,Spell,4,Flash,0.0226,54710
16.17,Spell,6,Ghost,0.9561,1149
16.17,Spell,12,Teleport,-1.8901,2452
16.17,Spell,14,Ignite,0.0991,49611
16.17,Spell,21,Barrier,-0.4711,311
16.17,Starter,1001,Boots,3.9241,140
16.17,Starter,1054,Doran's Shield,1.4738,718
16.17,Starter,1055,Doran's Blade,-0.743,1758
16.17,Starter,1056,Doran's Ring,0.1339,40593
16.17,Starter,1082,Dark Seal,0.2192,1201
16.17,Starter,1083,Cull,-1.6095,208
16.17,Starter,1086,Doran's Bow,-0.5345,9695
16.17,Starter,1120,Doran's Helm,-1.7015,276
16.17,Boots,3006,Berserker's Greaves,-1.0629,2406
16.17,Boots,3008,Gluttonous Greaves,1.3023,2985
16.17,Boots,3009,Boots of Swiftness,0.1745,21090
16.17,Boots,3020,Sorcerer's Shoes,0.3694,22152
16.17,Boots,3047,Plated Steelcaps,0.0277,2846
16.17,Boots,3111,Mercury's Treads,-0.7657,1571
16.17,Boots,3158,Ionian Boots of Lucidity,1.1586,495
16.17,1st Item,2503,Blackfire Torch,-4.8424,306
16.17,1st Item,2504,Kaenic Rookern,-0.3249,124
16.17,1st Item,2510,Dusk and Dawn,-0.2592,2882
16.17,1st Item,3084,Heartsteel,2.8387,242
16.17,1st Item,3087,Statikk Shiv,0.2598,41806
16.17,1st Item,3091,Wit's End,-2.358,254
16.17,1st Item,3115,Nashor's Tooth,-1.5688,2475
16.17,1st Item,3118,Malignance,1.5156,1218
16.17,1st Item,3146,Hextech Gunblade,-2.5473,407
16.17,1st Item,3153,Blade of The Ruined King,-8.6835,196
16.17,1st Item,6653,Liandry's Torment,-0.5474,3661
16.17,2nd Item,2503,Blackfire Torch,2.5824,355
16.17,2nd Item,2510,Dusk and Dawn,0.1185,2257
16.17,2nd Item,3087,Statikk Shiv,0.4013,1869
16.17,2nd Item,3091,Wit's End,-4.2474,212
16.17,2nd Item,3115,Nashor's Tooth,-0.1984,3362
16.17,2nd Item,3118,Malignance,0.3567,8600
16.17,2nd Item,3124,Guinsoo's Rageblade,-1.6329,126
16.17,2nd Item,3146,Hextech Gunblade,0.9254,377
16.17,2nd Item,3153,Blade of The Ruined King,2.3282,210
16.17,2nd Item,3157,Zhonya's Hourglass,1.7911,244
16.17,2nd Item,3165,Morellonomicon,0.2516,196
16.17,2nd Item,3302,Terminus,1.2044,563
16.17,2nd Item,4645,Shadowflame,-0.5755,528
16.17,2nd Item,4646,Stormsurge,-0.7015,110
16.17,2nd Item,6653,Liandry's Torment,-0.0639,28886
16.17,2nd Item,8010,Bloodletter's Curse,2.0304,266
16.17,3rd Item,2503,Blackfire Torch,2.2117,460
16.17,3rd Item,2510,Dusk and Dawn,0.0446,994
16.17,3rd Item,3041,Mejai's Soulstealer,-3.178,205
16.17,3rd Item,3087,Statikk Shiv,-0.4674,261
16.17,3rd Item,3089,Rabadon's Deathcap,-1.2569,882
16.17,3rd Item,3091,Wit's End,2.1318,123
16.17,3rd Item,3102,Banshee's Veil,1.9627,108
16.17,3rd Item,3115,Nashor's Tooth,-0.7061,1509
16.17,3rd Item,3116,Rylai's Crystal Scepter,-0.7007,108
16.17,3rd Item,3118,Malignance,0.3238,16828
16.17,3rd Item,3124,Guinsoo's Rageblade,-2.0474,195
16.17,3rd Item,3135,Void Staff,-1.5517,424
16.17,3rd Item,3137,Cryptbloom,1.9552,146
16.17,3rd Item,3146,Hextech Gunblade,-0.6822,225
16.17,3rd Item,3153,Blade of The Ruined King,-1.9861,109
16.17,3rd Item,3157,Zhonya's Hourglass,-3.2782,755
16.17,3rd Item,3165,Morellonomicon,1.9166,657
16.17,3rd Item,3302,Terminus,0.2042,659
16.17,3rd Item,4633,Riftmaker,3.3963,124
16.17,3rd Item,4645,Shadowflame,0.0922,4328
16.17,3rd Item,4646,Stormsurge,3.1104,145
16.17,3rd Item,6653,Liandry's Torment,-0.1284,5997
16.17,3rd Item,8010,Bloodletter's Curse,-2.6714,537
16.17,4th+ Item,2503,Blackfire Torch,-2.7059,397
16.17,4th+ Item,2510,Dusk and Dawn,-0.5516,275
16.17,4th+ Item,3041,Mejai's Soulstealer,-1.428,360
16.17,4th+ Item,3089,Rabadon's Deathcap,0.0804,4942
16.17,4th+ Item,3091,Wit's End,-3.5901,103
16.17,4th+ Item,3102,Banshee's Veil,2.5823,233
16.17,4th+ Item,3115,Nashor's Tooth,2.2241,359
16.17,4th+ Item,3116,Rylai's Crystal Scepter,-6.2682,101
16.17,4th+ Item,3118,Malignance,-0.768,1795
16.17,4th+ Item,3124,Guinsoo's Rageblade,-0.0801,153
16.17,4th+ Item,3135,Void Staff,1.1617,2089
16.17,4th+ Item,3137,Cryptbloom,1.4637,452
16.17,4th+ Item,3157,Zhonya's Hourglass,-0.6332,1432
16.17,4th+ Item,3165,Morellonomicon,0.3641,2024
16.17,4th+ Item,3302,Terminus,1.2735,196
16.17,4th+ Item,4645,Shadowflame,0.0399,6149
16.17,4th+ Item,4646,Stormsurge,2.9722,192
16.17,4th+ Item,6653,Liandry's Torment,-0.4073,1062
16.17,4th+ Item,8010,Bloodletter's Curse,0.2295,447
16.17,All Items,2503,Blackfire Torch,-0.3976,1539
16.17,All Items,2504,Kaenic Rookern,-2.1267,267
16.17,All Items,2510,Dusk and Dawn,-0.078,6419
16.17,All Items,3041,Mejai's Soulstealer,-1.5795,675
16.17,All Items,3084,Heartsteel,0.7714,293
16.17,All Items,3087,Statikk Shiv,0.2505,44023
16.17,All Items,3089,Rabadon's Deathcap,-0.2154,5984
16.17,All Items,3091,Wit's End,-2.3222,692
16.17,All Items,3100,Lich Bane,-5.5744,128
16.17,All Items,3102,Banshee's Veil,2.8428,420
16.17,All Items,3115,Nashor's Tooth,-0.6252,7717
16.17,All Items,3116,Rylai's Crystal Scepter,-6.8805,286
16.17,All Items,3118,Malignance,0.3246,28468
16.17,All Items,3124,Guinsoo's Rageblade,-1.5051,485
16.17,All Items,3135,Void Staff,0.5261,2638
16.17,All Items,3137,Cryptbloom,1.4741,629
16.17,All Items,3146,Hextech Gunblade,-0.3358,1096
16.17,All Items,3153,Blade of The Ruined King,-2.5144,589
16.17,All Items,3157,Zhonya's Hourglass,-0.9969,2544
16.17,All Items,3165,Morellonomicon,0.6346,2924
16.17,All Items,3302,Terminus,0.7501,1442
16.17,All Items,4629,Cosmic Drive,2.4864,138
16.17,All Items,4633,Riftmaker,-0.1047,357
16.17,All Items,4645,Shadowflame,-0.008,11086
16.17,All Items,4646,Stormsurge,1.9915,512
16.17,All Items,6653,Liandry's Torment,-0.1277,39619
16.17,All Items,6665,"Jak'Sho, The Protean",0.4074,108
16.17,All Items,6672,Kraken Slayer,-1.3386,159
16.17,All Items,8010,Bloodletter's Curse,-0.7485,1283
