patch,category,id,name,wpa,sample_size
16.1,Keystone,8005,Press the Attack,0.7142,5002
16.1,Keystone,8008,Lethal Tempo,-2.2558,835
16.1,Keystone,8010,Conqueror,-0.5805,796
16.1,Keystone,8021,Fleet Footwork,-0.0476,249764
16.1,Keystone,8112,Electrocute,-4.294,141
16.1,Keystone,8128,Dark Harvest,-0.3868,567
16.1,Keystone,8229,Arcane Comet,0.3611,28083
16.1,Keystone,8230,Stormraider's Surge,2.4137,108
16.1,Keystone,8369,First Strike,2.3273,1792
16.1,Keystone,8437,Grasp of the Undying,-3.7116,386
16.1,Spell,1,Cleanse,0.1871,10147
16.1,Spell,3,Exhaust,0.5119,5355
16.1,Spell,4,Flash,0.0011,287601
16.1,Spell,6,Ghost,1.4086,1967
16.1,Spell,7,Heal,-1.9187,1630
16.1,Spell,12,Teleport,-0.8206,13126
16.1,Spell,14,Ignite,-2.2315,192
16.1,Spell,21,Barrier,0.0259,255228
16.1,Starter,1036,Long Sword,-1.2466,761
16.1,Starter,1054,Doran's Shield,0.5981,925
16.1,Starter,1055,Doran's Blade,0.1152,273593
16.1,Starter,1056,Doran's Ring,-3.3676,6602
16.1,Starter,1083,Cull,-0.1376,3175
16.1,Starter,3070,Tear of the Goddess,-4.2233,1884
16.1,Boots,3006,Berserker's Greaves,-5.7002,315
16.1,Boots,3009,Boots of Swiftness,0.7127,88407
16.1,Boots,3047,Plated Steelcaps,2.4199,10477
16.1,Boots,3111,Mercury's Treads,1.4698,6387
16.1,Boots,3158,Ionian Boots of Lucidity,-0.2785,163860
16.1,1st Item,3004,Manamune,1.1923,505
16.1,1st Item,3031,Infinity Edge,2.6783,129
16.1,1st Item,3078,Trinity Force,-3.0312,5068
16.1,1st Item,3097,Stormrazor,-0.5653,112
16.1,1st Item,3161,Spear of Shojin,0.5376,880
16.1,1st Item,3508,Essence Reaver,0.0611,270750
16.1,1st Item,6676,The Collector,-7.9679,122
16.1,1st Item,6697,Hubris,-0.1157,1376
16.1,2nd Item,2517,Endless Hunger,4.836,242
16.1,2nd Item,2523,Hexoptics C44,-0.2997,695
16.1,2nd Item,3004,Manamune,0.1347,2959
16.1,2nd Item,3031,Infinity Edge,-1.1113,40792
16.1,2nd Item,3033,Mortal Reminder,-0.9602,1166
16.1,2nd Item,3036,Lord Dominik's Regards,1.8042,1133
16.1,2nd Item,3071,Black Cleaver,4.0723,5037
16.1,2nd Item,3072,Bloodthirster,-2.342,540
16.1,2nd Item,3078,Trinity Force,-3.0721,263
16.1,2nd Item,3094,Rapid Firecannon,-1.628,29242
16.1,2nd Item,3097,Stormrazor,-0.4387,909
16.1,2nd Item,3156,Maw of Malmortius,7.2791,222
16.1,2nd Item,3161,Spear of Shojin,0.3263,167967
16.1,2nd Item,3508,Essence Reaver,1.5424,1253
16.1,2nd Item,3814,Edge of Night,2.3884,129
16.1,2nd Item,6673,Immortal Shieldbow,1.6342,670
16.1,2nd Item,6676,The Collector,-3.8192,267
16.1,2nd Item,6695,Serpent's Fang,2.5628,550
16.1,2nd Item,6697,Hubris,1.5948,7758
16.1,3rd Item,2501,Overlord's Bloodmail,2.1338,150
16.1,3rd Item,2504,Kaenic Rookern,3.5021,111
16.1,3rd Item,2517,Endless Hunger,0.9774,1091
16.1,3rd Item,2523,Hexoptics C44,-0.1612,843
16.1,3rd Item,3004,Manamune,-4.1181,313
16.1,3rd Item,3026,Guardian Angel,4.4651,395
16.1,3rd Item,3031,Infinity Edge,-0.0786,41020
16.1,3rd Item,3033,Mortal Reminder,1.3581,8751
16.1,3rd Item,3036,Lord Dominik's Regards,0.4007,11360
16.1,3rd Item,3071,Black Cleaver,2.667,4211
16.1,3rd Item,3072,Bloodthirster,0.1287,1436
16.1,3rd Item,3094,Rapid Firecannon,-0.4174,129287
16.1,3rd Item,3097,Stormrazor,-0.5936,382
16.1,3rd Item,3139,Mercurial Scimitar,6.7394,112
16.1,3rd Item,3143,Randuin's Omen,-0.9906,141
16.1,3rd Item,3156,Maw of Malmortius,4.9532,734
16.1,3rd Item,3157,Zhonya's Hourglass,-4.6745,121
16.1,3rd Item,3161,Spear of Shojin,1.0814,14828
16.1,3rd Item,3814,Edge of Night,2.7324,351
16.1,3rd Item,6333,Death's Dance,6.6641,320
16.1,3rd Item,6653,Liandry's Torment,-4.3528,102
16.1,3rd Item,6665,"Jak'Sho, The Protean",3.1339,131
16.1,3rd Item,6673,Immortal Shieldbow,1.5829,2327
16.1,3rd Item,6694,Serylda's Grudge,-1.0781,222
16.1,3rd Item,6695,Serpent's Fang,0.9635,729
16.1,3rd Item,6697,Hubris,3.3976,247
16.1,4th+ Item,2501,Overlord's Bloodmail,0.1044,1099
16.1,4th+ Item,2504,Kaenic Rookern,-0.841,754
16.1,4th+ Item,2517,Endless Hunger,1.2738,4757
16.1,4th+ Item,2523,Hexoptics C44,-1.1053,1708
16.1,4th+ Item,3004,Manamune,1.2504,126
16.1,4th+ Item,3026,Guardian Angel,2.1653,17675
16.1,4th+ Item,3031,Infinity Edge,-0.6041,56931
16.1,4th+ Item,3033,Mortal Reminder,0.4089,20580
16.1,4th+ Item,3036,Lord Dominik's Regards,0.631,38077
16.1,4th+ Item,3053,Sterak's Gage,-2.4136,119
16.1,4th+ Item,3065,Spirit Visage,4.3409,146
16.1,4th+ Item,3071,Black Cleaver,1.1496,935
16.1,4th+ Item,3072,Bloodthirster,-1.1015,19264
16.1,4th+ Item,3094,Rapid Firecannon,-0.5797,22543
16.1,4th+ Item,3097,Stormrazor,-3.1894,502
16.1,4th+ Item,3110,Frozen Heart,-4.8537,135
16.1,4th+ Item,3139,Mercurial Scimitar,-0.7554,2075
16.1,4th+ Item,3143,Randuin's Omen,-0.4696,974
16.1,4th+ Item,3156,Maw of Malmortius,1.5871,3591
16.1,4th+ Item,3157,Zhonya's Hourglass,-3.5849,1409
16.1,4th+ Item,3161,Spear of Shojin,-0.5671,6245
16.1,4th+ Item,3814,Edge of Night,3.7363,2142
16.1,4th+ Item,6333,Death's Dance,1.4608,1649
16.1,4th+ Item,6609,Chempunk Chainsword,-1.9735,482
16.1,4th+ Item,6653,Liandry's Torment,-3.4007,312
16.1,4th+ Item,6665,"Jak'Sho, The Protean",-2.0952,833
16.1,4th+ Item,6673,Immortal Shieldbow,-0.3542,8796
16.1,4th+ Item,6676,The Collector,-3.6224,141
16.1,4th+ Item,6694,Serylda's Grudge,-0.2054,488
16.1,4th+ Item,6695,Serpent's Fang,0.7484,1776
16.1,4th+ Item,6697,Hubris,4.3221,137
16.1,All Items,2501,Overlord's Bloodmail,0.3246,1309
16.1,All Items,2504,Kaenic Rookern,0.0143,927
16.1,All Items,2512,Fiendhunter Bolts,-7.3402,197
16.1,All Items,2517,Endless Hunger,1.3707,6151
16.1,All Items,2520,Bastionbreaker,0.5406,185
16.1,All Items,2523,Hexoptics C44,-0.698,3323
16.1,All Items,3004,Manamune,-0.0187,3906
16.1,All Items,3026,Guardian Angel,2.1459,19489
16.1,All Items,3031,Infinity Edge,-0.5977,139083
16.1,All Items,3033,Mortal Reminder,0.6144,30776
16.1,All Items,3036,Lord Dominik's Regards,0.5967,50863
16.1,All Items,3053,Sterak's Gage,-0.4234,164
16.1,All Items,3065,Spirit Visage,4.1327,180
16.1,All Items,3071,Black Cleaver,3.225,10195
16.1,All Items,3072,Bloodthirster,-0.9416,22455
16.1,All Items,3078,Trinity Force,-3.0326,5440
16.1,All Items,3094,Rapid Firecannon,-0.6307,181199
16.1,All Items,3097,Stormrazor,-1.1419,1939
16.1,All Items,3110,Frozen Heart,-5.2975,185
16.1,All Items,3139,Mercurial Scimitar,-0.441,2378
16.1,All Items,3143,Randuin's Omen,-0.3618,1222
16.1,All Items,3156,Maw of Malmortius,2.3501,4758
16.1,All Items,3157,Zhonya's Hourglass,-3.7798,1766
16.1,All Items,3161,Spear of Shojin,0.3546,190110
16.1,All Items,3508,Essence Reaver,0.0687,272143
16.1,All Items,3814,Edge of Night,3.5712,2699
16.1,All Items,4401,Force of Nature,-8.7613,116
16.1,All Items,6333,Death's Dance,2.5407,2113
16.1,All Items,6609,Chempunk Chainsword,-1.9139,598
16.1,All Items,6653,Liandry's Torment,-3.9132,451
16.1,All Items,6665,"Jak'Sho, The Protean",-2.3335,1072
16.1,All Items,6673,Immortal Shieldbow,0.1261,12274
16.1,All Items,6675,Navori Flickerblade,-6.779,156
16.1,All Items,6676,The Collector,-4.0923,635
16.1,All Items,6694,Serylda's Grudge,-0.5295,762
16.1,All Items,6695,Serpent's Fang,1.251,3152
16.1,All Items,6697,Hubris,1.4202,9529
16.2,Keystone,8005,Press the Attack,1.8516,3592
16.2,Keystone,8008,Lethal Tempo,-4.3265,737
16.2,Keystone,8010,Conqueror,-2.5147,556
16.2,Keystone,8021,Fleet Footwork,-0.1211,191863
16.2,Keystone,8112,Electrocute,-7.2111,182
16.2,Keystone,8128,Dark Harvest,-3.2108,490
16.2,Keystone,8229,Arcane Comet,0.6903,32642
16.2,Keystone,8369,First Strike,2.1675,1369
16.2,Keystone,8437,Grasp of the Undying,-3.9412,276
16.2,Spell,1,Cleanse,0.9289,9517
16.2,Spell,3,Exhaust,1.3523,3862
16.2,Spell,4,Flash,0.0006,231911
16.2,Spell,6,Ghost,-1.4206,1967
16.2,Spell,7,Heal,-0.475,1170
16.2,Spell,12,Teleport,-0.6566,10513
16.2,Spell,14,Ignite,-3.6348,182
16.2,Spell,21,Barrier,-0.0161,204724
16.2,Starter,1036,Long Sword,-4.527,595
16.2,Starter,1054,Doran's Shield,-7.2881,699
16.2,Starter,1055,Doran's Blade,0.1474,220737
16.2,Starter,1056,Doran's Ring,-3.4123,6014
16.2,Starter,1083,Cull,-0.8695,2973
16.2,Starter,3070,Tear of the Goddess,-3.9659,413
16.2,Boots,3006,Berserker's Greaves,-7.5137,255
16.2,Boots,3009,Boots of Swiftness,0.3407,71816
16.2,Boots,3047,Plated Steelcaps,2.485,9261
16.2,Boots,3111,Mercury's Treads,1.3716,5651
16.2,Boots,3158,Ionian Boots of Lucidity,-0.2353,131988
16.2,1st Item,3004,Manamune,-0.5639,322
16.2,1st Item,3078,Trinity Force,-2.2084,4234
16.2,1st Item,3161,Spear of Shojin,-0.7475,527
16.2,1st Item,3508,Essence Reaver,0.0604,218996
16.2,1st Item,6697,Hubris,-2.3284,723
16.2,2nd Item,2517,Endless Hunger,0.3159,461
16.2,2nd Item,2523,Hexoptics C44,1.7239,729
16.2,2nd Item,3004,Manamune,1.6936,1617
16.2,2nd Item,3031,Infinity Edge,-1.2337,29243
16.2,2nd Item,3033,Mortal Reminder,-0.4904,923
16.2,2nd Item,3036,Lord Dominik's Regards,1.0975,913
16.2,2nd Item,3071,Black Cleaver,3.2098,2745
16.2,2nd Item,3072,Bloodthirster,-0.1843,465
16.2,2nd Item,3078,Trinity Force,-1.0509,174
16.2,2nd Item,3094,Rapid Firecannon,-1.5448,21170
16.2,2nd Item,3097,Stormrazor,-1.007,408
16.2,2nd Item,3156,Maw of Malmortius,5.9893,177
16.2,2nd Item,3161,Spear of Shojin,0.3508,145429
16.2,2nd Item,3508,Essence Reaver,-0.0259,750
16.2,2nd Item,6673,Immortal Shieldbow,1.5364,513
16.2,2nd Item,6676,The Collector,-7.616,156
16.2,2nd Item,6695,Serpent's Fang,0.7895,486
16.2,2nd Item,6697,Hubris,0.7565,4860
16.2,3rd Item,2501,Overlord's Bloodmail,4.6476,135
16.2,3rd Item,2517,Endless Hunger,1.1055,1153
16.2,3rd Item,2523,Hexoptics C44,1.4912,618
16.2,3rd Item,3004,Manamune,2.2257,213
16.2,3rd Item,3026,Guardian Angel,4.5872,412
16.2,3rd Item,3031,Infinity Edge,0.2037,33599
16.2,3rd Item,3033,Mortal Reminder,0.1598,7212
16.2,3rd Item,3036,Lord Dominik's Regards,0.552,8928
16.2,3rd Item,3071,Black Cleaver,2.5908,4528
16.2,3rd Item,3072,Bloodthirster,0.0895,1104
16.2,3rd Item,3094,Rapid Firecannon,-0.4633,104263
16.2,3rd Item,3097,Stormrazor,-1.1142,244
16.2,3rd Item,3139,Mercurial Scimitar,-0.2333,127
16.2,3rd Item,3143,Randuin's Omen,2.8722,126
16.2,3rd Item,3156,Maw of Malmortius,3.4507,625
16.2,3rd Item,3157,Zhonya's Hourglass,-7.0749,117
16.2,3rd Item,3161,Spear of Shojin,0.998,9888
16.2,3rd Item,3814,Edge of Night,3.0505,267
16.2,3rd Item,6333,Death's Dance,3.1041,226
16.2,3rd Item,6665,"Jak'Sho, The Protean",-2.0118,130
16.2,3rd Item,6673,Immortal Shieldbow,1.3538,1883
16.2,3rd Item,6694,Serylda's Grudge,3.7589,207
16.2,3rd Item,6695,Serpent's Fang,4.6524,640
16.2,3rd Item,6697,Hubris,0.1239,244
16.2,4th+ Item,2501,Overlord's Bloodmail,2.7498,764
16.2,4th+ Item,2504,Kaenic Rookern,0.6634,582
16.2,4th+ Item,2517,Endless Hunger,1.4322,4529
16.2,4th+ Item,2523,Hexoptics C44,-1.7303,1280
16.2,4th+ Item,3026,Guardian Angel,2.0852,15046
16.2,4th+ Item,3031,Infinity Edge,-0.6675,46681
16.2,4th+ Item,3033,Mortal Reminder,0.0938,16406
16.2,4th+ Item,3036,Lord Dominik's Regards,0.5179,30904
16.2,4th+ Item,3053,Sterak's Gage,-1.2028,106
16.2,4th+ Item,3065,Spirit Visage,6.1622,119
16.2,4th+ Item,3071,Black Cleaver,0.9935,1111
16.2,4th+ Item,3072,Bloodthirster,-0.9667,13377
16.2,4th+ Item,3094,Rapid Firecannon,-0.4077,18160
16.2,4th+ Item,3097,Stormrazor,-3.2045,296
16.2,4th+ Item,3110,Frozen Heart,-1.1179,133
16.2,4th+ Item,3139,Mercurial Scimitar,-1.2778,1717
16.2,4th+ Item,3143,Randuin's Omen,1.8317,861
16.2,4th+ Item,3156,Maw of Malmortius,0.8691,2706
16.2,4th+ Item,3157,Zhonya's Hourglass,-4.5763,1110
16.2,4th+ Item,3161,Spear of Shojin,-0.5333,4109
16.2,4th+ Item,3814,Edge of Night,1.9677,1552
16.2,4th+ Item,6333,Death's Dance,1.3608,1240
16.2,4th+ Item,6609,Chempunk Chainsword,2.6844,410
16.2,4th+ Item,6653,Liandry's Torment,-5.3216,255
16.2,4th+ Item,6665,"Jak'Sho, The Protean",-2.4227,645
16.2,4th+ Item,6673,Immortal Shieldbow,-0.2436,7062
16.2,4th+ Item,6676,The Collector,-1.1057,109
16.2,4th+ Item,6694,Serylda's Grudge,-3.5365,387
16.2,4th+ Item,6695,Serpent's Fang,1.4848,1480
16.2,4th+ Item,6697,Hubris,-3.191,255
16.2,All Items,2501,Overlord's Bloodmail,2.8735,924
16.2,All Items,2504,Kaenic Rookern,1.6207,735
16.2,All Items,2517,Endless Hunger,1.2956,6203
16.2,All Items,2523,Hexoptics C44,-0.0367,2695
16.2,All Items,3004,Manamune,1.4354,2217
16.2,All Items,3026,Guardian Angel,1.9965,16578
16.2,All Items,3031,Infinity Edge,-0.5583,109786
16.2,All Items,3033,Mortal Reminder,0.1044,24697
16.2,All Items,3036,Lord Dominik's Regards,0.5485,40949
16.2,All Items,3053,Sterak's Gage,-0.9189,141
16.2,All Items,3065,Spirit Visage,3.8655,142
16.2,All Items,3071,Black Cleaver,2.5728,8407
16.2,All Items,3072,Bloodthirster,-0.7588,15865
16.2,All Items,3078,Trinity Force,-2.1096,4468
16.2,All Items,3094,Rapid Firecannon,-0.6181,143707
16.2,All Items,3097,Stormrazor,-2.2912,1037
16.2,All Items,3110,Frozen Heart,-1.247,177
16.2,All Items,3139,Mercurial Scimitar,-1.1753,1982
16.2,All Items,3143,Randuin's Omen,2.173,1084
16.2,All Items,3156,Maw of Malmortius,1.6131,3634
16.2,All Items,3157,Zhonya's Hourglass,-4.4957,1432
16.2,All Items,3161,Spear of Shojin,0.3644,160073
16.2,All Items,3508,Essence Reaver,0.0578,219837
16.2,All Items,3814,Edge of Night,2.3449,1976
16.2,All Items,6333,Death's Dance,2.084,1571
16.2,All Items,6609,Chempunk Chainsword,2.8632,496
16.2,All Items,6653,Liandry's Torment,-4.3381,358
16.2,All Items,6665,"Jak'Sho, The Protean",-1.9436,854
16.2,All Items,6673,Immortal Shieldbow,0.1157,9832
16.2,All Items,6675,Navori Flickerblade,-1.9362,120
16.2,All Items,6676,The Collector,-3.0768,451
16.2,All Items,6694,Serylda's Grudge,-1.3399,632
16.2,All Items,6695,Serpent's Fang,1.9721,2689
16.2,All Items,6697,Hubris,0.1871,6110
16.3,Keystone,8369,First Strike,0.0037,1245
16.3,Keystone,8010,Conqueror,-4.299,671
16.3,Keystone,8021,Fleet Footwork,0.049,181676
16.3,Keystone,8005,Press the Attack,0.142,4161
16.3,Keystone,8008,Lethal Tempo,-3.1746,691
16.3,Keystone,8437,Grasp of the Undying,-3.3661,262
16.3,Keystone,8229,Arcane Comet,-0.0459,31786
16.3,Keystone,8128,Dark Harvest,-4.642,480
16.3,Keystone,8112,Electrocute,-0.9824,160
16.3,Spell,1,Cleanse,0.2341,8541
16.3,Spell,3,Exhaust,-0.8856,3519
16.3,Spell,4,Flash,0.0024,221341
16.3,Spell,6,Ghost,-1.6718,1951
16.3,Spell,7,Heal,-2.5355,1296
16.3,Spell,12,Teleport,-1.0969,7991
16.3,Spell,14,Ignite,-3.4987,247
16.3,Spell,21,Barrier,0.0848,197850
16.3,Starter,1036,Long Sword,-2.2836,436
16.3,Starter,1054,Doran's Shield,0.0945,846
16.3,Starter,1055,Doran's Blade,0.1767,208979
16.3,Starter,1056,Doran's Ring,-3.72,7027
16.3,Starter,1083,Cull,-2.2654,3091
16.3,Starter,3070,Tear of the Goddess,-5.7744,444
16.3,Boots,3006,Berserker's Greaves,-3.7516,270
16.3,Boots,3009,Boots of Swiftness,0.2185,66337
16.3,Boots,3047,Plated Steelcaps,2.8263,9957
16.3,Boots,3111,Mercury's Treads,1.8937,5490
16.3,Boots,3158,Ionian Boots of Lucidity,-0.398,125280
16.3,1st Item,3004,Manamune,-0.3977,430
16.3,1st Item,3031,Infinity Edge,-1.2942,108
16.3,1st Item,3072,Bloodthirster,-5.9252,141
16.3,1st Item,3078,Trinity Force,-2.0136,5523
16.3,1st Item,3161,Spear of Shojin,-5.399,465
16.3,1st Item,3508,Essence Reaver,0.0882,205388
16.3,1st Item,6676,The Collector,0.022,122
16.3,1st Item,6697,Hubris,-2.9691,875
16.3,2nd Item,2517,Endless Hunger,0.006,598
16.3,2nd Item,2523,Hexoptics C44,-4.0431,594
16.3,2nd Item,3004,Manamune,0.3901,1548
16.3,2nd Item,3031,Infinity Edge,-0.5513,24095
16.3,2nd Item,3033,Mortal Reminder,1.4027,1025
16.3,2nd Item,3036,Lord Dominik's Regards,1.0705,875
16.3,2nd Item,3071,Black Cleaver,5.7094,2321
16.3,2nd Item,3072,Bloodthirster,4.3592,469
16.3,2nd Item,3078,Trinity Force,1.9467,139
16.3,2nd Item,3094,Rapid Firecannon,-2.2173,16414
16.3,2nd Item,3097,Stormrazor,2.0158,316
16.3,2nd Item,3156,Maw of Malmortius,7.9192,155
16.3,2nd Item,3161,Spear of Shojin,0.208,145817
16.3,2nd Item,3508,Essence Reaver,-2.0535,894
16.3,2nd Item,3814,Edge of Night,3.246,172
16.3,2nd Item,6673,Immortal Shieldbow,2.1869,586
16.3,2nd Item,6676,The Collector,0.0276,183
16.3,2nd Item,6695,Serpent's Fang,-0.1727,484
16.3,2nd Item,6697,Hubris,0.9427,3681
16.3,3rd Item,2501,Overlord's Bloodmail,-0.5771,124
16.3,3rd Item,2517,Endless Hunger,0.9231,3913
16.3,3rd Item,2523,Hexoptics C44,1.6558,651
16.3,3rd Item,3004,Manamune,3.8614,392
16.3,3rd Item,3026,Guardian Angel,2.3204,420
16.3,3rd Item,3031,Infinity Edge,-0.2526,29335
16.3,3rd Item,3033,Mortal Reminder,0.2535,7422
16.3,3rd Item,3036,Lord Dominik's Regards,1.2577,9147
16.3,3rd Item,3071,Black Cleaver,1.6977,3733
16.3,3rd Item,3072,Bloodthirster,0.9811,1101
16.3,3rd Item,3094,Rapid Firecannon,-0.4297,97621
16.3,3rd Item,3097,Stormrazor,1.0806,176
16.3,3rd Item,3139,Mercurial Scimitar,2.4696,126
16.3,3rd Item,3143,Randuin's Omen,4.1152,182
16.3,3rd Item,3156,Maw of Malmortius,2.7785,487
16.3,3rd Item,3161,Spear of Shojin,1.4602,9147
16.3,3rd Item,3814,Edge of Night,5.336,258
16.3,3rd Item,6333,Death's Dance,4.2843,183
16.3,3rd Item,6653,Liandry's Torment,5.2479,113
16.3,3rd Item,6665,"Jak'Sho, The Protean",-0.4719,145
16.3,3rd Item,6673,Immortal Shieldbow,1.2606,2027
16.3,3rd Item,6694,Serylda's Grudge,0.6881,213
16.3,3rd Item,6695,Serpent's Fang,3.557,643
16.3,3rd Item,6697,Hubris,-1.5505,217
16.3,4th+ Item,2501,Overlord's Bloodmail,-0.0301,965
16.3,4th+ Item,2504,Kaenic Rookern,-1.4735,569
16.3,4th+ Item,2517,Endless Hunger,1.6512,4176
16.3,4th+ Item,2523,Hexoptics C44,-0.9706,1377
16.3,4th+ Item,3004,Manamune,-1.7122,127
16.3,4th+ Item,3026,Guardian Angel,2.2393,15527
16.3,4th+ Item,3031,Infinity Edge,-0.6917,45749
16.3,4th+ Item,3033,Mortal Reminder,-0.0611,15984
16.3,4th+ Item,3036,Lord Dominik's Regards,0.5821,28168
16.3,4th+ Item,3053,Sterak's Gage,-1.4768,114
16.3,4th+ Item,3071,Black Cleaver,2.0481,1221
16.3,4th+ Item,3072,Bloodthirster,-1.1215,11425
16.3,4th+ Item,3094,Rapid Firecannon,-0.7162,17243
16.3,4th+ Item,3097,Stormrazor,-1.5927,223
16.3,4th+ Item,3110,Frozen Heart,-9.6876,135
16.3,4th+ Item,3139,Mercurial Scimitar,-1.5874,1522
16.3,4th+ Item,3143,Randuin's Omen,3.4724,967
16.3,4th+ Item,3156,Maw of Malmortius,0.2809,2225
16.3,4th+ Item,3157,Zhonya's Hourglass,-3.189,946
16.3,4th+ Item,3161,Spear of Shojin,0.0743,3520
16.3,4th+ Item,3814,Edge of Night,4.1956,1151
16.3,4th+ Item,6333,Death's Dance,1.9538,899
16.3,4th+ Item,6609,Chempunk Chainsword,-1.592,414
16.3,4th+ Item,6653,Liandry's Torment,-2.8348,304
16.3,4th+ Item,6665,"Jak'Sho, The Protean",-0.1114,673
16.3,4th+ Item,6673,Immortal Shieldbow,0.0871,7096
16.3,4th+ Item,6694,Serylda's Grudge,-1.8182,372
16.3,4th+ Item,6695,Serpent's Fang,0.0443,1396
16.3,4th+ Item,6697,Hubris,-0.7553,306
16.3,All Items,2501,Overlord's Bloodmail,-0.3151,1114
16.3,All Items,2504,Kaenic Rookern,-1.5977,706
16.3,All Items,2517,Endless Hunger,1.1816,8766
16.3,All Items,2523,Hexoptics C44,-0.7851,2728
16.3,All Items,3004,Manamune,0.6946,2499
16.3,All Items,3026,Guardian Angel,2.2421,17041
16.3,All Items,3031,Infinity Edge,-0.528,99485
16.3,All Items,3033,Mortal Reminder,0.0801,24604
16.3,All Items,3036,Lord Dominik's Regards,0.7468,38395
16.3,All Items,3053,Sterak's Gage,-3.0607,154
16.3,All Items,3065,Spirit Visage,1.6034,132
16.3,All Items,3071,Black Cleaver,2.9766,7303
16.3,All Items,3072,Bloodthirster,-0.727,13929
16.3,All Items,3078,Trinity Force,-1.907,5744
16.3,All Items,3094,Rapid Firecannon,-0.6932,131429
16.3,All Items,3097,Stormrazor,1.1731,767
16.3,All Items,3110,Frozen Heart,-5.8209,189
16.3,All Items,3139,Mercurial Scimitar,-1.1686,1798
16.3,All Items,3143,Randuin's Omen,3.1394,1277
16.3,All Items,3156,Maw of Malmortius,1.1806,2973
16.3,All Items,3157,Zhonya's Hourglass,-3.0798,1232
16.3,All Items,3161,Spear of Shojin,0.2603,159054
16.3,All Items,3508,Essence Reaver,0.0773,206385
16.3,All Items,3814,Edge of Night,3.9992,1641
16.3,All Items,6333,Death's Dance,2.4543,1171
16.3,All Items,6609,Chempunk Chainsword,-1.1379,523
16.3,All Items,6653,Liandry's Torment,-1.931,463
16.3,All Items,6662,Iceborn Gauntlet,1.6504,111
16.3,All Items,6665,"Jak'Sho, The Protean",-0.529,887
16.3,All Items,6673,Immortal Shieldbow,0.3305,10199
16.3,All Items,6675,Navori Flickerblade,-7.1175,101
16.3,All Items,6676,The Collector,-1.0764,461
16.3,All Items,6694,Serylda's Grudge,-0.733,619
16.3,All Items,6695,Serpent's Fang,0.6569,2630
16.3,All Items,6697,Hubris,0.065,5106
16.4,Keystone,8005,Press the Attack,0.1223,4287
16.4,Keystone,8008,Lethal Tempo,-1.3989,698
16.4,Keystone,8010,Conqueror,-0.9002,612
16.4,Keystone,8021,Fleet Footwork,-0.1126,179871
16.4,Keystone,8112,Electrocute,-2.5053,140
16.4,Keystone,8128,Dark Harvest,-3.897,522
16.4,Keystone,8229,Arcane Comet,0.533,31326
16.4,Keystone,8369,First Strike,4.017,1447
16.4,Keystone,8437,Grasp of the Undying,2.6895,322
16.4,Spell,1,Cleanse,0.2351,8587
16.4,Spell,3,Exhaust,0.9284,4615
16.4,Spell,4,Flash,0.0012,219423
16.4,Spell,6,Ghost,0.8838,1915
16.4,Spell,7,Heal,-1.5326,1311
16.4,Spell,12,Teleport,-0.9992,7235
16.4,Spell,14,Ignite,-6.1527,243
16.4,Spell,21,Barrier,0.0127,195541
16.4,Starter,1036,Long Sword,-0.2945,534
16.4,Starter,1054,Doran's Shield,-2.2711,882
16.4,Starter,1055,Doran's Blade,0.1306,206576
16.4,Starter,1056,Doran's Ring,-2.5205,7255
16.4,Starter,1083,Cull,-1.9527,3197
16.4,Starter,3070,Tear of the Goddess,-0.8883,445
16.4,Boots,3006,Berserker's Greaves,-1.2289,288
16.4,Boots,3009,Boots of Swiftness,0.2946,62654
16.4,Boots,3047,Plated Steelcaps,3.0494,11471
16.4,Boots,3111,Mercury's Treads,0.4907,5872
16.4,Boots,3158,Ionian Boots of Lucidity,-0.2402,124916
16.4,1st Item,2523,Hexoptics C44,-0.9329,131
16.4,1st Item,3004,Manamune,1.2656,384
16.4,1st Item,3078,Trinity Force,-1.0154,6372
16.4,1st Item,3161,Spear of Shojin,-1.0624,699
16.4,1st Item,3508,Essence Reaver,0.0402,202073
16.4,1st Item,6697,Hubris,-1.0924,886
16.4,2nd Item,2517,Endless Hunger,-1.5134,824
16.4,2nd Item,2523,Hexoptics C44,-1.1838,855
16.4,2nd Item,3004,Manamune,3.073,1617
16.4,2nd Item,3031,Infinity Edge,-0.6629,19562
16.4,2nd Item,3033,Mortal Reminder,0.7927,1133
16.4,2nd Item,3036,Lord Dominik's Regards,0.9794,983
16.4,2nd Item,3071,Black Cleaver,2.817,2069
16.4,2nd Item,3072,Bloodthirster,0.7976,395
16.4,2nd Item,3078,Trinity Force,2.964,137
16.4,2nd Item,3094,Rapid Firecannon,-2.2908,14622
16.4,2nd Item,3097,Stormrazor,-4.4569,259
16.4,2nd Item,3156,Maw of Malmortius,-2.208,201
16.4,2nd Item,3161,Spear of Shojin,0.1955,147128
16.4,2nd Item,3508,Essence Reaver,-0.7843,1022
16.4,2nd Item,3814,Edge of Night,0.8572,2029
16.4,2nd Item,6673,Immortal Shieldbow,1.7779,532
16.4,2nd Item,6676,The Collector,-0.2476,170
16.4,2nd Item,6695,Serpent's Fang,2.627,533
16.4,2nd Item,6697,Hubris,1.1655,3956
16.4,3rd Item,2501,Overlord's Bloodmail,-0.4518,157
16.4,3rd Item,2504,Kaenic Rookern,-0.3719,121
16.4,3rd Item,2517,Endless Hunger,1.6164,10902
16.4,3rd Item,2523,Hexoptics C44,0.7946,1172
16.4,3rd Item,3004,Manamune,1.2492,442
16.4,3rd Item,3026,Guardian Angel,2.5834,439
16.4,3rd Item,3031,Infinity Edge,-0.3281,26471
16.4,3rd Item,3033,Mortal Reminder,1.2503,8093
16.4,3rd Item,3036,Lord Dominik's Regards,0.2401,8998
16.4,3rd Item,3071,Black Cleaver,1.5661,3112
16.4,3rd Item,3072,Bloodthirster,-0.6486,887
16.4,3rd Item,3094,Rapid Firecannon,-0.4389,92539
16.4,3rd Item,3097,Stormrazor,1.9396,117
16.4,3rd Item,3139,Mercurial Scimitar,-1.8917,159
16.4,3rd Item,3143,Randuin's Omen,-1.2449,207
16.4,3rd Item,3156,Maw of Malmortius,0.8884,480
16.4,3rd Item,3157,Zhonya's Hourglass,-5.501,103
16.4,3rd Item,3161,Spear of Shojin,1.1413,8152
16.4,3rd Item,3814,Edge of Night,2.6005,387
16.4,3rd Item,6333,Death's Dance,5.5612,195
16.4,3rd Item,6653,Liandry's Torment,-2.1117,124
16.4,3rd Item,6665,"Jak'Sho, The Protean",-0.8605,114
16.4,3rd Item,6673,Immortal Shieldbow,0.8135,2081
16.4,3rd Item,6694,Serylda's Grudge,1.5181,232
16.4,3rd Item,6695,Serpent's Fang,1.6776,694
16.4,3rd Item,6697,Hubris,-3.5533,263
16.4,4th+ Item,2501,Overlord's Bloodmail,0.949,1291
16.4,4th+ Item,2504,Kaenic Rookern,-0.0321,589
16.4,4th+ Item,2517,Endless Hunger,0.4806,5660
16.4,4th+ Item,2523,Hexoptics C44,-0.4857,2404
16.4,4th+ Item,3004,Manamune,-1.6471,105
16.4,4th+ Item,3026,Guardian Angel,2.5803,16165
16.4,4th+ Item,3031,Infinity Edge,-0.7425,45901
16.4,4th+ Item,3033,Mortal Reminder,0.1115,16140
16.4,4th+ Item,3036,Lord Dominik's Regards,0.7607,26972
16.4,4th+ Item,3053,Sterak's Gage,0.8773,153
16.4,4th+ Item,3065,Spirit Visage,0.5837,115
16.4,4th+ Item,3071,Black Cleaver,1.0066,2021
16.4,4th+ Item,3072,Bloodthirster,-1.0644,9619
16.4,4th+ Item,3094,Rapid Firecannon,-1.14,16992
16.4,4th+ Item,3097,Stormrazor,-10.6048,158
16.4,4th+ Item,3110,Frozen Heart,-3.6237,155
16.4,4th+ Item,3139,Mercurial Scimitar,-0.1583,1581
16.4,4th+ Item,3143,Randuin's Omen,-0.8036,964
16.4,4th+ Item,3156,Maw of Malmortius,1.2905,2131
16.4,4th+ Item,3157,Zhonya's Hourglass,-5.8493,844
16.4,4th+ Item,3161,Spear of Shojin,-0.4218,3646
16.4,4th+ Item,3814,Edge of Night,2.6807,1244
16.4,4th+ Item,6333,Death's Dance,3.1961,743
16.4,4th+ Item,6609,Chempunk Chainsword,-1.915,422
16.4,4th+ Item,6653,Liandry's Torment,-3.9664,294
16.4,4th+ Item,6665,"Jak'Sho, The Protean",-0.8189,615
16.4,4th+ Item,6673,Immortal Shieldbow,-0.309,6872
16.4,4th+ Item,6694,Serylda's Grudge,0.8354,384
16.4,4th+ Item,6695,Serpent's Fang,1.0292,1393
16.4,4th+ Item,6697,Hubris,0.9374,305
16.4,All Items,2501,Overlord's Bloodmail,0.7334,1478
16.4,All Items,2504,Kaenic Rookern,-0.4869,776
16.4,All Items,2517,Endless Hunger,1.0926,17490
16.4,All Items,2523,Hexoptics C44,-0.2604,4617
16.4,All Items,3004,Manamune,2.2897,2548
16.4,All Items,3026,Guardian Angel,2.4867,17754
16.4,All Items,3031,Infinity Edge,-0.6097,92243
16.4,All Items,3033,Mortal Reminder,0.5145,25551
16.4,All Items,3036,Lord Dominik's Regards,0.6452,37171
16.4,All Items,3053,Sterak's Gage,0.8691,200
16.4,All Items,3065,Spirit Visage,-0.1383,144
16.4,All Items,3071,Black Cleaver,1.7793,7233
16.4,All Items,3072,Bloodthirster,-0.9991,11859
16.4,All Items,3078,Trinity Force,-0.8968,6585
16.4,All Items,3094,Rapid Firecannon,-0.7584,124311
16.4,All Items,3097,Stormrazor,-5.2175,582
16.4,All Items,3110,Frozen Heart,-4.1702,243
16.4,All Items,3139,Mercurial Scimitar,-0.1173,1868
16.4,All Items,3143,Randuin's Omen,0.0899,1284
16.4,All Items,3156,Maw of Malmortius,0.9566,2942
16.4,All Items,3157,Zhonya's Hourglass,-4.5763,1106
16.4,All Items,3161,Spear of Shojin,0.2237,159713
16.4,All Items,3508,Essence Reaver,0.0341,203206
16.4,All Items,3742,Dead Man's Plate,2.3749,102
16.4,All Items,3814,Edge of Night,1.5701,3735
16.4,All Items,6333,Death's Dance,4.0352,1029
16.4,All Items,6609,Chempunk Chainsword,-1.2432,525
16.4,All Items,6653,Liandry's Torment,-4.2346,456
16.4,All Items,6662,Iceborn Gauntlet,3.1737,123
16.4,All Items,6665,"Jak'Sho, The Protean",-0.9019,811
16.4,All Items,6673,Immortal Shieldbow,0.0043,9998
16.4,All Items,6675,Navori Flickerblade,-3.0218,137
16.4,All Items,6676,The Collector,0.1242,429
16.4,All Items,6694,Serylda's Grudge,1.5878,647
16.4,All Items,6695,Serpent's Fang,1.4724,2696
16.4,All Items,6697,Hubris,0.5977,5443
16.5,Keystone,8005,Press the Attack,1.5693,8083
16.5,Keystone,8008,Lethal Tempo,-4.2822,888
16.5,Keystone,8010,Conqueror,1.2681,755
16.5,Keystone,8021,Fleet Footwork,-0.0809,236950
16.5,Keystone,8112,Electrocute,3.308,194
16.5,Keystone,8128,Dark Harvest,-2.9917,777
16.5,Keystone,8229,Arcane Comet,0.0635,34149
16.5,Keystone,8230,Stormraider's Surge,1.8218,105
16.5,Keystone,8369,First Strike,3.8429,2232
16.5,Keystone,8437,Grasp of the Undying,-0.4741,368
16.5,Spell,1,Cleanse,0.4349,11008
16.5,Spell,3,Exhaust,0.4923,4659
16.5,Spell,4,Flash,0.0011,284655
16.5,Spell,6,Ghost,-0.8407,2478
16.5,Spell,7,Heal,-2.2075,1779
16.5,Spell,12,Teleport,-0.7132,9580
16.5,Spell,14,Ignite,-3.8688,301
16.5,Spell,21,Barrier,0.026,254890
16.5,Starter,1036,Long Sword,-1.5275,729
16.5,Starter,1054,Doran's Shield,-2.1483,1046
16.5,Starter,1055,Doran's Blade,0.1855,267090
16.5,Starter,1056,Doran's Ring,-3.0631,8584
16.5,Starter,1083,Cull,-1.4141,4305
16.5,Starter,3070,Tear of the Goddess,-6.1729,2108
16.5,Boots,3006,Berserker's Greaves,-5.7719,306
16.5,Boots,3009,Boots of Swiftness,0.3878,82102
16.5,Boots,3047,Plated Steelcaps,2.9316,14275
16.5,Boots,3111,Mercury's Treads,1.0094,7654
16.5,Boots,3158,Ionian Boots of Lucidity,-0.309,161876
16.5,1st Item,2523,Hexoptics C44,-1.861,159
16.5,1st Item,3004,Manamune,-2.2014,548
16.5,1st Item,3072,Bloodthirster,-1.197,110
16.5,1st Item,3078,Trinity Force,-2.7707,7402
16.5,1st Item,3161,Spear of Shojin,-2.9973,849
16.5,1st Item,3508,Essence Reaver,0.0937,259989
16.5,1st Item,6676,The Collector,-4.6877,133
16.5,1st Item,6697,Hubris,0.2463,3591
16.5,2nd Item,2517,Endless Hunger,0.592,1270
16.5,2nd Item,2523,Hexoptics C44,-1.5929,766
16.5,2nd Item,3004,Manamune,0.3835,3213
16.5,2nd Item,3031,Infinity Edge,-1.3477,20225
16.5,2nd Item,3033,Mortal Reminder,0.9221,1098
16.5,2nd Item,3036,Lord Dominik's Regards,-2.9626,1055
16.5,2nd Item,3071,Black Cleaver,1.71,2236
16.5,2nd Item,3072,Bloodthirster,0.2564,468
16.5,2nd Item,3078,Trinity Force,-0.5983,308
16.5,2nd Item,3094,Rapid Firecannon,-1.7923,15468
16.5,2nd Item,3097,Stormrazor,3.2856,213
16.5,2nd Item,3156,Maw of Malmortius,2.085,258
16.5,2nd Item,3161,Spear of Shojin,0.1536,195463
16.5,2nd Item,3508,Essence Reaver,0.8325,2655
16.5,2nd Item,3814,Edge of Night,1.5527,1252
16.5,2nd Item,6673,Immortal Shieldbow,1.9118,622
16.5,2nd Item,6676,The Collector,1.2714,234
16.5,2nd Item,6695,Serpent's Fang,1.439,725
16.5,2nd Item,6697,Hubris,1.6483,9355
16.5,3rd Item,2501,Overlord's Bloodmail,-1.919,245
16.5,3rd Item,2504,Kaenic Rookern,1.2358,127
16.5,3rd Item,2517,Endless Hunger,0.9827,28948
16.5,3rd Item,2523,Hexoptics C44,-0.1146,1037
16.5,3rd Item,3004,Manamune,-0.089,879
16.5,3rd Item,3026,Guardian Angel,2.703,617
16.5,3rd Item,3031,Infinity Edge,0.1318,29154
16.5,3rd Item,3033,Mortal Reminder,0.6096,8871
16.5,3rd Item,3036,Lord Dominik's Regards,0.4382,10708
16.5,3rd Item,3071,Black Cleaver,1.8825,8396
16.5,3rd Item,3072,Bloodthirster,-0.4221,1063
16.5,3rd Item,3094,Rapid Firecannon,-0.739,108903
16.5,3rd Item,3097,Stormrazor,0.6158,124
16.5,3rd Item,3139,Mercurial Scimitar,6.3608,195
16.5,3rd Item,3143,Randuin's Omen,3.1729,189
16.5,3rd Item,3156,Maw of Malmortius,1.7417,718
16.5,3rd Item,3157,Zhonya's Hourglass,1.8938,101
16.5,3rd Item,3161,Spear of Shojin,0.8492,10577
16.5,3rd Item,3508,Essence Reaver,-4.0413,120
16.5,3rd Item,3814,Edge of Night,2.0503,552
16.5,3rd Item,6333,Death's Dance,7.1716,257
16.5,3rd Item,6609,Chempunk Chainsword,1.7821,109
16.5,3rd Item,6653,Liandry's Torment,-1.3792,135
16.5,3rd Item,6673,Immortal Shieldbow,1.5817,2119
16.5,3rd Item,6694,Serylda's Grudge,-0.5721,286
16.5,3rd Item,6695,Serpent's Fang,2.2536,974
16.5,3rd Item,6697,Hubris,3.1394,521
16.5,4th+ Item,2501,Overlord's Bloodmail,0.3449,3115
16.5,4th+ Item,2504,Kaenic Rookern,-1.3928,677
16.5,4th+ Item,2517,Endless Hunger,0.3437,11554
16.5,4th+ Item,2523,Hexoptics C44,-0.5105,2525
16.5,4th+ Item,3004,Manamune,2.2442,239
16.5,4th+ Item,3026,Guardian Angel,2.456,19780
16.5,4th+ Item,3031,Infinity Edge,-0.8396,57227
16.5,4th+ Item,3033,Mortal Reminder,0.2743,18215
16.5,4th+ Item,3036,Lord Dominik's Regards,0.9138,33946
16.5,4th+ Item,3053,Sterak's Gage,-0.7855,252
16.5,4th+ Item,3065,Spirit Visage,7.0495,106
16.5,4th+ Item,3071,Black Cleaver,0.4883,6327
16.5,4th+ Item,3072,Bloodthirster,-1.5545,12691
16.5,4th+ Item,3094,Rapid Firecannon,-0.3309,23822
16.5,4th+ Item,3097,Stormrazor,-1.6902,192
16.5,4th+ Item,3110,Frozen Heart,-1.3308,213
16.5,4th+ Item,3139,Mercurial Scimitar,-1.4638,1933
16.5,4th+ Item,3143,Randuin's Omen,0.5314,1205
16.5,4th+ Item,3156,Maw of Malmortius,-0.3617,2871
16.5,4th+ Item,3157,Zhonya's Hourglass,-5.1639,995
16.5,4th+ Item,3161,Spear of Shojin,0.0002,5052
16.5,4th+ Item,3814,Edge of Night,3.2319,1292
16.5,4th+ Item,6333,Death's Dance,0.6315,1094
16.5,4th+ Item,6609,Chempunk Chainsword,0.7962,645
16.5,4th+ Item,6653,Liandry's Torment,0.6069,381
16.5,4th+ Item,6665,"Jak'Sho, The Protean",-3.0044,779
16.5,4th+ Item,6673,Immortal Shieldbow,-0.4797,7635
16.5,4th+ Item,6676,The Collector,-7.1266,102
16.5,4th+ Item,6694,Serylda's Grudge,-1.6617,512
16.5,4th+ Item,6695,Serpent's Fang,-0.5302,1902
16.5,4th+ Item,6697,Hubris,0.0646,354
16.5,All Items,2501,Overlord's Bloodmail,0.2051,3431
16.5,All Items,2504,Kaenic Rookern,-0.7755,879
16.5,All Items,2517,Endless Hunger,0.778,41973
16.5,All Items,2523,Hexoptics C44,-0.6617,4554
16.5,All Items,3004,Manamune,0.1054,4881
16.5,All Items,3026,Guardian Angel,2.4427,21931
16.5,All Items,3031,Infinity Edge,-0.6618,107020
16.5,All Items,3033,Mortal Reminder,0.3681,28403
16.5,All Items,3036,Lord Dominik's Regards,0.7305,46038
16.5,All Items,3053,Sterak's Gage,-1.0031,329
16.5,All Items,3065,Spirit Visage,4.5812,150
16.5,All Items,3071,Black Cleaver,1.3476,16994
16.5,All Items,3072,Bloodthirster,-1.3658,15435
16.5,All Items,3078,Trinity Force,-2.702,7852
16.5,All Items,3094,Rapid Firecannon,-0.7817,148409
16.5,All Items,3097,Stormrazor,0.4933,596
16.5,All Items,3110,Frozen Heart,0.2816,296
16.5,All Items,3139,Mercurial Scimitar,-0.8601,2295
16.5,All Items,3143,Randuin's Omen,0.8249,1541
16.5,All Items,3156,Maw of Malmortius,0.2595,4025
16.5,All Items,3157,Zhonya's Hourglass,-4.4557,1314
16.5,All Items,3161,Spear of Shojin,0.169,212048
16.5,All Items,3508,Essence Reaver,0.1006,262821
16.5,All Items,3748,Titanic Hydra,-1.8621,117
16.5,All Items,3814,Edge of Night,2.2559,3209
16.5,All Items,4401,Force of Nature,-1.8594,108
16.5,All Items,6333,Death's Dance,1.7707,1494
16.5,All Items,6609,Chempunk Chainsword,0.7676,806
16.5,All Items,6653,Liandry's Torment,-0.2214,569
16.5,All Items,6662,Iceborn Gauntlet,-2.4536,129
16.5,All Items,6665,"Jak'Sho, The Protean",-2.1124,951
16.5,All Items,6673,Immortal Shieldbow,0.1114,10896
16.5,All Items,6675,Navori Flickerblade,-8.6463,154
16.5,All Items,6676,The Collector,-1.3257,558
16.5,All Items,6694,Serylda's Grudge,-1.0283,846
16.5,All Items,6695,Serpent's Fang,0.5331,3729
16.5,All Items,6697,Hubris,1.2895,13828
16.6,Keystone,8005,Press the Attack,1.1988,7242
16.6,Keystone,8008,Lethal Tempo,0.1734,884
16.6,Keystone,8010,Conqueror,1.3262,857
16.6,Keystone,8021,Fleet Footwork,-0.1564,220751
16.6,Keystone,8112,Electrocute,0.1096,128
16.6,Keystone,8128,Dark Harvest,-2.0299,1038
16.6,Keystone,8229,Arcane Comet,0.415,39166
16.6,Keystone,8369,First Strike,4.0737,3254
16.6,Keystone,8437,Grasp of the Undying,-4.6803,387
16.6,Spell,1,Cleanse,0.1028,11113
16.6,Spell,3,Exhaust,-0.3025,4143
16.6,Spell,4,Flash,-0.0001,273927
16.6,Spell,6,Ghost,0.571,2252
16.6,Spell,7,Heal,-2.6207,1690
16.6,Spell,12,Teleport,-0.61,12345
16.6,Spell,14,Ignite,-6.5988,352
16.6,Spell,21,Barrier,0.0543,242106
16.6,Starter,1036,Long Sword,-1.5844,652
16.6,Starter,1054,Doran's Shield,-1.8895,931
16.6,Starter,1055,Doran's Blade,0.1588,258568
16.6,Starter,1056,Doran's Ring,-2.9109,8442
16.6,Starter,1083,Cull,-2.7164,3945
16.6,Starter,3070,Tear of the Goddess,-4.0434,662
16.6,Boots,3006,Berserker's Greaves,-8.4041,276
16.6,Boots,3009,Boots of Swiftness,0.4341,85196
16.6,Boots,3047,Plated Steelcaps,2.467,13658
16.6,Boots,3111,Mercury's Treads,0.6389,7171
16.6,Boots,3158,Ionian Boots of Lucidity,-0.3743,149810
16.6,1st Item,2523,Hexoptics C44,0.4728,180
16.6,1st Item,3004,Manamune,0.7106,321
16.6,1st Item,3072,Bloodthirster,3.1041,128
16.6,1st Item,3078,Trinity Force,-2.2014,8480
16.6,1st Item,3161,Spear of Shojin,-3.6713,697
16.6,1st Item,3508,Essence Reaver,0.0789,239527
16.6,1st Item,6697,Hubris,0.4301,13296
16.6,2nd Item,2517,Endless Hunger,0.1878,2385
16.6,2nd Item,2523,Hexoptics C44,-2.149,945
16.6,2nd Item,3004,Manamune,1.5522,2278
16.6,2nd Item,3031,Infinity Edge,-1.6021,17675
16.6,2nd Item,3033,Mortal Reminder,1.9735,1065
16.6,2nd Item,3036,Lord Dominik's Regards,-0.7725,1081
16.6,2nd Item,3071,Black Cleaver,2.1477,2195
16.6,2nd Item,3072,Bloodthirster,-1.6354,398
16.6,2nd Item,3078,Trinity Force,-0.2395,266
16.6,2nd Item,3094,Rapid Firecannon,-1.567,15647
16.6,2nd Item,3097,Stormrazor,1.1754,215
16.6,2nd Item,3156,Maw of Malmortius,2.4412,265
16.6,2nd Item,3161,Spear of Shojin,0.1238,183268
16.6,2nd Item,3508,Essence Reaver,0.6656,10810
16.6,2nd Item,3814,Edge of Night,3.6603,855
16.6,2nd Item,6673,Immortal Shieldbow,1.7769,526
16.6,2nd Item,6676,The Collector,0.9467,202
16.6,2nd Item,6695,Serpent's Fang,0.4341,719
16.6,2nd Item,6696,Axiom Arc,3.7951,214
16.6,2nd Item,6697,Hubris,1.5008,6082
16.6,3rd Item,2501,Overlord's Bloodmail,2.2538,216
16.6,3rd Item,2504,Kaenic Rookern,2.31,107
16.6,3rd Item,2517,Endless Hunger,1.3037,32123
16.6,3rd Item,2523,Hexoptics C44,-2.6489,828
16.6,3rd Item,3004,Manamune,0.9418,523
16.6,3rd Item,3026,Guardian Angel,0.2921,664
16.6,3rd Item,3031,Infinity Edge,-0.4277,26022
16.6,3rd Item,3033,Mortal Reminder,0.9672,8703
16.6,3rd Item,3036,Lord Dominik's Regards,0.3361,10726
16.6,3rd Item,3071,Black Cleaver,1.8005,7733
16.6,3rd Item,3072,Bloodthirster,0.832,874
16.6,3rd Item,3094,Rapid Firecannon,-0.7383,102168
16.6,3rd Item,3139,Mercurial Scimitar,0.0855,190
16.6,3rd Item,3143,Randuin's Omen,0.5975,174
16.6,3rd Item,3156,Maw of Malmortius,0.4297,737
16.6,3rd Item,3157,Zhonya's Hourglass,-7.398,124
16.6,3rd Item,3161,Spear of Shojin,1.1846,10547
16.6,3rd Item,3508,Essence Reaver,3.9025,191
16.6,3rd Item,3814,Edge of Night,3.4366,438
16.6,3rd Item,6333,Death's Dance,4.281,243
16.6,3rd Item,6609,Chempunk Chainsword,0.2488,117
16.6,3rd Item,6653,Liandry's Torment,-5.0705,126
16.6,3rd Item,6673,Immortal Shieldbow,2.193,1789
16.6,3rd Item,6694,Serylda's Grudge,2.0167,294
16.6,3rd Item,6695,Serpent's Fang,0.7083,1055
16.6,3rd Item,6697,Hubris,0.8581,478
16.6,4th+ Item,2501,Overlord's Bloodmail,0.6817,4040
16.6,4th+ Item,2504,Kaenic Rookern,2.1991,648
16.6,4th+ Item,2517,Endless Hunger,0.0845,17153
16.6,4th+ Item,2523,Hexoptics C44,-2.0957,1853
16.6,4th+ Item,3004,Manamune,-3.5422,170
16.6,4th+ Item,3026,Guardian Angel,2.7055,19267
16.6,4th+ Item,3031,Infinity Edge,-0.9608,52991
16.6,4th+ Item,3033,Mortal Reminder,-0.0022,17472
16.6,4th+ Item,3036,Lord Dominik's Regards,0.6379,32421
16.6,4th+ Item,3053,Sterak's Gage,-1.2289,192
16.6,4th+ Item,3065,Spirit Visage,0.9278,123
16.6,4th+ Item,3071,Black Cleaver,1.0,7877
16.6,4th+ Item,3072,Bloodthirster,-1.5329,7597
16.6,4th+ Item,3094,Rapid Firecannon,-1.0117,20880
16.6,4th+ Item,3097,Stormrazor,0.2775,180
16.6,4th+ Item,3110,Frozen Heart,2.74,182
16.6,4th+ Item,3139,Mercurial Scimitar,-0.7168,1726
16.6,4th+ Item,3143,Randuin's Omen,1.3825,1123
16.6,4th+ Item,3156,Maw of Malmortius,2.0181,2705
16.6,4th+ Item,3157,Zhonya's Hourglass,-2.9384,919
16.6,4th+ Item,3161,Spear of Shojin,0.3728,5049
16.6,4th+ Item,3814,Edge of Night,3.1217,1039
16.6,4th+ Item,6333,Death's Dance,1.9668,802
16.6,4th+ Item,6609,Chempunk Chainsword,1.999,638
16.6,4th+ Item,6653,Liandry's Torment,-1.9145,322
16.6,4th+ Item,6665,"Jak'Sho, The Protean",-1.3804,651
16.6,4th+ Item,6673,Immortal Shieldbow,-0.5878,6383
16.6,4th+ Item,6694,Serylda's Grudge,0.3535,449
16.6,4th+ Item,6695,Serpent's Fang,-0.8993,1768
16.6,4th+ Item,6697,Hubris,-1.3879,663
16.6,All Items,2501,Overlord's Bloodmail,0.7456,4322
16.6,All Items,2504,Kaenic Rookern,1.5727,822
16.6,All Items,2517,Endless Hunger,0.8267,52216
16.6,All Items,2523,Hexoptics C44,-2.1102,3877
16.6,All Items,3004,Manamune,1.1207,3293
16.6,All Items,3026,Guardian Angel,2.6013,21445
16.6,All Items,3031,Infinity Edge,-0.9439,97090
16.6,All Items,3033,Mortal Reminder,0.3525,27442
16.6,All Items,3036,Lord Dominik's Regards,0.5294,44531
16.6,All Items,3053,Sterak's Gage,-1.674,256
16.6,All Items,3065,Spirit Visage,-2.4613,153
16.6,All Items,3071,Black Cleaver,1.4804,17852
16.6,All Items,3072,Bloodthirster,-1.1892,9947
16.6,All Items,3074,Ravenous Hydra,0.4242,119
16.6,All Items,3078,Trinity Force,-2.1595,8853
16.6,All Items,3094,Rapid Firecannon,-0.873,138927
16.6,All Items,3097,Stormrazor,0.9014,544
16.6,All Items,3110,Frozen Heart,3.1251,269
16.6,All Items,3139,Mercurial Scimitar,-0.9418,2114
16.6,All Items,3143,Randuin's Omen,0.9969,1427
16.6,All Items,3156,Maw of Malmortius,1.6505,3880
16.6,All Items,3157,Zhonya's Hourglass,-3.0149,1233
16.6,All Items,3161,Spear of Shojin,0.1724,199673
16.6,All Items,3508,Essence Reaver,0.108,250614
16.6,All Items,3748,Titanic Hydra,-3.9011,113
16.6,All Items,3814,Edge of Night,3.1232,2421
16.6,All Items,6333,Death's Dance,2.161,1179
16.6,All Items,6609,Chempunk Chainsword,1.755,800
16.6,All Items,6653,Liandry's Torment,-4.2606,501
16.6,All Items,6662,Iceborn Gauntlet,-1.5945,120
16.6,All Items,6665,"Jak'Sho, The Protean",-1.2061,782
16.6,All Items,6673,Immortal Shieldbow,0.222,9142
16.6,All Items,6675,Navori Flickerblade,-3.807,187
16.6,All Items,6676,The Collector,-2.6659,495
16.6,All Items,6694,Serylda's Grudge,0.507,805
16.6,All Items,6695,Serpent's Fang,0.0693,3691
16.6,All Items,6696,Axiom Arc,4.2682,249
16.6,All Items,6697,Hubris,0.698,20546
16.7,Keystone,8005,Press the Attack,-0.2888,7090
16.7,Keystone,8008,Lethal Tempo,-4.0414,985
16.7,Keystone,8010,Conqueror,-1.6094,896
16.7,Keystone,8021,Fleet Footwork,-0.2129,230155
16.7,Keystone,8112,Electrocute,-11.3235,201
16.7,Keystone,8128,Dark Harvest,-0.2588,1309
16.7,Keystone,8229,Arcane Comet,0.8433,50187
16.7,Keystone,8230,Stormraider's Surge,-3.5058,116
16.7,Keystone,8369,First Strike,3.2358,5917
16.7,Keystone,8437,Grasp of the Undying,-2.4123,354
16.7,Spell,1,Cleanse,0.441,12331
16.7,Spell,3,Exhaust,1.555,4563
16.7,Spell,4,Flash,0.001,297376
16.7,Spell,6,Ghost,0.1661,2438
16.7,Spell,7,Heal,-1.8734,1667
16.7,Spell,12,Teleport,-0.1924,18167
16.7,Spell,14,Ignite,-5.8806,337
16.7,Spell,21,Barrier,-0.018,257937
16.7,Starter,1036,Long Sword,-3.0538,731
16.7,Starter,1054,Doran's Shield,-0.7965,1070
16.7,Starter,1055,Doran's Blade,0.1492,281007
16.7,Starter,1056,Doran's Ring,-3.1802,9279
16.7,Starter,1083,Cull,-1.3145,4034
16.7,Starter,3070,Tear of the Goddess,-7.0551,534
16.7,Boots,3006,Berserker's Greaves,-4.2417,278
16.7,Boots,3009,Boots of Swiftness,0.1004,97430
16.7,Boots,3047,Plated Steelcaps,2.8871,17022
16.7,Boots,3111,Mercury's Treads,0.3486,8639
16.7,Boots,3158,Ionian Boots of Lucidity,-0.5228,154760
16.7,1st Item,2523,Hexoptics C44,-2.6785,138
16.7,1st Item,3004,Manamune,-1.3638,254
16.7,1st Item,3031,Infinity Edge,1.7152,108
16.7,1st Item,3072,Bloodthirster,-4.5909,134
16.7,1st Item,3078,Trinity Force,-1.8151,8466
16.7,1st Item,3161,Spear of Shojin,-3.6753,671
16.7,1st Item,3508,Essence Reaver,0.1529,232312
16.7,1st Item,6695,Serpent's Fang,3.6011,152
16.7,1st Item,6697,Hubris,-0.3562,43239
16.7,2nd Item,2517,Endless Hunger,0.2611,2677
16.7,2nd Item,2523,Hexoptics C44,-1.7464,1137
16.7,2nd Item,3004,Manamune,0.7079,2097
16.7,2nd Item,3031,Infinity Edge,-0.9204,16052
16.7,2nd Item,3033,Mortal Reminder,2.5003,1266
16.7,2nd Item,3036,Lord Dominik's Regards,0.7247,1130
16.7,2nd Item,3071,Black Cleaver,3.8207,2647
16.7,2nd Item,3072,Bloodthirster,1.5489,380
16.7,2nd Item,3078,Trinity Force,-0.4671,375
16.7,2nd Item,3094,Rapid Firecannon,-1.9901,15563
16.7,2nd Item,3097,Stormrazor,2.0462,223
16.7,2nd Item,3156,Maw of Malmortius,-1.9212,258
16.7,2nd Item,3161,Spear of Shojin,0.1596,179230
16.7,2nd Item,3508,Essence Reaver,0.0666,37487
16.7,2nd Item,3814,Edge of Night,1.9471,546
16.7,2nd Item,6673,Immortal Shieldbow,-0.7127,518
16.7,2nd Item,6676,The Collector,-7.5081,260
16.7,2nd Item,6695,Serpent's Fang,1.3774,894
16.7,2nd Item,6696,Axiom Arc,1.6206,412
16.7,2nd Item,6697,Hubris,0.22,5876
16.7,3rd Item,2501,Overlord's Bloodmail,6.1287,180
16.7,3rd Item,2504,Kaenic Rookern,-4.4451,110
16.7,3rd Item,2517,Endless Hunger,1.5098,27122
16.7,3rd Item,2523,Hexoptics C44,2.293,956
16.7,3rd Item,3004,Manamune,-0.7607,551
16.7,3rd Item,3026,Guardian Angel,2.2437,674
16.7,3rd Item,3031,Infinity Edge,-0.4213,28029
16.7,3rd Item,3033,Mortal Reminder,0.6262,9163
16.7,3rd Item,3036,Lord Dominik's Regards,0.8324,12052
16.7,3rd Item,3071,Black Cleaver,0.9613,8382
16.7,3rd Item,3072,Bloodthirster,-1.3625,773
16.7,3rd Item,3094,Rapid Firecannon,-0.6651,118036
16.7,3rd Item,3097,Stormrazor,-0.0144,113
16.7,3rd Item,3139,Mercurial Scimitar,-0.5276,189
16.7,3rd Item,3143,Randuin's Omen,2.913,169
16.7,3rd Item,3156,Maw of Malmortius,0.2554,836
16.7,3rd Item,3157,Zhonya's Hourglass,0.3272,138
16.7,3rd Item,3161,Spear of Shojin,0.993,14101
16.7,3rd Item,3508,Essence Reaver,0.0974,405
16.7,3rd Item,3814,Edge of Night,3.6521,576
16.7,3rd Item,6333,Death's Dance,3.44,251
16.7,3rd Item,6609,Chempunk Chainsword,-1.6185,114
16.7,3rd Item,6653,Liandry's Torment,-2.0671,104
16.7,3rd Item,6673,Immortal Shieldbow,1.2634,1350
16.7,3rd Item,6694,Serylda's Grudge,2.4221,624
16.7,3rd Item,6695,Serpent's Fang,2.7061,1094
16.7,3rd Item,6697,Hubris,-0.0304,733
16.7,4th+ Item,2501,Overlord's Bloodmail,0.2812,3420
16.7,4th+ Item,2504,Kaenic Rookern,-1.3105,690
16.7,4th+ Item,2517,Endless Hunger,0.1887,20054
16.7,4th+ Item,2523,Hexoptics C44,-1.2458,1689
16.7,4th+ Item,3004,Manamune,3.2736,143
16.7,4th+ Item,3026,Guardian Angel,2.2153,20621
16.7,4th+ Item,3031,Infinity Edge,-0.5525,60502
16.7,4th+ Item,3033,Mortal Reminder,0.3282,18643
16.7,4th+ Item,3036,Lord Dominik's Regards,0.3857,38435
16.7,4th+ Item,3053,Sterak's Gage,-0.3053,215
16.7,4th+ Item,3071,Black Cleaver,0.7994,7128
16.7,4th+ Item,3072,Bloodthirster,-1.9326,7315
16.7,4th+ Item,3094,Rapid Firecannon,-0.902,21826
16.7,4th+ Item,3097,Stormrazor,-5.3346,141
16.7,4th+ Item,3110,Frozen Heart,-0.9655,185
16.7,4th+ Item,3139,Mercurial Scimitar,-1.0092,1795
16.7,4th+ Item,3143,Randuin's Omen,-1.9235,1247
16.7,4th+ Item,3156,Maw of Malmortius,0.4396,2787
16.7,4th+ Item,3157,Zhonya's Hourglass,-1.0856,1036
16.7,4th+ Item,3161,Spear of Shojin,0.0212,6578
16.7,4th+ Item,3814,Edge of Night,0.9721,1470
16.7,4th+ Item,6333,Death's Dance,2.1499,997
16.7,4th+ Item,6609,Chempunk Chainsword,-2.0204,662
16.7,4th+ Item,6653,Liandry's Torment,-2.9025,340
16.7,4th+ Item,6665,"Jak'Sho, The Protean",-2.0245,697
16.7,4th+ Item,6673,Immortal Shieldbow,-0.2102,6605
16.7,4th+ Item,6676,The Collector,5.0593,110
16.7,4th+ Item,6694,Serylda's Grudge,-0.4612,606
16.7,4th+ Item,6695,Serpent's Fang,-0.0598,1946
16.7,4th+ Item,6697,Hubris,0.7396,759
16.7,All Items,2501,Overlord's Bloodmail,0.5497,3665
16.7,All Items,2504,Kaenic Rookern,-1.8822,887
16.7,All Items,2517,Endless Hunger,0.8843,50548
16.7,All Items,2523,Hexoptics C44,-0.7054,4003
16.7,All Items,3004,Manamune,0.3941,3046
16.7,All Items,3026,Guardian Angel,2.3367,22967
16.7,All Items,3031,Infinity Edge,-0.5832,105110
16.7,All Items,3033,Mortal Reminder,0.4988,29282
16.7,All Items,3036,Lord Dominik's Regards,0.5048,51944
16.7,All Items,3053,Sterak's Gage,-1.0735,294
16.7,All Items,3065,Spirit Visage,4.2238,107
16.7,All Items,3071,Black Cleaver,1.3026,18221
16.7,All Items,3072,Bloodthirster,-1.6251,9618
16.7,All Items,3074,Ravenous Hydra,-1.3764,103
16.7,All Items,3078,Trinity Force,-1.751,8966
16.7,All Items,3094,Rapid Firecannon,-0.8324,155664
16.7,All Items,3097,Stormrazor,-1.9343,540
16.7,All Items,3110,Frozen Heart,-0.66,250
16.7,All Items,3139,Mercurial Scimitar,-0.6881,2153
16.7,All Items,3142,Youmuu's Ghostblade,8.3784,139
16.7,All Items,3143,Randuin's Omen,-1.0374,1576
16.7,All Items,3156,Maw of Malmortius,0.1388,4064
16.7,All Items,3157,Zhonya's Hourglass,-1.5084,1444
16.7,All Items,3161,Spear of Shojin,0.2005,200732
16.7,All Items,3508,Essence Reaver,0.1386,270323
16.7,All Items,3814,Edge of Night,1.564,2729
16.7,All Items,6333,Death's Dance,1.9479,1384
16.7,All Items,6609,Chempunk Chainsword,-2.4419,818
16.7,All Items,6653,Liandry's Torment,-3.2307,518
16.7,All Items,6662,Iceborn Gauntlet,0.2459,129
16.7,All Items,6665,"Jak'Sho, The Protean",-1.7255,844
16.7,All Items,6673,Immortal Shieldbow,0.0646,8942
16.7,All Items,6675,Navori Flickerblade,-10.768,171
16.7,All Items,6676,The Collector,-3.6532,553
16.7,All Items,6694,Serylda's Grudge,0.6275,1303
16.7,All Items,6695,Serpent's Fang,1.0674,4147
16.7,All Items,6696,Axiom Arc,2.2761,497
16.7,All Items,6697,Hubris,-0.2664,50664
16.8,Keystone,8005,Press the Attack,1.36,3960
16.8,Keystone,8008,Lethal Tempo,-3.0324,689
16.8,Keystone,8010,Conqueror,-0.4908,609
16.8,Keystone,8021,Fleet Footwork,-0.3257,162638
16.8,Keystone,8112,Electrocute,-2.4415,135
16.8,Keystone,8128,Dark Harvest,-2.2406,1056
16.8,Keystone,8229,Arcane Comet,0.6502,34927
16.8,Keystone,8369,First Strike,4.6861,6314
16.8,Keystone,8437,Grasp of the Undying,0.4051,309
16.8,Spell,1,Cleanse,0.597,8477
16.8,Spell,3,Exhaust,0.1094,2992
16.8,Spell,4,Flash,0.0007,210822
16.8,Spell,6,Ghost,0.407,1479
16.8,Spell,7,Heal,-1.6443,1155
16.8,Spell,12,Teleport,0.2222,15141
16.8,Spell,14,Ignite,-1.9114,225
16.8,Spell,21,Barrier,-0.0395,181399
16.8,Starter,1036,Long Sword,-1.6962,504
16.8,Starter,1054,Doran's Shield,0.0166,816
16.8,Starter,1055,Doran's Blade,0.1363,200248
16.8,Starter,1056,Doran's Ring,-3.2651,6279
16.8,Starter,1083,Cull,-2.1205,2415
16.8,Starter,3070,Tear of the Goddess,-1.6464,380
16.8,Boots,3006,Berserker's Greaves,-3.3674,246
16.8,Boots,3009,Boots of Swiftness,0.3788,69293
16.8,Boots,3047,Plated Steelcaps,2.0148,15466
16.8,Boots,3111,Mercury's Treads,0.0341,6482
16.8,Boots,3158,Ionian Boots of Lucidity,-0.4936,112480
16.8,1st Item,2523,Hexoptics C44,-2.8169,114
16.8,1st Item,3004,Manamune,-2.6907,184
16.8,1st Item,3078,Trinity Force,-1.7577,2026
16.8,1st Item,3161,Spear of Shojin,-1.8465,578
16.8,1st Item,3508,Essence Reaver,0.3313,138172
16.8,1st Item,6676,The Collector,-2.1879,102
16.8,1st Item,6695,Serpent's Fang,-0.9042,137
16.8,1st Item,6697,Hubris,-0.5437,68128
16.8,2nd Item,2517,Endless Hunger,-0.1026,1837
16.8,2nd Item,2523,Hexoptics C44,0.8572,687
16.8,2nd Item,3004,Manamune,-0.6833,1058
16.8,2nd Item,3031,Infinity Edge,-0.4879,10125
16.8,2nd Item,3033,Mortal Reminder,2.1618,807
16.8,2nd Item,3036,Lord Dominik's Regards,-1.4654,762
16.8,2nd Item,3071,Black Cleaver,3.4469,1935
16.8,2nd Item,3072,Bloodthirster,-3.0508,237
16.8,2nd Item,3078,Trinity Force,0.2205,449
16.8,2nd Item,3094,Rapid Firecannon,-1.4624,10775
16.8,2nd Item,3156,Maw of Malmortius,1.9309,198
16.8,2nd Item,3161,Spear of Shojin,0.2812,104300
16.8,2nd Item,3508,Essence Reaver,-0.2184,57995
16.8,2nd Item,3814,Edge of Night,0.7372,285
16.8,2nd Item,6673,Immortal Shieldbow,-2.4705,205
16.8,2nd Item,6676,The Collector,-0.7143,323
16.8,2nd Item,6694,Serylda's Grudge,0.6225,109
16.8,2nd Item,6695,Serpent's Fang,0.9208,661
16.8,2nd Item,6696,Axiom Arc,0.5009,275
16.8,2nd Item,6697,Hubris,-0.6475,4835
16.8,3rd Item,2501,Overlord's Bloodmail,2.0898,183
16.8,3rd Item,2517,Endless Hunger,1.2377,16931
16.8,3rd Item,2523,Hexoptics C44,-3.8776,779
16.8,3rd Item,3004,Manamune,2.7437,306
16.8,3rd Item,3026,Guardian Angel,0.5185,473
16.8,3rd Item,3031,Infinity Edge,-0.2987,20474
16.8,3rd Item,3033,Mortal Reminder,1.0253,6471
16.8,3rd Item,3036,Lord Dominik's Regards,0.5804,8635
16.8,3rd Item,3071,Black Cleaver,1.7584,5417
16.8,3rd Item,3072,Bloodthirster,0.7393,477
16.8,3rd Item,3094,Rapid Firecannon,-0.6083,88661
16.8,3rd Item,3139,Mercurial Scimitar,1.0005,115
16.8,3rd Item,3143,Randuin's Omen,5.4356,125
16.8,3rd Item,3156,Maw of Malmortius,0.0368,528
16.8,3rd Item,3161,Spear of Shojin,1.1194,13301
16.8,3rd Item,3508,Essence Reaver,-3.4387,575
16.8,3rd Item,3814,Edge of Night,2.0076,353
16.8,3rd Item,6333,Death's Dance,6.7142,159
16.8,3rd Item,6673,Immortal Shieldbow,2.6039,735
16.8,3rd Item,6694,Serylda's Grudge,0.9424,325
16.8,3rd Item,6695,Serpent's Fang,2.7536,853
16.8,3rd Item,6697,Hubris,0.2271,701
16.8,4th+ Item,2501,Overlord's Bloodmail,-0.8226,2130
16.8,4th+ Item,2504,Kaenic Rookern,-0.9201,461
16.8,4th+ Item,2517,Endless Hunger,0.2966,14466
16.8,4th+ Item,2523,Hexoptics C44,-1.056,1185
16.8,4th+ Item,3026,Guardian Angel,2.4101,14741
16.8,4th+ Item,3031,Infinity Edge,-0.8057,46074
16.8,4th+ Item,3033,Mortal Reminder,0.1335,13990
16.8,4th+ Item,3036,Lord Dominik's Regards,0.7935,29584
16.8,4th+ Item,3053,Sterak's Gage,3.5871,147
16.8,4th+ Item,3071,Black Cleaver,-0.5023,3361
16.8,4th+ Item,3072,Bloodthirster,0.0252,4880
16.8,4th+ Item,3094,Rapid Firecannon,-1.5975,17316
16.8,4th+ Item,3097,Stormrazor,-1.1815,115
16.8,4th+ Item,3110,Frozen Heart,3.7638,128
16.8,4th+ Item,3139,Mercurial Scimitar,0.8023,1371
16.8,4th+ Item,3143,Randuin's Omen,0.7597,911
16.8,4th+ Item,3156,Maw of Malmortius,0.9363,2153
16.8,4th+ Item,3157,Zhonya's Hourglass,-5.4077,754
16.8,4th+ Item,3161,Spear of Shojin,-0.1696,7360
16.8,4th+ Item,3508,Essence Reaver,-1.0174,128
16.8,4th+ Item,3814,Edge of Night,2.3868,1140
16.8,4th+ Item,6333,Death's Dance,3.9578,665
16.8,4th+ Item,6609,Chempunk Chainsword,1.4133,420
16.8,4th+ Item,6653,Liandry's Torment,-2.0588,200
16.8,4th+ Item,6665,"Jak'Sho, The Protean",-1.5479,475
16.8,4th+ Item,6673,Immortal Shieldbow,0.702,2417
16.8,4th+ Item,6694,Serylda's Grudge,1.1976,378
16.8,4th+ Item,6695,Serpent's Fang,0.9491,1548
16.8,4th+ Item,6697,Hubris,-0.6234,925
16.8,All Items,2501,Overlord's Bloodmail,-0.5749,2374
16.8,All Items,2504,Kaenic Rookern,-0.3778,604
16.8,All Items,2517,Endless Hunger,0.7525,33789
16.8,All Items,2523,Hexoptics C44,-1.6147,2825
16.8,All Items,3004,Manamune,-0.0718,1632
16.8,All Items,3026,Guardian Angel,2.4316,16489
16.8,All Items,3031,Infinity Edge,-0.6232,77047
16.8,All Items,3033,Mortal Reminder,0.4663,21434
16.8,All Items,3036,Lord Dominik's Regards,0.6953,39237
16.8,All Items,3053,Sterak's Gage,3.0297,203
16.8,All Items,3065,Spirit Visage,2.1653,106
16.8,All Items,3071,Black Cleaver,1.3373,10766
16.8,All Items,3072,Bloodthirster,-0.1972,6399
16.8,All Items,3078,Trinity Force,-1.4248,2666
16.8,All Items,3094,Rapid Firecannon,-0.8364,116941
16.8,All Items,3097,Stormrazor,1.5668,322
16.8,All Items,3110,Frozen Heart,3.1344,185
16.8,All Items,3139,Mercurial Scimitar,0.2577,1636
16.8,All Items,3142,Youmuu's Ghostblade,1.3192,127
16.8,All Items,3143,Randuin's Omen,0.9527,1141
16.8,All Items,3156,Maw of Malmortius,0.4916,3015
16.8,All Items,3157,Zhonya's Hourglass,-4.9346,1020
16.8,All Items,3161,Spear of Shojin,0.3303,125741
16.8,All Items,3508,Essence Reaver,0.1567,196893
16.8,All Items,3814,Edge of Night,1.9608,1871
16.8,All Items,6333,Death's Dance,4.0031,902
16.8,All Items,6609,Chempunk Chainsword,2.5874,527
16.8,All Items,6653,Liandry's Torment,-4.1068,292
16.8,All Items,6665,"Jak'Sho, The Protean",-0.8645,591
16.8,All Items,6673,Immortal Shieldbow,0.8811,3563
16.8,All Items,6675,Navori Flickerblade,-5.1226,113
16.8,All Items,6676,The Collector,-1.2409,588
16.8,All Items,6694,Serylda's Grudge,1.094,819
16.8,All Items,6695,Serpent's Fang,1.3227,3244
16.8,All Items,6696,Axiom Arc,-0.3419,348
16.8,All Items,6697,Hubris,-0.5473,74657
16.9,Keystone,8005,Press the Attack,-2.3305,1968
16.9,Keystone,8008,Lethal Tempo,-5.7676,757
16.9,Keystone,8010,Conqueror,-3.7944,427
16.9,Keystone,8021,Fleet Footwork,-4.0577,93062
16.9,Keystone,8112,Electrocute,-3.9405,118
16.9,Keystone,8128,Dark Harvest,-4.1199,578
16.9,Keystone,8229,Arcane Comet,-4.281,16038
16.9,Keystone,8230,Stormraider's Surge,-2.608,2112
16.9,Keystone,8369,First Strike,-0.684,1950
16.9,Keystone,8437,Grasp of the Undying,-3.5313,228
16.9,Keystone,8992,Deathfire Touch,1.1535,405345
16.9,Spell,1,Cleanse,0.5475,25477
16.9,Spell,3,Exhaust,-0.9646,6073
16.9,Spell,4,Flash,0.0019,522687
16.9,Spell,6,Ghost,-3.2816,2903
16.9,Spell,7,Heal,-3.9119,2489
16.9,Spell,12,Teleport,-0.6647,22562
16.9,Spell,14,Ignite,-6.6706,806
16.9,Spell,21,Barrier,0.0661,462475
16.9,Starter,1036,Long Sword,-3.5178,690
16.9,Starter,1054,Doran's Shield,-4.1714,1511
16.9,Starter,1055,Doran's Blade,0.1723,497190
16.9,Starter,1056,Doran's Ring,-4.5055,12644
16.9,Starter,1083,Cull,-0.8521,4125
16.9,Starter,1086,Doran's Bow,-2.5798,4818
16.9,Starter,1120,Doran's Helm,-0.459,925
16.9,Starter,3070,Tear of the Goddess,-8.6989,425
16.9,Boots,3006,Berserker's Greaves,-7.5861,281
16.9,Boots,3008,Gluttonous Greaves,1.4629,247644
16.9,Boots,3009,Boots of Swiftness,-0.9883,76888
16.9,Boots,3047,Plated Steelcaps,1.9595,23105
16.9,Boots,3111,Mercury's Treads,-0.8535,10405
16.9,Boots,3158,Ionian Boots of Lucidity,-2.0435,152477
16.9,1st Item,2523,Hexoptics C44,-5.2782,182
16.9,1st Item,3004,Manamune,-3.4361,208
16.9,1st Item,3071,Black Cleaver,-1.1663,1390
16.9,1st Item,3078,Trinity Force,-2.0665,2743
16.9,1st Item,3087,Statikk Shiv,-2.5244,196
16.9,1st Item,3161,Spear of Shojin,-3.3891,976
16.9,1st Item,3508,Essence Reaver,0.4031,453369
16.9,1st Item,6676,The Collector,-10.5472,153
16.9,1st Item,6695,Serpent's Fang,-1.0517,151
16.9,1st Item,6697,Hubris,-2.6863,60534
16.9,1st Item,6699,Voltaic Cyclosword,-9.0114,342
16.9,2nd Item,2517,Endless Hunger,0.1344,3135
16.9,2nd Item,2523,Hexoptics C44,-2.5854,997
16.9,2nd Item,3004,Manamune,-0.3103,1317
16.9,2nd Item,3031,Infinity Edge,-3.7782,10853
16.9,2nd Item,3033,Mortal Reminder,-2.2582,1072
16.9,2nd Item,3036,Lord Dominik's Regards,-1.4326,860
16.9,2nd Item,3071,Black Cleaver,1.9084,246008
16.9,2nd Item,3072,Bloodthirster,0.463,273
16.9,2nd Item,3078,Trinity Force,-2.9296,431
16.9,2nd Item,3087,Statikk Shiv,-7.1959,180
16.9,2nd Item,3094,Rapid Firecannon,-3.7361,13296
16.9,2nd Item,3097,Stormrazor,-1.1164,101
16.9,2nd Item,3156,Maw of Malmortius,-0.72,401
16.9,2nd Item,3161,Spear of Shojin,-1.6069,158156
16.9,2nd Item,3508,Essence Reaver,-2.1808,44826
16.9,2nd Item,3814,Edge of Night,-0.8225,217
16.9,2nd Item,6673,Immortal Shieldbow,1.6456,221
16.9,2nd Item,6676,The Collector,-4.7668,314
16.9,2nd Item,6695,Serpent's Fang,-1.9038,926
16.9,2nd Item,6696,Axiom Arc,-4.138,476
16.9,2nd Item,6697,Hubris,-1.3267,5916
16.9,2nd Item,6699,Voltaic Cyclosword,-4.5359,395
16.9,3rd Item,2501,Overlord's Bloodmail,1.2759,397
16.9,3rd Item,2504,Kaenic Rookern,1.1989,140
16.9,3rd Item,2517,Endless Hunger,0.0756,26097
16.9,3rd Item,2523,Hexoptics C44,-1.6584,1003
16.9,3rd Item,3004,Manamune,-1.6957,451
16.9,3rd Item,3026,Guardian Angel,2.8065,781
16.9,3rd Item,3031,Infinity Edge,-1.7237,25270
16.9,3rd Item,3033,Mortal Reminder,-1.1002,6541
16.9,3rd Item,3036,Lord Dominik's Regards,-0.3175,7342
16.9,3rd Item,3071,Black Cleaver,1.194,39862
16.9,3rd Item,3072,Bloodthirster,-3.2468,669
16.9,3rd Item,3087,Statikk Shiv,-1.3099,112
16.9,3rd Item,3094,Rapid Firecannon,-2.4134,109569
16.9,3rd Item,3139,Mercurial Scimitar,-0.8574,209
16.9,3rd Item,3143,Randuin's Omen,3.0906,237
16.9,3rd Item,3156,Maw of Malmortius,1.061,1164
16.9,3rd Item,3157,Zhonya's Hourglass,-5.5328,195
16.9,3rd Item,3161,Spear of Shojin,1.4741,185472
16.9,3rd Item,3508,Essence Reaver,-2.0291,855
16.9,3rd Item,3814,Edge of Night,0.277,434
16.9,3rd Item,6333,Death's Dance,1.9204,523
16.9,3rd Item,6609,Chempunk Chainsword,0.6061,440
16.9,3rd Item,6653,Liandry's Torment,-2.5279,232
16.9,3rd Item,6665,"Jak'Sho, The Protean",-1.7688,113
16.9,3rd Item,6673,Immortal Shieldbow,-0.7265,885
16.9,3rd Item,6676,The Collector,0.2726,121
16.9,3rd Item,6694,Serylda's Grudge,-2.339,197
16.9,3rd Item,6695,Serpent's Fang,0.0883,1556
16.9,3rd Item,6697,Hubris,-0.3334,1182
16.9,3rd Item,6699,Voltaic Cyclosword,-1.5595,217
16.9,4th+ Item,2501,Overlord's Bloodmail,0.4615,8593
16.9,4th+ Item,2504,Kaenic Rookern,0.9782,1167
16.9,4th+ Item,2517,Endless Hunger,0.9847,110714
16.9,4th+ Item,2523,Hexoptics C44,-1.9724,2456
16.9,4th+ Item,3004,Manamune,-2.2849,115
16.9,4th+ Item,3026,Guardian Angel,2.4191,39682
16.9,4th+ Item,3031,Infinity Edge,-1.6269,75669
16.9,4th+ Item,3033,Mortal Reminder,-0.6136,12975
16.9,4th+ Item,3036,Lord Dominik's Regards,-0.5329,25084
16.9,4th+ Item,3053,Sterak's Gage,1.1118,421
16.9,4th+ Item,3065,Spirit Visage,-0.1948,282
16.9,4th+ Item,3071,Black Cleaver,0.559,8853
16.9,4th+ Item,3072,Bloodthirster,-1.7935,9328
16.9,4th+ Item,3087,Statikk Shiv,-2.6138,138
16.9,4th+ Item,3094,Rapid Firecannon,-0.5772,76763
16.9,4th+ Item,3097,Stormrazor,-7.6664,250
16.9,4th+ Item,3110,Frozen Heart,0.4872,388
16.9,4th+ Item,3139,Mercurial Scimitar,-0.3462,3459
16.9,4th+ Item,3143,Randuin's Omen,1.3869,2221
16.9,4th+ Item,3156,Maw of Malmortius,1.7131,6522
16.9,4th+ Item,3157,Zhonya's Hourglass,-4.0808,2324
16.9,4th+ Item,3161,Spear of Shojin,0.1497,19262
16.9,4th+ Item,3508,Essence Reaver,-1.8562,291
16.9,4th+ Item,3742,Dead Man's Plate,4.1594,111
16.9,4th+ Item,3748,Titanic Hydra,-2.0837,237
16.9,4th+ Item,3814,Edge of Night,1.7465,1773
16.9,4th+ Item,4401,Force of Nature,2.8685,217
16.9,4th+ Item,6333,Death's Dance,1.337,3375
16.9,4th+ Item,6609,Chempunk Chainsword,-0.5027,4275
16.9,4th+ Item,6653,Liandry's Torment,-3.2987,863
16.9,4th+ Item,6665,"Jak'Sho, The Protean",-2.2562,1306
16.9,4th+ Item,6673,Immortal Shieldbow,-0.8584,4116
16.9,4th+ Item,6676,The Collector,-5.857,210
16.9,4th+ Item,6694,Serylda's Grudge,-2.007,346
16.9,4th+ Item,6695,Serpent's Fang,1.4025,3312
16.9,4th+ Item,6697,Hubris,-1.3934,2200
16.9,4th+ Item,6699,Voltaic Cyclosword,-0.5155,322
16.9,All Items,2501,Overlord's Bloodmail,0.4556,9308
16.9,All Items,2503,Blackfire Torch,-5.6888,108
16.9,All Items,2504,Kaenic Rookern,0.9784,1438
16.9,All Items,2517,Endless Hunger,0.773,140925
16.9,All Items,2523,Hexoptics C44,-2.1032,4758
16.9,All Items,3004,Manamune,-1.0232,2092
16.9,All Items,3026,Guardian Angel,2.3807,43564
16.9,All Items,3031,Infinity Edge,-1.8399,113207
16.9,All Items,3033,Mortal Reminder,-0.8521,20941
16.9,All Items,3036,Lord Dominik's Regards,-0.4854,33787
16.9,All Items,3053,Sterak's Gage,1.5268,514
16.9,All Items,3065,Spirit Visage,0.2032,333
16.9,All Items,3071,Black Cleaver,1.7561,296193
16.9,All Items,3072,Bloodthirster,-1.7415,11927
16.9,All Items,3074,Ravenous Hydra,1.2461,126
16.9,All Items,3078,Trinity Force,-2.1645,3421
16.9,All Items,3087,Statikk Shiv,-3.7268,644
16.9,All Items,3094,Rapid Firecannon,-1.7872,200263
16.9,All Items,3097,Stormrazor,-5.0065,490
16.9,All Items,3110,Frozen Heart,-0.0383,526
16.9,All Items,3139,Mercurial Scimitar,-0.4242,4002
16.9,All Items,3143,Randuin's Omen,1.4892,2709
16.9,All Items,3156,Maw of Malmortius,1.3223,8471
16.9,All Items,3157,Zhonya's Hourglass,-3.7342,3024
16.9,All Items,3161,Spear of Shojin,0.0533,364124
16.9,All Items,3508,Essence Reaver,0.1642,499408
16.9,All Items,3742,Dead Man's Plate,3.4978,145
16.9,All Items,3748,Titanic Hydra,-3.362,269
16.9,All Items,3814,Edge of Night,1.5551,2543
16.9,All Items,4401,Force of Nature,2.0178,271
16.9,All Items,6333,Death's Dance,1.2607,4162
16.9,All Items,6609,Chempunk Chainsword,-0.4528,4874
16.9,All Items,6653,Liandry's Torment,-2.5759,1209
16.9,All Items,6662,Iceborn Gauntlet,-0.0357,214
16.9,All Items,6665,"Jak'Sho, The Protean",-2.0165,1589
16.9,All Items,6673,Immortal Shieldbow,-0.5917,5628
16.9,All Items,6675,Navori Flickerblade,-9.6838,117
16.9,All Items,6676,The Collector,-5.4878,822
16.9,All Items,6694,Serylda's Grudge,-2.2389,631
16.9,All Items,6695,Serpent's Fang,0.3393,6061
16.9,All Items,6696,Axiom Arc,-4.2924,561
16.9,All Items,6697,Hubris,-2.489,69969
16.9,All Items,6699,Voltaic Cyclosword,-4.2625,1292
16.10,Keystone,8005,Press the Attack,-8.0268,821
16.10,Keystone,8008,Lethal Tempo,-9.7046,785
16.10,Keystone,8010,Conqueror,-11.8552,301
16.10,Keystone,8021,Fleet Footwork,-7.007,18273
16.10,Keystone,8112,Electrocute,-15.7436,120
16.10,Keystone,8128,Dark Harvest,-9.8367,352
16.10,Keystone,8229,Arcane Comet,-5.4946,1033
16.10,Keystone,8230,Stormraider's Surge,-2.2384,433
16.10,Keystone,8369,First Strike,-0.5855,455
16.10,Keystone,8437,Grasp of the Undying,0.6351,150
16.10,Keystone,8992,Deathfire Touch,0.2791,573845
16.10,Spell,1,Cleanse,-0.2117,31035
16.10,Spell,3,Exhaust,-0.9222,5807
16.10,Spell,4,Flash,0.0008,596679
16.10,Spell,6,Ghost,-1.1318,2968
16.10,Spell,7,Heal,-3.2552,2342
16.10,Spell,12,Teleport,-1.1486,17746
16.10,Spell,14,Ignite,-5.8456,506
16.10,Spell,21,Barrier,0.0854,536351
16.10,Starter,1036,Long Sword,-3.8166,666
16.10,Starter,1054,Doran's Shield,-3.7127,2162
16.10,Starter,1055,Doran's Blade,0.1009,564009
16.10,Starter,1056,Doran's Ring,-3.088,12848
16.10,Starter,1083,Cull,-1.5523,3967
16.10,Starter,1086,Doran's Bow,-0.5009,6168
16.10,Starter,1120,Doran's Helm,0.7604,6143
16.10,Starter,3070,Tear of the Goddess,-5.9516,363
16.10,Boots,3006,Berserker's Greaves,-6.9756,297
16.10,Boots,3008,Gluttonous Greaves,0.5833,345048
16.10,Boots,3009,Boots of Swiftness,-0.4315,66096
16.10,Boots,3047,Plated Steelcaps,-0.1961,21485
16.10,Boots,3111,Mercury's Treads,0.3669,10685
16.10,Boots,3158,Ionian Boots of Lucidity,-1.0311,126662
16.10,1st Item,3004,Manamune,-6.5475,177
16.10,1st Item,3071,Black Cleaver,-1.4641,3097
16.10,1st Item,3078,Trinity Force,-2.1462,1393
16.10,1st Item,3161,Spear of Shojin,-5.3115,601
16.10,1st Item,3508,Essence Reaver,0.239,554952
16.10,1st Item,6697,Hubris,-3.4425,33212
16.10,2nd Item,2517,Endless Hunger,-3.2117,2362
16.10,2nd Item,2523,Hexoptics C44,-5.0574,487
16.10,2nd Item,3004,Manamune,-1.5338,1002
16.10,2nd Item,3031,Infinity Edge,-4.1828,6649
16.10,2nd Item,3033,Mortal Reminder,-1.8981,843
16.10,2nd Item,3036,Lord Dominik's Regards,-3.2019,491
16.10,2nd Item,3071,Black Cleaver,0.4768,463027
16.10,2nd Item,3072,Bloodthirster,-1.9574,158
16.10,2nd Item,3078,Trinity Force,-3.4938,251
16.10,2nd Item,3094,Rapid Firecannon,-4.6358,9168
16.10,2nd Item,3156,Maw of Malmortius,1.2157,360
16.10,2nd Item,3161,Spear of Shojin,-1.8047,40463
16.10,2nd Item,3508,Essence Reaver,-2.0008,24954
16.10,2nd Item,3814,Edge of Night,0.6346,104
16.10,2nd Item,6673,Immortal Shieldbow,0.631,145
16.10,2nd Item,6676,The Collector,-4.059,178
16.10,2nd Item,6695,Serpent's Fang,-1.0331,730
16.10,2nd Item,6697,Hubris,-1.6001,4062
16.10,2nd Item,6699,Voltaic Cyclosword,-4.6833,160
16.10,3rd Item,2501,Overlord's Bloodmail,-0.1981,331
16.10,3rd Item,2504,Kaenic Rookern,-0.6155,157
16.10,3rd Item,2517,Endless Hunger,0.3893,49539
16.10,3rd Item,2523,Hexoptics C44,-2.1734,493
16.10,3rd Item,3004,Manamune,-1.5526,400
16.10,3rd Item,3026,Guardian Angel,2.8545,800
16.10,3rd Item,3031,Infinity Edge,-1.9505,14126
16.10,3rd Item,3033,Mortal Reminder,-1.4907,2418
16.10,3rd Item,3036,Lord Dominik's Regards,-0.6335,2305
16.10,3rd Item,3071,Black Cleaver,0.8428,22784
16.10,3rd Item,3072,Bloodthirster,-3.9318,467
16.10,3rd Item,3094,Rapid Firecannon,-1.7325,70081
16.10,3rd Item,3139,Mercurial Scimitar,3.9555,226
16.10,3rd Item,3143,Randuin's Omen,2.2585,275
16.10,3rd Item,3156,Maw of Malmortius,3.3643,1371
16.10,3rd Item,3157,Zhonya's Hourglass,-10.0292,231
16.10,3rd Item,3161,Spear of Shojin,0.4096,286547
16.10,3rd Item,3508,Essence Reaver,-0.2503,601
16.10,3rd Item,3814,Edge of Night,-0.2284,318
16.10,3rd Item,6333,Death's Dance,1.045,512
16.10,3rd Item,6609,Chempunk Chainsword,-0.3547,763
16.10,3rd Item,6653,Liandry's Torment,-4.3902,163
16.10,3rd Item,6673,Immortal Shieldbow,-3.2446,464
16.10,3rd Item,6694,Serylda's Grudge,0.8259,115
16.10,3rd Item,6695,Serpent's Fang,0.4486,1671
16.10,3rd Item,6697,Hubris,-0.8967,1822
16.10,3rd Item,6699,Voltaic Cyclosword,-0.0684,119
16.10,4th+ Item,2501,Overlord's Bloodmail,-0.2352,11691
16.10,4th+ Item,2504,Kaenic Rookern,0.8645,1117
16.10,4th+ Item,2517,Endless Hunger,0.4516,126272
16.10,4th+ Item,2523,Hexoptics C44,-1.2059,1769
16.10,4th+ Item,3004,Manamune,-2.9294,128
16.10,4th+ Item,3026,Guardian Angel,2.1296,50726
16.10,4th+ Item,3031,Infinity Edge,-1.3989,61077
16.10,4th+ Item,3033,Mortal Reminder,0.4512,5749
16.10,4th+ Item,3036,Lord Dominik's Regards,-0.4789,7193
16.10,4th+ Item,3053,Sterak's Gage,1.9741,371
16.10,4th+ Item,3065,Spirit Visage,-0.7245,297
16.10,4th+ Item,3071,Black Cleaver,-0.2346,4562
16.10,4th+ Item,3072,Bloodthirster,-1.4011,7796
16.10,4th+ Item,3094,Rapid Firecannon,-0.4964,116603
16.10,4th+ Item,3097,Stormrazor,-0.7671,205
16.10,4th+ Item,3110,Frozen Heart,-0.2033,401
16.10,4th+ Item,3139,Mercurial Scimitar,-0.4371,3750
16.10,4th+ Item,3143,Randuin's Omen,0.6587,2438
16.10,4th+ Item,3156,Maw of Malmortius,1.2669,6100
16.10,4th+ Item,3157,Zhonya's Hourglass,-3.0782,2240
16.10,4th+ Item,3161,Spear of Shojin,0.1655,41079
16.10,4th+ Item,3508,Essence Reaver,-0.4156,289
16.10,4th+ Item,3748,Titanic Hydra,-1.637,121
16.10,4th+ Item,3814,Edge of Night,1.4552,1424
16.10,4th+ Item,4401,Force of Nature,0.3626,200
16.10,4th+ Item,6333,Death's Dance,1.6026,2235
16.10,4th+ Item,6609,Chempunk Chainsword,-0.8108,5261
16.10,4th+ Item,6653,Liandry's Torment,0.121,631
16.10,4th+ Item,6665,"Jak'Sho, The Protean",-1.4932,1293
16.10,4th+ Item,6673,Immortal Shieldbow,-1.5227,3731
16.10,4th+ Item,6676,The Collector,-4.8027,162
16.10,4th+ Item,6694,Serylda's Grudge,1.943,148
16.10,4th+ Item,6695,Serpent's Fang,-0.0117,3126
16.10,4th+ Item,6697,Hubris,-1.7942,1335
16.10,4th+ Item,6699,Voltaic Cyclosword,-1.4533,234
16.10,All Items,2501,Overlord's Bloodmail,-0.2566,12519
16.10,All Items,2504,Kaenic Rookern,0.0529,1409
16.10,All Items,2517,Endless Hunger,0.388,179078
16.10,All Items,2523,Hexoptics C44,-2.2623,2941
16.10,All Items,3004,Manamune,-2.1627,1707
16.10,All Items,3026,Guardian Angel,2.1397,54582
16.10,All Items,3031,Infinity Edge,-1.7119,83541
16.10,All Items,3033,Mortal Reminder,-0.4432,9270
16.10,All Items,3036,Lord Dominik's Regards,-0.5554,10317
16.10,All Items,3053,Sterak's Gage,1.5585,438
16.10,All Items,3065,Spirit Visage,0.3867,355
16.10,All Items,3071,Black Cleaver,0.4744,493534
16.10,All Items,3072,Bloodthirster,-1.5093,10223
16.10,All Items,3078,Trinity Force,-2.2687,1821
16.10,All Items,3087,Statikk Shiv,-5.7595,128
16.10,All Items,3094,Rapid Firecannon,-1.133,196514
16.10,All Items,3097,Stormrazor,-2.5165,373
16.10,All Items,3110,Frozen Heart,0.4312,552
16.10,All Items,3139,Mercurial Scimitar,-0.3333,4349
16.10,All Items,3143,Randuin's Omen,0.6136,2987
16.10,All Items,3156,Maw of Malmortius,1.6752,8234
16.10,All Items,3157,Zhonya's Hourglass,-3.1514,3003
16.10,All Items,3161,Spear of Shojin,0.1275,368961
16.10,All Items,3508,Essence Reaver,0.1424,580840
16.10,All Items,3742,Dead Man's Plate,-6.5951,110
16.10,All Items,3748,Titanic Hydra,0.0157,155
16.10,All Items,3814,Edge of Night,1.1797,1965
16.10,All Items,4401,Force of Nature,0.5781,255
16.10,All Items,6333,Death's Dance,1.3925,2978
16.10,All Items,6609,Chempunk Chainsword,-0.7318,6236
16.10,All Items,6653,Liandry's Torment,-1.068,882
16.10,All Items,6662,Iceborn Gauntlet,-1.371,124
16.10,All Items,6665,"Jak'Sho, The Protean",-1.7842,1554
16.10,All Items,6673,Immortal Shieldbow,-1.3764,4736
16.10,All Items,6675,Navori Flickerblade,-5.7291,122
16.10,All Items,6676,The Collector,-3.889,558
16.10,All Items,6694,Serylda's Grudge,1.1492,310
16.10,All Items,6695,Serpent's Fang,-0.1516,5722
16.10,All Items,6697,Hubris,-3.078,40556
16.10,All Items,6699,Voltaic Cyclosword,-2.5016,562
16.11,Keystone,8005,Press the Attack,-6.0688,1011
16.11,Keystone,8008,Lethal Tempo,-7.554,448
16.11,Keystone,8010,Conqueror,-8.1497,286
16.11,Keystone,8021,Fleet Footwork,-3.7592,10107
16.11,Keystone,8128,Dark Harvest,-3.329,315
16.11,Keystone,8229,Arcane Comet,-2.2328,1127
16.11,Keystone,8230,Stormraider's Surge,2.0918,293
16.11,Keystone,8369,First Strike,-3.6989,542
16.11,Keystone,8437,Grasp of the Undying,-3.4082,194
16.11,Keystone,8992,Deathfire Touch,0.2404,238069
16.11,Spell,1,Cleanse,0.4212,11223
16.11,Spell,3,Exhaust,0.0796,2821
16.11,Spell,4,Flash,0.004,252524
16.11,Spell,6,Ghost,-1.0427,1609
16.11,Spell,7,Heal,-1.8534,1564
16.11,Spell,12,Teleport,-1.0315,7591
16.11,Spell,14,Ignite,-8.435,321
16.11,Spell,21,Barrier,0.0402,227489
16.11,Starter,1036,Long Sword,0.4164,402
16.11,Starter,1054,Doran's Shield,-4.238,1124
16.11,Starter,1055,Doran's Blade,0.1689,230912
16.11,Starter,1056,Doran's Ring,-2.6717,8105
16.11,Starter,1083,Cull,-3.4982,2458
16.11,Starter,1086,Doran's Bow,-1.6011,4634
16.11,Starter,1120,Doran's Helm,1.2748,4442
16.11,Starter,3070,Tear of the Goddess,-8.072,278
16.11,Boots,3006,Berserker's Greaves,-2.1268,199
16.11,Boots,3008,Gluttonous Greaves,0.4588,117852
16.11,Boots,3009,Boots of Swiftness,-0.0961,38705
16.11,Boots,3047,Plated Steelcaps,1.2006,10021
16.11,Boots,3111,Mercury's Treads,1.3156,5391
16.11,Boots,3158,Ionian Boots of Lucidity,-0.5221,67654
16.11,1st Item,2523,Hexoptics C44,-6.9777,109
16.11,1st Item,3004,Manamune,-8.347,172
16.11,1st Item,3071,Black Cleaver,2.2961,449
16.11,1st Item,3078,Trinity Force,-1.951,774
16.11,1st Item,3161,Spear of Shojin,-5.2293,285
16.11,1st Item,3508,Essence Reaver,0.3233,223888
16.11,1st Item,6697,Hubris,-2.5456,25264
16.11,2nd Item,2517,Endless Hunger,-1.1903,2090
16.11,2nd Item,2523,Hexoptics C44,-2.3823,764
16.11,2nd Item,3004,Manamune,-1.7288,663
16.11,2nd Item,3031,Infinity Edge,-1.1162,11570
16.11,2nd Item,3033,Mortal Reminder,0.5219,904
16.11,2nd Item,3036,Lord Dominik's Regards,-0.678,728
16.11,2nd Item,3071,Black Cleaver,0.4242,150919
16.11,2nd Item,3072,Bloodthirster,-2.8932,173
16.11,2nd Item,3078,Trinity Force,-2.4034,139
16.11,2nd Item,3094,Rapid Firecannon,-2.3389,11194
16.11,2nd Item,3156,Maw of Malmortius,-1.9566,230
16.11,2nd Item,3161,Spear of Shojin,-0.1327,30240
16.11,2nd Item,3508,Essence Reaver,-0.5484,20836
16.11,2nd Item,3814,Edge of Night,3.5866,123
16.11,2nd Item,6673,Immortal Shieldbow,1.5396,231
16.11,2nd Item,6676,The Collector,0.1767,200
16.11,2nd Item,6695,Serpent's Fang,-2.5283,400
16.11,2nd Item,6697,Hubris,-0.1577,3437
16.11,3rd Item,2501,Overlord's Bloodmail,-0.0547,185
16.11,3rd Item,2517,Endless Hunger,0.0466,17501
16.11,3rd Item,2523,Hexoptics C44,-0.0851,482
16.11,3rd Item,3004,Manamune,0.7491,212
16.11,3rd Item,3026,Guardian Angel,2.393,576
16.11,3rd Item,3031,Infinity Edge,-0.3935,14410
16.11,3rd Item,3033,Mortal Reminder,1.0178,2878
16.11,3rd Item,3036,Lord Dominik's Regards,1.3062,4192
16.11,3rd Item,3071,Black Cleaver,0.0693,12294
16.11,3rd Item,3072,Bloodthirster,-2.3827,323
16.11,3rd Item,3094,Rapid Firecannon,-0.6339,48655
16.11,3rd Item,3139,Mercurial Scimitar,3.6216,138
16.11,3rd Item,3143,Randuin's Omen,-1.3704,114
16.11,3rd Item,3156,Maw of Malmortius,3.5716,761
16.11,3rd Item,3157,Zhonya's Hourglass,-6.2034,108
16.11,3rd Item,3161,Spear of Shojin,0.307,84688
16.11,3rd Item,3508,Essence Reaver,-0.6473,451
16.11,3rd Item,3814,Edge of Night,1.7366,174
16.11,3rd Item,6333,Death's Dance,-1.3867,340
16.11,3rd Item,6609,Chempunk Chainsword,1.5789,335
16.11,3rd Item,6673,Immortal Shieldbow,-3.2307,504
16.11,3rd Item,6694,Serylda's Grudge,-5.7227,102
16.11,3rd Item,6695,Serpent's Fang,0.9202,672
16.11,3rd Item,6697,Hubris,-0.8099,1078
16.11,4th+ Item,2501,Overlord's Bloodmail,-1.4895,3446
16.11,4th+ Item,2504,Kaenic Rookern,0.1437,509
16.11,4th+ Item,2517,Endless Hunger,0.323,30945
16.11,4th+ Item,2523,Hexoptics C44,-0.1614,1176
16.11,4th+ Item,3026,Guardian Angel,1.8129,20589
16.11,4th+ Item,3031,Infinity Edge,-0.4582,33061
16.11,4th+ Item,3033,Mortal Reminder,0.7545,6120
16.11,4th+ Item,3036,Lord Dominik's Regards,1.7506,7869
16.11,4th+ Item,3053,Sterak's Gage,-3.5216,112
16.11,4th+ Item,3071,Black Cleaver,0.1936,2954
16.11,4th+ Item,3072,Bloodthirster,-0.3562,4293
16.11,4th+ Item,3094,Rapid Firecannon,-0.6413,43735
16.11,4th+ Item,3097,Stormrazor,-2.8973,129
16.11,4th+ Item,3110,Frozen Heart,-5.8199,122
16.11,4th+ Item,3139,Mercurial Scimitar,-1.4154,1422
16.11,4th+ Item,3143,Randuin's Omen,-0.9687,848
16.11,4th+ Item,3156,Maw of Malmortius,0.5882,2306
16.11,4th+ Item,3157,Zhonya's Hourglass,-2.2877,870
16.11,4th+ Item,3161,Spear of Shojin,-0.3659,16977
16.11,4th+ Item,3508,Essence Reaver,-1.3699,124
16.11,4th+ Item,3814,Edge of Night,0.8669,535
16.11,4th+ Item,6333,Death's Dance,1.2863,951
16.11,4th+ Item,6609,Chempunk Chainsword,-0.7173,1898
16.11,4th+ Item,6653,Liandry's Torment,-2.7375,251
16.11,4th+ Item,6665,"Jak'Sho, The Protean",-0.9639,473
16.11,4th+ Item,6673,Immortal Shieldbow,-0.6069,2501
16.11,4th+ Item,6676,The Collector,0.2914,111
16.11,4th+ Item,6694,Serylda's Grudge,-1.1173,138
16.11,4th+ Item,6695,Serpent's Fang,1.3624,1266
16.11,4th+ Item,6697,Hubris,-1.4945,553
16.11,All Items,2501,Overlord's Bloodmail,-1.6693,3866
16.11,All Items,2504,Kaenic Rookern,0.7083,672
16.11,All Items,2517,Endless Hunger,0.1658,51022
16.11,All Items,2523,Hexoptics C44,-1.0721,2570
16.11,All Items,3004,Manamune,-2.226,1123
16.11,All Items,3026,Guardian Angel,1.8299,22350
16.11,All Items,3031,Infinity Edge,-0.5872,59591
16.11,All Items,3033,Mortal Reminder,0.7841,10047
16.11,All Items,3036,Lord Dominik's Regards,1.4297,13013
16.11,All Items,3053,Sterak's Gage,-1.6777,152
16.11,All Items,3065,Spirit Visage,-1.8169,107
16.11,All Items,3071,Black Cleaver,0.3972,166646
16.11,All Items,3072,Bloodthirster,-0.6448,5450
16.11,All Items,3078,Trinity Force,-2.0887,984
16.11,All Items,3094,Rapid Firecannon,-0.8267,103776
16.11,All Items,3097,Stormrazor,-0.3919,292
16.11,All Items,3110,Frozen Heart,-3.3702,183
16.11,All Items,3139,Mercurial Scimitar,-0.9307,1694
16.11,All Items,3143,Randuin's Omen,-1.0997,1069
16.11,All Items,3156,Maw of Malmortius,1.1522,3449
16.11,All Items,3157,Zhonya's Hourglass,-1.9112,1178
16.11,All Items,3161,Spear of Shojin,0.1071,132333
16.11,All Items,3508,Essence Reaver,0.2461,245316
16.11,All Items,3814,Edge of Night,1.6722,882
16.11,All Items,6333,Death's Dance,0.0557,1411
16.11,All Items,6609,Chempunk Chainsword,-0.2704,2302
16.11,All Items,6653,Liandry's Torment,-2.6724,387
16.11,All Items,6665,"Jak'Sho, The Protean",-0.3882,579
16.11,All Items,6673,Immortal Shieldbow,-0.6712,3405
16.11,All Items,6675,Navori Flickerblade,-2.8793,141
16.11,All Items,6676,The Collector,-2.2985,457
16.11,All Items,6694,Serylda's Grudge,-2.2626,289
16.11,All Items,6695,Serpent's Fang,0.253,2452
16.11,All Items,6697,Hubris,-2.1813,30369
16.11,All Items,6699,Voltaic Cyclosword,-5.8819,255
16.12,Keystone,8005,Press the Attack,-4.4778,747
16.12,Keystone,8008,Lethal Tempo,-11.2354,303
16.12,Keystone,8010,Conqueror,-7.902,205
16.12,Keystone,8021,Fleet Footwork,-3.4632,7017
16.12,Keystone,8128,Dark Harvest,-4.5165,356
16.12,Keystone,8229,Arcane Comet,-4.0965,709
16.12,Keystone,8230,Stormraider's Surge,-8.2858,224
16.12,Keystone,8369,First Strike,-3.4035,303
16.12,Keystone,8437,Grasp of the Undying,-1.3028,190
16.12,Keystone,8992,Deathfire Touch,0.2498,163672
16.12,Spell,1,Cleanse,0.3383,6674
16.12,Spell,3,Exhaust,-0.9985,2187
16.12,Spell,4,Flash,-0.0017,173818
16.12,Spell,6,Ghost,-2.4965,1492
16.12,Spell,7,Heal,-3.1174,1206
16.12,Spell,12,Teleport,-1.0556,6179
16.12,Spell,14,Ignite,0.4264,242
16.12,Spell,21,Barrier,0.0907,155882
16.12,Starter,1036,Long Sword,-0.7033,313
16.12,Starter,1054,Doran's Shield,0.6693,768
16.12,Starter,1055,Doran's Blade,0.0908,143813
16.12,Starter,1056,Doran's Ring,-3.4246,6298
16.12,Starter,1083,Cull,-1.3413,2004
16.12,Starter,1086,Doran's Bow,-1.1473,3547
16.12,Starter,1120,Doran's Helm,1.0035,16611
16.12,Starter,3070,Tear of the Goddess,-5.1151,342
16.12,Boots,3006,Berserker's Greaves,-6.0316,210
16.12,Boots,3008,Gluttonous Greaves,0.7275,75648
16.12,Boots,3009,Boots of Swiftness,-0.2528,30589
16.12,Boots,3047,Plated Steelcaps,0.5956,6812
16.12,Boots,3111,Mercury's Treads,0.2987,4164
16.12,Boots,3158,Ionian Boots of Lucidity,-0.5418,48151
16.12,1st Item,3004,Manamune,-6.305,184
16.12,1st Item,3071,Black Cleaver,-1.808,265
16.12,1st Item,3078,Trinity Force,-7.6602,637
16.12,1st Item,3161,Spear of Shojin,-3.7625,257
16.12,1st Item,3508,Essence Reaver,0.3326,152439
16.12,1st Item,6697,Hubris,-2.1455,18836
16.12,2nd Item,2517,Endless Hunger,-1.0701,1495
16.12,2nd Item,2523,Hexoptics C44,-4.4126,405
16.12,2nd Item,3004,Manamune,-2.258,690
16.12,2nd Item,3031,Infinity Edge,-0.228,8516
16.12,2nd Item,3033,Mortal Reminder,0.111,933
16.12,2nd Item,3036,Lord Dominik's Regards,-1.933,618
16.12,2nd Item,3071,Black Cleaver,0.4985,97751
16.12,2nd Item,3072,Bloodthirster,-0.0281,182
16.12,2nd Item,3078,Trinity Force,2.1113,128
16.12,2nd Item,3094,Rapid Firecannon,-2.0884,9463
16.12,2nd Item,3156,Maw of Malmortius,2.7959,219
16.12,2nd Item,3161,Spear of Shojin,-0.5921,22553
16.12,2nd Item,3508,Essence Reaver,-0.1852,15032
16.12,2nd Item,3814,Edge of Night,-4.0332,107
16.12,2nd Item,6673,Immortal Shieldbow,-6.9161,157
16.12,2nd Item,6676,The Collector,-1.3377,161
16.12,2nd Item,6695,Serpent's Fang,-3.4958,387
16.12,2nd Item,6697,Hubris,-0.6472,2985
16.12,3rd Item,2517,Endless Hunger,0.6946,10338
16.12,3rd Item,2523,Hexoptics C44,-1.9499,267
16.12,3rd Item,3004,Manamune,-1.7273,215
16.12,3rd Item,3026,Guardian Angel,3.5206,368
16.12,3rd Item,3031,Infinity Edge,-0.6251,11724
16.12,3rd Item,3033,Mortal Reminder,1.3428,2778
16.12,3rd Item,3036,Lord Dominik's Regards,1.7125,3203
16.12,3rd Item,3071,Black Cleaver,-0.1072,9117
16.12,3rd Item,3072,Bloodthirster,-1.3317,281
16.12,3rd Item,3094,Rapid Firecannon,-0.8866,33886
16.12,3rd Item,3139,Mercurial Scimitar,3.8539,121
16.12,3rd Item,3156,Maw of Malmortius,3.385,619
16.12,3rd Item,3161,Spear of Shojin,0.3536,55690
16.12,3rd Item,3508,Essence Reaver,0.8678,697
16.12,3rd Item,3814,Edge of Night,-3.5801,144
16.12,3rd Item,6333,Death's Dance,4.0761,642
16.12,3rd Item,6609,Chempunk Chainsword,-2.2816,231
16.12,3rd Item,6673,Immortal Shieldbow,-0.4622,355
16.12,3rd Item,6695,Serpent's Fang,-0.7972,534
16.12,3rd Item,6697,Hubris,0.3319,345
16.12,4th+ Item,2501,Overlord's Bloodmail,-0.3472,826
16.12,4th+ Item,2504,Kaenic Rookern,4.177,415
16.12,4th+ Item,2517,Endless Hunger,0.1656,17536
16.12,4th+ Item,2523,Hexoptics C44,-1.6612,699
16.12,4th+ Item,3026,Guardian Angel,1.4528,15074
16.12,4th+ Item,3031,Infinity Edge,-0.8274,24961
16.12,4th+ Item,3033,Mortal Reminder,1.3268,5558
16.12,4th+ Item,3036,Lord Dominik's Regards,1.9265,5675
16.12,4th+ Item,3071,Black Cleaver,0.5886,2013
16.12,4th+ Item,3072,Bloodthirster,-0.8318,3128
16.12,4th+ Item,3094,Rapid Firecannon,-0.4695,31092
16.12,4th+ Item,3097,Stormrazor,1.9105,107
16.12,4th+ Item,3110,Frozen Heart,-1.5108,106
16.12,4th+ Item,3139,Mercurial Scimitar,0.5154,1057
16.12,4th+ Item,3143,Randuin's Omen,-1.0861,718
16.12,4th+ Item,3156,Maw of Malmortius,0.3,1675
16.12,4th+ Item,3157,Zhonya's Hourglass,-2.3465,677
16.12,4th+ Item,3161,Spear of Shojin,-0.0925,11617
16.12,4th+ Item,3814,Edge of Night,2.5662,483
16.12,4th+ Item,6333,Death's Dance,1.2947,717
16.12,4th+ Item,6609,Chempunk Chainsword,-2.7043,1233
16.12,4th+ Item,6653,Liandry's Torment,-0.7435,208
16.12,4th+ Item,6665,"Jak'Sho, The Protean",-3.0124,445
16.12,4th+ Item,6673,Immortal Shieldbow,0.8233,1848
16.12,4th+ Item,6695,Serpent's Fang,-0.3757,917
16.12,4th+ Item,6697,Hubris,-3.2879,459
16.12,All Items,2501,Overlord's Bloodmail,-0.5818,962
16.12,All Items,2504,Kaenic Rookern,3.5009,538
16.12,All Items,2517,Endless Hunger,0.2538,29717
16.12,All Items,2523,Hexoptics C44,-2.4899,1457
16.12,All Items,3004,Manamune,-2.5771,1163
16.12,All Items,3026,Guardian Angel,1.5712,16319
16.12,All Items,3031,Infinity Edge,-0.6722,45546
16.12,All Items,3033,Mortal Reminder,1.2167,9388
16.12,All Items,3036,Lord Dominik's Regards,1.5905,9657
16.12,All Items,3053,Sterak's Gage,4.3402,109
16.12,All Items,3071,Black Cleaver,0.4435,109168
16.12,All Items,3072,Bloodthirster,-1.0996,4088
16.12,All Items,3078,Trinity Force,-5.5954,809
16.12,All Items,3094,Rapid Firecannon,-0.8694,74561
16.12,All Items,3097,Stormrazor,1.489,260
16.12,All Items,3110,Frozen Heart,-1.163,158
16.12,All Items,3139,Mercurial Scimitar,0.5028,1283
16.12,All Items,3143,Randuin's Omen,-1.5572,900
16.12,All Items,3156,Maw of Malmortius,1.3946,2614
16.12,All Items,3157,Zhonya's Hourglass,-2.7446,898
16.12,All Items,3161,Spear of Shojin,0.0473,90224
16.12,All Items,3508,Essence Reaver,0.2888,168263
16.12,All Items,3814,Edge of Night,0.5196,770
16.12,All Items,6333,Death's Dance,2.4757,1461
16.12,All Items,6609,Chempunk Chainsword,-2.6379,1509
16.12,All Items,6653,Liandry's Torment,-1.8373,316
16.12,All Items,6665,"Jak'Sho, The Protean",-3.0813,549
16.12,All Items,6673,Immortal Shieldbow,0.1133,2483
16.12,All Items,6675,Navori Flickerblade,-5.6422,118
16.12,All Items,6676,The Collector,-3.483,346
16.12,All Items,6694,Serylda's Grudge,-0.0627,213
16.12,All Items,6695,Serpent's Fang,-1.1066,1912
16.12,All Items,6697,Hubris,-1.9419,22660
16.12,All Items,6699,Voltaic Cyclosword,1.5988,180
16.13,Keystone,8369,First Strike,2.4059,510
16.13,Keystone,8230,Stormraider's Surge,1.8687,206
16.13,Keystone,8010,Conqueror,-9.0158,272
16.13,Keystone,8021,Fleet Footwork,-3.4773,9605
16.13,Keystone,8005,Press the Attack,-0.7227,1139
16.13,Keystone,8008,Lethal Tempo,-7.0285,430
16.13,Keystone,8437,Grasp of the Undying,0.1497,187
16.13,Keystone,8229,Arcane Comet,-4.6936,997
16.13,Keystone,8992,Deathfire Touch,0.2304,208510
16.13,Keystone,8128,Dark Harvest,-8.9073,470
16.13,Spell,1,Cleanse,0.1667,7491
16.13,Spell,3,Exhaust,-2.5661,3203
16.13,Spell,4,Flash,0.002,222523
16.13,Spell,6,Ghost,-0.6611,1808
16.13,Spell,7,Heal,-3.011,1759
16.13,Spell,12,Teleport,-1.1904,9338
16.13,Spell,14,Ignite,-8.4839,344
16.13,Spell,21,Barrier,0.1361,198652
16.13,Starter,1036,Long Sword,-7.2802,420
16.13,Starter,1054,Doran's Shield,0.3031,1348
16.13,Starter,1055,Doran's Blade,0.0724,156173
16.13,Starter,1056,Doran's Ring,-2.8121,7440
16.13,Starter,1083,Cull,-1.9949,2810
16.13,Starter,1086,Doran's Bow,-0.9631,3680
16.13,Starter,1120,Doran's Helm,0.497,50096
16.13,Starter,3070,Tear of the Goddess,-8.9225,399
16.13,Boots,3006,Berserker's Greaves,-0.4761,198
16.13,Boots,3008,Gluttonous Greaves,0.6566,95327
16.13,Boots,3009,Boots of Swiftness,-0.4246,39867
16.13,Boots,3047,Plated Steelcaps,1.0275,9087
16.13,Boots,3111,Mercury's Treads,0.4477,6131
16.13,Boots,3158,Ionian Boots of Lucidity,-0.5724,61816
16.13,1st Item,3004,Manamune,-5.881,190
16.13,1st Item,3071,Black Cleaver,-4.3247,280
16.13,1st Item,3078,Trinity Force,-3.8057,982
16.13,1st Item,3161,Spear of Shojin,-5.7243,403
16.13,1st Item,3508,Essence Reaver,0.3314,196330
16.13,1st Item,6697,Hubris,-2.3336,22638
16.13,2nd Item,2517,Endless Hunger,-0.3923,1962
16.13,2nd Item,2523,Hexoptics C44,-1.726,552
16.13,2nd Item,3004,Manamune,-1.6984,1130
16.13,2nd Item,3031,Infinity Edge,-0.4099,12147
16.13,2nd Item,3033,Mortal Reminder,-0.0018,1293
16.13,2nd Item,3036,Lord Dominik's Regards,-0.6854,915
16.13,2nd Item,3071,Black Cleaver,0.4411,123326
16.13,2nd Item,3072,Bloodthirster,-0.7036,229
16.13,2nd Item,3078,Trinity Force,3.2706,160
16.13,2nd Item,3094,Rapid Firecannon,-2.0343,12326
16.13,2nd Item,3156,Maw of Malmortius,4.3187,373
16.13,2nd Item,3161,Spear of Shojin,-0.3482,30268
16.13,2nd Item,3508,Essence Reaver,-0.5102,17774
16.13,2nd Item,3814,Edge of Night,-0.7077,113
16.13,2nd Item,6673,Immortal Shieldbow,1.0187,243
16.13,2nd Item,6676,The Collector,-0.8166,191
16.13,2nd Item,6695,Serpent's Fang,1.5665,546
16.13,2nd Item,6697,Hubris,-0.1591,3453
16.13,2nd Item,6699,Voltaic Cyclosword,-7.825,111
16.13,3rd Item,2504,Kaenic Rookern,5.383,124
16.13,3rd Item,2517,Endless Hunger,0.6143,12250
16.13,3rd Item,2523,Hexoptics C44,0.0549,311
16.13,3rd Item,3004,Manamune,0.8075,322
16.13,3rd Item,3026,Guardian Angel,-0.9533,476
16.13,3rd Item,3031,Infinity Edge,-0.4446,14927
16.13,3rd Item,3033,Mortal Reminder,1.3773,3707
16.13,3rd Item,3036,Lord Dominik's Regards,0.3128,4599
16.13,3rd Item,3071,Black Cleaver,0.6097,12122
16.13,3rd Item,3072,Bloodthirster,-1.4089,374
16.13,3rd Item,3094,Rapid Firecannon,-0.6194,43785
16.13,3rd Item,3139,Mercurial Scimitar,2.8149,149
16.13,3rd Item,3143,Randuin's Omen,-4.9616,109
16.13,3rd Item,3156,Maw of Malmortius,0.6218,869
16.13,3rd Item,3157,Zhonya's Hourglass,3.3239,104
16.13,3rd Item,3161,Spear of Shojin,0.1402,70612
16.13,3rd Item,3508,Essence Reaver,-0.8737,916
16.13,3rd Item,3814,Edge of Night,-0.1848,162
16.13,3rd Item,6333,Death's Dance,3.8028,889
16.13,3rd Item,6609,Chempunk Chainsword,3.5978,279
16.13,3rd Item,6673,Immortal Shieldbow,0.131,423
16.13,3rd Item,6694,Serylda's Grudge,-0.4413,111
16.13,3rd Item,6695,Serpent's Fang,-0.1647,648
16.13,3rd Item,6697,Hubris,-1.5643,436
16.13,4th+ Item,2501,Overlord's Bloodmail,-0.5874,912
16.13,4th+ Item,2504,Kaenic Rookern,2.2546,640
16.13,4th+ Item,2517,Endless Hunger,0.2086,20742
16.13,4th+ Item,2523,Hexoptics C44,-0.2191,869
16.13,4th+ Item,3026,Guardian Angel,1.978,19131
16.13,4th+ Item,3031,Infinity Edge,-0.6816,32588
16.13,4th+ Item,3033,Mortal Reminder,0.2553,7057
16.13,4th+ Item,3036,Lord Dominik's Regards,1.9113,7207
16.13,4th+ Item,3053,Sterak's Gage,0.9742,106
16.13,4th+ Item,3071,Black Cleaver,-0.3368,2705
16.13,4th+ Item,3072,Bloodthirster,-1.8292,4215
16.13,4th+ Item,3094,Rapid Firecannon,-0.6967,39518
16.13,4th+ Item,3097,Stormrazor,-3.6145,139
16.13,4th+ Item,3110,Frozen Heart,-0.1565,138
16.13,4th+ Item,3139,Mercurial Scimitar,2.5915,1419
16.13,4th+ Item,3143,Randuin's Omen,3.7833,989
16.13,4th+ Item,3156,Maw of Malmortius,-0.2525,2479
16.13,4th+ Item,3157,Zhonya's Hourglass,-4.5133,861
16.13,4th+ Item,3161,Spear of Shojin,0.0739,15192
16.13,4th+ Item,3508,Essence Reaver,-2.0834,117
16.13,4th+ Item,3814,Edge of Night,-0.4296,570
16.13,4th+ Item,6333,Death's Dance,1.2871,1059
16.13,4th+ Item,6609,Chempunk Chainsword,-0.7131,1570
16.13,4th+ Item,6653,Liandry's Torment,-4.5467,294
16.13,4th+ Item,6665,"Jak'Sho, The Protean",-2.4058,636
16.13,4th+ Item,6673,Immortal Shieldbow,0.4048,2350
16.13,4th+ Item,6694,Serylda's Grudge,-1.0138,136
16.13,4th+ Item,6695,Serpent's Fang,-0.166,1180
16.13,4th+ Item,6697,Hubris,1.6486,558
16.13,All Items,2501,Overlord's Bloodmail,-0.1413,1078
16.13,All Items,2504,Kaenic Rookern,1.8066,855
16.13,All Items,2517,Endless Hunger,0.2968,35442
16.13,All Items,2523,Hexoptics C44,-0.5088,1831
16.13,All Items,3004,Manamune,-1.5378,1742
16.13,All Items,3026,Guardian Angel,1.9342,20703
16.13,All Items,3031,Infinity Edge,-0.5885,60086
16.13,All Items,3033,Mortal Reminder,0.5554,12225
16.13,All Items,3036,Lord Dominik's Regards,1.091,12934
16.13,All Items,3053,Sterak's Gage,-0.1589,139
16.13,All Items,3065,Spirit Visage,-1.6745,123
16.13,All Items,3071,Black Cleaver,0.4305,138463
16.13,All Items,3072,Bloodthirster,-1.6144,5457
16.13,All Items,3078,Trinity Force,-2.4026,1208
16.13,All Items,3094,Rapid Firecannon,-0.8319,95822
16.13,All Items,3097,Stormrazor,-1.5697,334
16.13,All Items,3110,Frozen Heart,-0.7692,197
16.13,All Items,3139,Mercurial Scimitar,2.2339,1713
16.13,All Items,3143,Randuin's Omen,2.4125,1205
16.13,All Items,3156,Maw of Malmortius,0.5292,3880
16.13,All Items,3157,Zhonya's Hourglass,-3.4848,1146
16.13,All Items,3161,Spear of Shojin,-0.0145,116630
16.13,All Items,3508,Essence Reaver,0.2544,215150
16.13,All Items,3814,Edge of Night,-0.2141,896
16.13,All Items,6333,Death's Dance,2.2682,2073
16.13,All Items,6609,Chempunk Chainsword,-0.2757,1925
16.13,All Items,6653,Liandry's Torment,-3.9552,456
16.13,All Items,6665,"Jak'Sho, The Protean",-1.1289,770
16.13,All Items,6673,Immortal Shieldbow,0.0267,3180
16.13,All Items,6675,Navori Flickerblade,-0.4527,157
16.13,All Items,6676,The Collector,-2.8724,446
16.13,All Items,6694,Serylda's Grudge,-0.6422,327
16.13,All Items,6695,Serpent's Fang,0.0034,2488
16.13,All Items,6697,Hubris,-1.951,27121
16.13,All Items,6699,Voltaic Cyclosword,-5.4307,258
16.14,Keystone,8005,Press the Attack,-4.4039,660
16.14,Keystone,8008,Lethal Tempo,-5.418,198
16.14,Keystone,8010,Conqueror,4.3337,168
16.14,Keystone,8021,Fleet Footwork,-2.2559,5009
16.14,Keystone,8128,Dark Harvest,-6.022,231
16.14,Keystone,8229,Arcane Comet,-4.1176,532
16.14,Keystone,8230,Stormraider's Surge,-2.2953,148
16.14,Keystone,8369,First Strike,0.0065,303
16.14,Keystone,8992,Deathfire Touch,0.1884,112079
16.14,Spell,1,Cleanse,-0.5148,3303
16.14,Spell,3,Exhaust,-0.6297,1924
16.14,Spell,4,Flash,0.0006,119541
16.14,Spell,6,Ghost,-2.6269,1097
16.14,Spell,7,Heal,-2.6226,952
16.14,Spell,12,Teleport,-2.198,6295
16.14,Spell,14,Ignite,-4.9894,206
16.14,Spell,21,Barrier,0.2182,105784
16.14,Starter,1036,Long Sword,-0.1013,224
16.14,Starter,1054,Doran's Shield,-1.3583,777
16.14,Starter,1055,Doran's Blade,0.1466,82566
16.14,Starter,1056,Doran's Ring,-2.9561,3954
16.14,Starter,1083,Cull,-4.111,1561
16.14,Starter,1086,Doran's Bow,-1.4555,2015
16.14,Starter,1120,Doran's Helm,0.429,28130
16.14,Starter,3070,Tear of the Goddess,-10.4261,206
16.14,Boots,3008,Gluttonous Greaves,0.6887,50322
16.14,Boots,3009,Boots of Swiftness,0.0499,21850
16.14,Boots,3047,Plated Steelcaps,0.3142,4737
16.14,Boots,3111,Mercury's Treads,1.1292,3839
16.14,Boots,3158,Ionian Boots of Lucidity,-0.7807,33461
16.14,1st Item,3004,Manamune,0.2336,102
16.14,1st Item,3071,Black Cleaver,-1.2612,148
16.14,1st Item,3078,Trinity Force,-3.4221,542
16.14,1st Item,3161,Spear of Shojin,-2.6614,194
16.14,1st Item,3508,Essence Reaver,0.2713,106662
16.14,1st Item,6697,Hubris,-2.1953,10960
16.14,2nd Item,2517,Endless Hunger,0.4084,1063
16.14,2nd Item,2523,Hexoptics C44,-4.6862,247
16.14,2nd Item,3004,Manamune,-4.0336,531
16.14,2nd Item,3031,Infinity Edge,-1.1242,6845
16.14,2nd Item,3033,Mortal Reminder,0.4233,713
16.14,2nd Item,3036,Lord Dominik's Regards,-1.5819,651
16.14,2nd Item,3071,Black Cleaver,0.4288,66688
16.14,2nd Item,3072,Bloodthirster,-1.5231,151
16.14,2nd Item,3078,Trinity Force,-4.9191,107
16.14,2nd Item,3094,Rapid Firecannon,-1.9993,6415
16.14,2nd Item,3156,Maw of Malmortius,-0.1493,294
16.14,2nd Item,3161,Spear of Shojin,0.0085,16402
16.14,2nd Item,3508,Essence Reaver,-0.3733,8804
16.14,2nd Item,6673,Immortal Shieldbow,4.3288,163
16.14,2nd Item,6676,The Collector,-2.8729,117
16.14,2nd Item,6695,Serpent's Fang,-2.4895,273
16.14,2nd Item,6697,Hubris,0.9899,1844
16.14,3rd Item,2517,Endless Hunger,-0.2881,6084
16.14,3rd Item,2523,Hexoptics C44,-0.9185,173
16.14,3rd Item,3004,Manamune,-4.1776,210
16.14,3rd Item,3026,Guardian Angel,-2.0732,261
16.14,3rd Item,3031,Infinity Edge,0.3292,8381
16.14,3rd Item,3033,Mortal Reminder,1.2794,2022
16.14,3rd Item,3036,Lord Dominik's Regards,0.3448,2588
16.14,3rd Item,3071,Black Cleaver,-0.2184,6549
16.14,3rd Item,3072,Bloodthirster,-4.3465,230
16.14,3rd Item,3094,Rapid Firecannon,-0.3963,23079
16.14,3rd Item,3156,Maw of Malmortius,0.8991,514
16.14,3rd Item,3161,Spear of Shojin,0.2305,38643
16.14,3rd Item,3508,Essence Reaver,0.6361,243
16.14,3rd Item,3814,Edge of Night,3.3767,109
16.14,3rd Item,6333,Death's Dance,0.1486,643
16.14,3rd Item,6609,Chempunk Chainsword,-0.7596,148
16.14,3rd Item,6673,Immortal Shieldbow,-0.244,245
16.14,3rd Item,6695,Serpent's Fang,-0.27,364
16.14,3rd Item,6697,Hubris,0.7296,271
16.14,4th+ Item,2501,Overlord's Bloodmail,-0.2393,421
16.14,4th+ Item,2504,Kaenic Rookern,-1.7708,360
16.14,4th+ Item,2517,Endless Hunger,-0.0123,11118
16.14,4th+ Item,2523,Hexoptics C44,-1.9099,446
16.14,4th+ Item,3026,Guardian Angel,1.7147,10188
16.14,4th+ Item,3031,Infinity Edge,-0.4096,18103
16.14,4th+ Item,3033,Mortal Reminder,1.3397,3601
16.14,4th+ Item,3036,Lord Dominik's Regards,2.8542,3958
16.14,4th+ Item,3071,Black Cleaver,-0.3389,1460
16.14,4th+ Item,3072,Bloodthirster,-0.756,2379
16.14,4th+ Item,3094,Rapid Firecannon,-0.5536,21307
16.14,4th+ Item,3139,Mercurial Scimitar,1.2748,794
16.14,4th+ Item,3143,Randuin's Omen,-0.7257,520
16.14,4th+ Item,3156,Maw of Malmortius,1.0981,1430
16.14,4th+ Item,3157,Zhonya's Hourglass,-5.2851,458
16.14,4th+ Item,3161,Spear of Shojin,-0.5446,8055
16.14,4th+ Item,3814,Edge of Night,0.8627,303
16.14,4th+ Item,6333,Death's Dance,1.5165,526
16.14,4th+ Item,6609,Chempunk Chainsword,-1.2938,890
16.14,4th+ Item,6653,Liandry's Torment,-5.2865,164
16.14,4th+ Item,6665,"Jak'Sho, The Protean",-2.7036,329
16.14,4th+ Item,6673,Immortal Shieldbow,0.8406,1175
16.14,4th+ Item,6695,Serpent's Fang,-0.8117,681
16.14,4th+ Item,6697,Hubris,-2.5666,332
16.14,All Items,2501,Overlord's Bloodmail,-0.551,480
16.14,All Items,2504,Kaenic Rookern,-1.5546,481
16.14,All Items,2517,Endless Hunger,-0.0783,18544
16.14,All Items,2523,Hexoptics C44,-2.351,933
16.14,All Items,3004,Manamune,-3.1235,893
16.14,All Items,3026,Guardian Angel,1.6371,11066
16.14,All Items,3031,Infinity Edge,-0.3946,33561
16.14,All Items,3033,Mortal Reminder,1.2152,6405
16.14,All Items,3036,Lord Dominik's Regards,1.5827,7328
16.14,All Items,3071,Black Cleaver,0.3531,74863
16.14,All Items,3072,Bloodthirster,-0.8893,3135
16.14,All Items,3078,Trinity Force,-3.9345,689
16.14,All Items,3094,Rapid Firecannon,-0.6765,50894
16.14,All Items,3097,Stormrazor,-2.5814,204
16.14,All Items,3139,Mercurial Scimitar,0.8454,966
16.14,All Items,3143,Randuin's Omen,-0.8263,620
16.14,All Items,3156,Maw of Malmortius,0.8919,2333
16.14,All Items,3157,Zhonya's Hourglass,-4.6543,638
16.14,All Items,3161,Spear of Shojin,0.0637,63378
16.14,All Items,3508,Essence Reaver,0.223,115799
16.14,All Items,3814,Edge of Night,0.1214,494
16.14,All Items,6333,Death's Dance,0.6052,1255
16.14,All Items,6609,Chempunk Chainsword,-1.1837,1079
16.14,All Items,6653,Liandry's Torment,-5.2201,232
16.14,All Items,6665,"Jak'Sho, The Protean",-2.1624,395
16.14,All Items,6673,Immortal Shieldbow,0.7564,1674
16.14,All Items,6676,The Collector,-4.3856,268
16.14,All Items,6694,Serylda's Grudge,-2.0912,180
16.14,All Items,6695,Serpent's Fang,-1.0966,1376
16.14,All Items,6697,Hubris,-1.7312,13433
16.14,All Items,6699,Voltaic Cyclosword,-4.4079,159
16.15,Keystone,8369,First Strike,0.8941,282
16.15,Keystone,8230,Stormraider's Surge,6.5268,128
16.15,Keystone,8010,Conqueror,-8.9267,141
16.15,Keystone,8021,Fleet Footwork,-4.1484,4876
16.15,Keystone,8005,Press the Attack,-5.0739,579
16.15,Keystone,8008,Lethal Tempo,-11.2438,198
16.15,Keystone,8437,Grasp of the Undying,-1.8556,110
16.15,Keystone,8229,Arcane Comet,-7.6833,519
16.15,Keystone,8992,Deathfire Touch,0.3085,106222
16.15,Keystone,8128,Dark Harvest,-7.1535,282
16.15,Spell,1,Cleanse,0.1424,3044
16.15,Spell,3,Exhaust,-2.6325,2215
16.15,Spell,4,Flash,0.0017,113444
16.15,Spell,6,Ghost,-5.2196,1056
16.15,Spell,7,Heal,-5.7925,892
16.15,Spell,12,Teleport,-0.911,6553
16.15,Spell,14,Ignite,-8.7223,228
16.15,Spell,21,Barrier,0.2396,99500
16.15,Starter,1036,Long Sword,0.2552,261
16.15,Starter,1054,Doran's Shield,-1.9286,802
16.15,Starter,1055,Doran's Blade,0.3066,76950
16.15,Starter,1056,Doran's Ring,-4.7762,3891
16.15,Starter,1083,Cull,-2.6515,1647
16.15,Starter,1086,Doran's Bow,-1.977,1932
16.15,Starter,1120,Doran's Helm,0.2163,27563
16.15,Starter,3070,Tear of the Goddess,-4.8516,273
16.15,Boots,3006,Berserker's Greaves,-4.2701,132
16.15,Boots,3008,Gluttonous Greaves,0.4925,47377
16.15,Boots,3009,Boots of Swiftness,0.0184,20579
16.15,Boots,3047,Plated Steelcaps,1.0227,4277
16.15,Boots,3111,Mercury's Treads,1.869,4191
16.15,Boots,3158,Ionian Boots of Lucidity,-0.476,32012
16.15,1st Item,3004,Manamune,-7.1116,116
16.15,1st Item,3071,Black Cleaver,-0.856,119
16.15,1st Item,3078,Trinity Force,-5.2682,539
16.15,1st Item,3161,Spear of Shojin,-2.531,231
16.15,1st Item,3508,Essence Reaver,0.3884,100993
16.15,1st Item,6697,Hubris,-3.0144,10607
16.15,2nd Item,2517,Endless Hunger,0.6196,900
16.15,2nd Item,2523,Hexoptics C44,-1.4561,259
16.15,2nd Item,3004,Manamune,-3.2946,607
16.15,2nd Item,3031,Infinity Edge,-1.1854,6703
16.15,2nd Item,3033,Mortal Reminder,-2.3372,691
16.15,2nd Item,3036,Lord Dominik's Regards,0.1211,616
16.15,2nd Item,3071,Black Cleaver,0.5666,61182
16.15,2nd Item,3072,Bloodthirster,-8.2478,157
16.15,2nd Item,3078,Trinity Force,-6.4111,117
16.15,2nd Item,3094,Rapid Firecannon,-1.3081,6725
16.15,2nd Item,3097,Stormrazor,-2.6693,111
16.15,2nd Item,3156,Maw of Malmortius,4.2976,337
16.15,2nd Item,3161,Spear of Shojin,-0.0657,16291
16.15,2nd Item,3508,Essence Reaver,-1.1322,8599
16.15,2nd Item,6673,Immortal Shieldbow,0.3016,128
16.15,2nd Item,6676,The Collector,-6.1902,116
16.15,2nd Item,6695,Serpent's Fang,-2.5633,272
16.15,2nd Item,6697,Hubris,0.4547,2015
16.15,3rd Item,2517,Endless Hunger,0.5198,5273
16.15,3rd Item,2523,Hexoptics C44,0.8183,168
16.15,3rd Item,3004,Manamune,-3.3855,163
16.15,3rd Item,3026,Guardian Angel,-0.3591,229
16.15,3rd Item,3031,Infinity Edge,0.0742,9263
16.15,3rd Item,3033,Mortal Reminder,-0.6125,1903
16.15,3rd Item,3036,Lord Dominik's Regards,0.4992,2629
16.15,3rd Item,3071,Black Cleaver,0.5847,6418
16.15,3rd Item,3072,Bloodthirster,-1.0492,200
16.15,3rd Item,3094,Rapid Firecannon,-0.8563,22753
16.15,3rd Item,3156,Maw of Malmortius,3.6438,575
16.15,3rd Item,3161,Spear of Shojin,0.3606,34457
16.15,3rd Item,3508,Essence Reaver,-0.6276,230
16.15,3rd Item,6333,Death's Dance,-0.3701,499
16.15,3rd Item,6609,Chempunk Chainsword,-2.7328,127
16.15,3rd Item,6673,Immortal Shieldbow,1.6659,242
16.15,3rd Item,6695,Serpent's Fang,2.1264,332
16.15,3rd Item,6697,Hubris,-3.0571,269
16.15,4th+ Item,2501,Overlord's Bloodmail,-1.7728,380
16.15,4th+ Item,2504,Kaenic Rookern,-0.5789,297
16.15,4th+ Item,2517,Endless Hunger,0.3571,10114
16.15,4th+ Item,2523,Hexoptics C44,-1.6994,363
16.15,4th+ Item,3026,Guardian Angel,1.851,9601
16.15,4th+ Item,3031,Infinity Edge,-0.1729,16891
16.15,4th+ Item,3033,Mortal Reminder,0.6531,3539
16.15,4th+ Item,3036,Lord Dominik's Regards,1.1819,4374
16.15,4th+ Item,3071,Black Cleaver,-0.7751,1197
16.15,4th+ Item,3072,Bloodthirster,0.3858,2110
16.15,4th+ Item,3094,Rapid Firecannon,-0.495,19609
16.15,4th+ Item,3139,Mercurial Scimitar,-2.7391,679
16.15,4th+ Item,3143,Randuin's Omen,1.521,412
16.15,4th+ Item,3156,Maw of Malmortius,0.1219,1288
16.15,4th+ Item,3157,Zhonya's Hourglass,-4.9031,420
16.15,4th+ Item,3161,Spear of Shojin,-0.5354,7894
16.15,4th+ Item,3814,Edge of Night,-0.8676,303
16.15,4th+ Item,6333,Death's Dance,0.2993,504
16.15,4th+ Item,6609,Chempunk Chainsword,-1.7059,786
16.15,4th+ Item,6653,Liandry's Torment,-6.2935,160
16.15,4th+ Item,6665,"Jak'Sho, The Protean",-2.2467,358
16.15,4th+ Item,6673,Immortal Shieldbow,0.2468,1073
16.15,4th+ Item,6695,Serpent's Fang,1.0761,558
16.15,4th+ Item,6697,Hubris,-4.7089,318
16.15,All Items,2501,Overlord's Bloodmail,-1.0798,454
16.15,All Items,2504,Kaenic Rookern,-3.0858,432
16.15,All Items,2517,Endless Hunger,0.4341,16519
16.15,All Items,2523,Hexoptics C44,-1.5149,850
16.15,All Items,3004,Manamune,-3.6996,939
16.15,All Items,3026,Guardian Angel,1.8541,10361
16.15,All Items,3031,Infinity Edge,-0.3294,33072
16.15,All Items,3033,Mortal Reminder,-0.0872,6208
16.15,All Items,3036,Lord Dominik's Regards,0.7936,7734
16.15,All Items,3071,Black Cleaver,0.5421,68937
16.15,All Items,3072,Bloodthirster,-0.4635,2811
16.15,All Items,3078,Trinity Force,-5.5421,686
16.15,All Items,3094,Rapid Firecannon,-0.7684,49184
16.15,All Items,3097,Stormrazor,-4.6594,228
16.15,All Items,3139,Mercurial Scimitar,-2.7452,874
16.15,All Items,3143,Randuin's Omen,1.3677,526
16.15,All Items,3156,Maw of Malmortius,1.4565,2309
16.15,All Items,3157,Zhonya's Hourglass,-2.865,592
16.15,All Items,3161,Spear of Shojin,0.1093,58936
16.15,All Items,3508,Essence Reaver,0.2679,109896
16.15,All Items,3814,Edge of Night,-1.7594,477
16.15,All Items,6333,Death's Dance,0.0358,1084
16.15,All Items,6609,Chempunk Chainsword,-1.7092,953
16.15,All Items,6653,Liandry's Torment,-4.8245,239
16.15,All Items,6665,"Jak'Sho, The Protean",-1.8109,435
16.15,All Items,6673,Immortal Shieldbow,0.3312,1524
16.15,All Items,6675,Navori Flickerblade,0.2074,148
16.15,All Items,6676,The Collector,-6.6739,246
16.15,All Items,6694,Serylda's Grudge,-2.5406,150
16.15,All Items,6695,Serpent's Fang,0.4656,1218
16.15,All Items,6697,Hubris,-2.5233,13236
16.15,All Items,6699,Voltaic Cyclosword,-1.6865,169
16.16,Keystone,8369,First Strike,2.6554,104
16.16,Keystone,8021,Fleet Footwork,-3.2937,2675
16.16,Keystone,8005,Press the Attack,-3.8671,240
16.16,Keystone,8229,Arcane Comet,-6.9144,200
16.16,Keystone,8992,Deathfire Touch,0.3018,40857
16.16,Keystone,8128,Dark Harvest,-3.1848,119
16.16,Spell,1,Cleanse,-0.9498,1242
16.16,Spell,3,Exhaust,0.2242,919
16.16,Spell,4,Flash,0.001,44497
16.16,Spell,6,Ghost,3.1756,510
16.16,Spell,7,Heal,0.1369,356
16.16,Spell,12,Teleport,-2.0137,2607
16.16,Spell,21,Barrier,0.127,38792
16.16,Starter,1054,Doran's Shield,-9.1198,308
16.16,Starter,1055,Doran's Blade,0.3457,30059
16.16,Starter,1056,Doran's Ring,-4.0949,1513
16.16,Starter,1083,Cull,-0.2012,611
16.16,Starter,1086,Doran's Bow,-4.1905,687
16.16,Starter,1120,Doran's Helm,0.2156,11081
16.16,Starter,3070,Tear of the Goddess,-4.5237,107
16.16,Boots,3008,Gluttonous Greaves,0.3385,17837
16.16,Boots,3009,Boots of Swiftness,0.124,8488
16.16,Boots,3047,Plated Steelcaps,1.2147,1785
16.16,Boots,3111,Mercury's Treads,1.2591,1492
16.16,Boots,3158,Ionian Boots of Lucidity,-0.5068,12855
16.16,1st Item,3078,Trinity Force,-6.1331,205
16.16,1st Item,3161,Spear of Shojin,4.2716,117
16.16,1st Item,3508,Essence Reaver,0.3205,39573
16.16,1st Item,6697,Hubris,-2.5265,4131
16.16,2nd Item,2517,Endless Hunger,-2.9021,347
16.16,2nd Item,3004,Manamune,2.9189,278
16.16,2nd Item,3031,Infinity Edge,-0.9966,2693
16.16,2nd Item,3033,Mortal Reminder,-3.6316,280
16.16,2nd Item,3036,Lord Dominik's Regards,2.2761,248
16.16,2nd Item,3071,Black Cleaver,0.5263,22782
16.16,2nd Item,3094,Rapid Firecannon,-0.7361,2991
16.16,2nd Item,3156,Maw of Malmortius,3.6393,106
16.16,2nd Item,3161,Spear of Shojin,-0.7984,7026
16.16,2nd Item,3508,Essence Reaver,-0.0696,3297
16.16,2nd Item,6695,Serpent's Fang,3.3558,101
16.16,2nd Item,6697,Hubris,-0.871,842
16.16,3rd Item,2517,Endless Hunger,1.9234,2065
16.16,3rd Item,3026,Guardian Angel,-2.3045,109
16.16,3rd Item,3031,Infinity Edge,-0.0705,3849
16.16,3rd Item,3033,Mortal Reminder,-0.2851,827
16.16,3rd Item,3036,Lord Dominik's Regards,1.2618,1141
16.16,3rd Item,3071,Black Cleaver,-0.823,2516
16.16,3rd Item,3094,Rapid Firecannon,-0.4922,9098
16.16,3rd Item,3156,Maw of Malmortius,1.6342,184
16.16,3rd Item,3161,Spear of Shojin,0.3344,12629
16.16,3rd Item,3508,Essence Reaver,-5.2032,115
16.16,3rd Item,6333,Death's Dance,3.5199,226
16.16,3rd Item,6673,Immortal Shieldbow,-7.7564,113
16.16,3rd Item,6695,Serpent's Fang,0.735,160
16.16,4th+ Item,2501,Overlord's Bloodmail,0.1114,129
16.16,4th+ Item,2504,Kaenic Rookern,9.5026,114
16.16,4th+ Item,2517,Endless Hunger,0.0943,3632
16.16,4th+ Item,2523,Hexoptics C44,-2.6084,146
16.16,4th+ Item,3026,Guardian Angel,1.6162,3730
16.16,4th+ Item,3031,Infinity Edge,-0.2997,6508
16.16,4th+ Item,3033,Mortal Reminder,-0.0198,1374
16.16,4th+ Item,3036,Lord Dominik's Regards,0.4233,1812
16.16,4th+ Item,3071,Black Cleaver,-0.0813,447
16.16,4th+ Item,3072,Bloodthirster,-3.3797,803
16.16,4th+ Item,3094,Rapid Firecannon,-0.5923,7258
16.16,4th+ Item,3139,Mercurial Scimitar,-0.8546,270
16.16,4th+ Item,3143,Randuin's Omen,1.1677,188
16.16,4th+ Item,3156,Maw of Malmortius,3.1768,463
16.16,4th+ Item,3157,Zhonya's Hourglass,-2.8039,181
16.16,4th+ Item,3161,Spear of Shojin,0.5517,3120
16.16,4th+ Item,3814,Edge of Night,-3.2495,113
16.16,4th+ Item,6333,Death's Dance,6.5619,184
16.16,4th+ Item,6609,Chempunk Chainsword,-0.5099,324
16.16,4th+ Item,6665,"Jak'Sho, The Protean",2.7242,172
16.16,4th+ Item,6673,Immortal Shieldbow,-2.3916,432
16.16,4th+ Item,6695,Serpent's Fang,-0.8007,244
16.16,4th+ Item,6697,Hubris,-1.4649,147
16.16,All Items,2501,Overlord's Bloodmail,0.523,153
16.16,All Items,2504,Kaenic Rookern,5.6305,169
16.16,All Items,2517,Endless Hunger,0.5673,6144
16.16,All Items,2523,Hexoptics C44,-1.256,316
16.16,All Items,3004,Manamune,1.612,402
16.16,All Items,3026,Guardian Angel,1.4705,4042
16.16,All Items,3031,Infinity Edge,-0.3963,13134
16.16,All Items,3033,Mortal Reminder,-0.4535,2509
16.16,All Items,3036,Lord Dominik's Regards,0.9254,3237
16.16,All Items,3071,Black Cleaver,0.369,25837
16.16,All Items,3072,Bloodthirster,-3.1029,1041
16.16,All Items,3078,Trinity Force,-5.9987,251
16.16,All Items,3094,Rapid Firecannon,-0.5918,19383
16.16,All Items,3139,Mercurial Scimitar,-1.6402,327
16.16,All Items,3143,Randuin's Omen,0.1347,222
16.16,All Items,3156,Maw of Malmortius,3.039,800
16.16,All Items,3157,Zhonya's Hourglass,-3.9707,237
16.16,All Items,3161,Spear of Shojin,0.0332,22922
16.16,All Items,3508,Essence Reaver,0.2735,43014
16.16,All Items,3814,Edge of Night,-0.5895,193
16.16,All Items,6333,Death's Dance,5.0772,455
16.16,All Items,6609,Chempunk Chainsword,-1.0113,380
16.16,All Items,6653,Liandry's Torment,-3.4114,103
16.16,All Items,6665,"Jak'Sho, The Protean",2.2836,200
16.16,All Items,6673,Immortal Shieldbow,-2.8036,635
16.16,All Items,6695,Serpent's Fang,0.5388,522
16.16,All Items,6697,Hubris,-2.2006,5214
