patch,category,id,name,wpa,sample_size
16.1,Keystone,8369,First Strike,1.9289,596
16.1,Keystone,8010,Conqueror,3.129,1739
16.1,Keystone,9923,Hail of Blades,-2.8894,1153
16.1,Keystone,8021,Fleet Footwork,-9.4484,182
16.1,Keystone,8005,Press the Attack,-3.0538,22840
16.1,Keystone,8008,Lethal Tempo,0.8279,87938
16.1,Keystone,8128,Dark Harvest,-4.1577,686
16.1,Spell,1,Cleanse,-0.1972,10693
16.1,Spell,3,Exhaust,0.334,3013
16.1,Spell,4,Flash,0.0032,115299
16.1,Spell,6,Ghost,-7.6747,221
16.1,Spell,7,Heal,-4.2588,716
16.1,Spell,12,Teleport,-4.7896,155
16.1,Spell,14,Ignite,-6.302,181
16.1,Spell,21,Barrier,0.0734,100338
16.1,Starter,1036,Long Sword,-6.1266,421
16.1,Starter,1055,Doran's Blade,0.0445,114139
16.1,Starter,1083,Cull,-2.6692,492
16.1,Boots,3006,Berserker's Greaves,-0.1334,79521
16.1,Boots,3009,Boots of Swiftness,-1.4536,3959
16.1,Boots,3047,Plated Steelcaps,0.2252,10968
16.1,Boots,3111,Mercury's Treads,-1.1074,4929
16.1,1st Item,2520,Bastionbreaker,-1.219,119
16.1,1st Item,3031,Infinity Edge,-1.1908,1012
16.1,1st Item,3032,Yun Tal Wildarrows,-3.5547,160
16.1,1st Item,3072,Bloodthirster,-0.3001,41763
16.1,1st Item,3097,Stormrazor,-2.5178,480
16.1,1st Item,3142,Youmuu's Ghostblade,3.1607,1251
16.1,1st Item,3179,Umbral Glaive,3.6912,423
16.1,1st Item,3508,Essence Reaver,0.8928,41636
16.1,1st Item,6676,The Collector,-1.4672,14624
16.1,1st Item,6695,Serpent's Fang,1.6443,482
16.1,1st Item,6697,Hubris,-0.5631,9246
16.1,2nd Item,2520,Bastionbreaker,-1.0619,211
16.1,2nd Item,2523,Hexoptics C44,0.6559,208
16.1,2nd Item,3031,Infinity Edge,0.1264,43142
16.1,2nd Item,3033,Mortal Reminder,0.3683,1204
16.1,2nd Item,3036,Lord Dominik's Regards,0.9815,3456
16.1,2nd Item,3072,Bloodthirster,-0.4382,10752
16.1,2nd Item,3073,Experimental Hexplate,-2.4817,127
16.1,2nd Item,3078,Trinity Force,-3.74,271
16.1,2nd Item,3094,Rapid Firecannon,0.5411,157
16.1,2nd Item,3097,Stormrazor,-4.5497,493
16.1,2nd Item,3142,Youmuu's Ghostblade,0.606,433
16.1,2nd Item,3156,Maw of Malmortius,6.3079,102
16.1,2nd Item,3179,Umbral Glaive,5.5811,312
16.1,2nd Item,3508,Essence Reaver,0.3842,10398
16.1,2nd Item,6673,Immortal Shieldbow,-0.0829,291
16.1,2nd Item,6676,The Collector,-0.3163,29783
16.1,2nd Item,6695,Serpent's Fang,2.6273,796
16.1,2nd Item,6697,Hubris,-1.4362,965
16.1,2nd Item,6701,Opportunity,6.899,375
16.1,3rd Item,2512,Fiendhunter Bolts,-7.8262,189
16.1,3rd Item,2520,Bastionbreaker,0.3636,160
16.1,3rd Item,2523,Hexoptics C44,-3.0621,283
16.1,3rd Item,3026,Guardian Angel,2.2905,104
16.1,3rd Item,3031,Infinity Edge,-0.95,31645
16.1,3rd Item,3033,Mortal Reminder,1.065,6620
16.1,3rd Item,3036,Lord Dominik's Regards,1.0982,27182
16.1,3rd Item,3046,Phantom Dancer,-2.3913,378
16.1,3rd Item,3072,Bloodthirster,-0.3009,5367
16.1,3rd Item,3094,Rapid Firecannon,-2.1977,1721
16.1,3rd Item,3097,Stormrazor,-1.9098,282
16.1,3rd Item,3139,Mercurial Scimitar,-1.5564,171
16.1,3rd Item,3142,Youmuu's Ghostblade,2.3692,221
16.1,3rd Item,3156,Maw of Malmortius,-0.1437,377
16.1,3rd Item,3508,Essence Reaver,-0.9621,1170
16.1,3rd Item,3814,Edge of Night,3.2488,262
16.1,3rd Item,6673,Immortal Shieldbow,0.5487,1585
16.1,3rd Item,6676,The Collector,0.4728,5012
16.1,3rd Item,6694,Serylda's Grudge,5.0587,112
16.1,3rd Item,6695,Serpent's Fang,-1.8381,565
16.1,3rd Item,6697,Hubris,2.1617,174
16.1,3rd Item,6701,Opportunity,-2.3814,153
16.1,4th+ Item,2504,Kaenic Rookern,-2.2609,194
16.1,4th+ Item,2512,Fiendhunter Bolts,-3.4204,550
16.1,4th+ Item,2517,Endless Hunger,-3.5819,120
16.1,4th+ Item,2520,Bastionbreaker,-2.9922,436
16.1,4th+ Item,2523,Hexoptics C44,0.4733,1144
16.1,4th+ Item,3026,Guardian Angel,0.8508,5891
16.1,4th+ Item,3031,Infinity Edge,0.2941,8065
16.1,4th+ Item,3033,Mortal Reminder,-0.652,4622
16.1,4th+ Item,3036,Lord Dominik's Regards,0.6409,17718
16.1,4th+ Item,3046,Phantom Dancer,1.958,1559
16.1,4th+ Item,3072,Bloodthirster,0.455,11328
16.1,4th+ Item,3094,Rapid Firecannon,-1.061,12761
16.1,4th+ Item,3097,Stormrazor,-0.1722,683
16.1,4th+ Item,3139,Mercurial Scimitar,0.0408,1792
16.1,4th+ Item,3142,Youmuu's Ghostblade,1.5651,405
16.1,4th+ Item,3143,Randuin's Omen,-2.0982,371
16.1,4th+ Item,3153,Blade of The Ruined King,-3.6648,250
16.1,4th+ Item,3156,Maw of Malmortius,-1.2722,1853
16.1,4th+ Item,3508,Essence Reaver,-0.8888,1004
16.1,4th+ Item,3814,Edge of Night,2.5748,790
16.1,4th+ Item,6333,Death's Dance,-1.1489,206
16.1,4th+ Item,6665,"Jak'Sho, The Protean",-0.254,180
16.1,4th+ Item,6672,Kraken Slayer,2.0774,122
16.1,4th+ Item,6673,Immortal Shieldbow,0.0249,9110
16.1,4th+ Item,6676,The Collector,-0.5726,4708
16.1,4th+ Item,6694,Serylda's Grudge,2.4325,185
16.1,4th+ Item,6695,Serpent's Fang,0.8661,1140
16.1,4th+ Item,6696,Axiom Arc,2.09,181
16.1,4th+ Item,6697,Hubris,-2.3385,497
16.1,4th+ Item,6699,Voltaic Cyclosword,-3.3512,103
16.1,4th+ Item,6701,Opportunity,-3.8561,272
16.1,All Items,2504,Kaenic Rookern,-4.5458,233
16.1,All Items,2512,Fiendhunter Bolts,-4.2923,849
16.1,All Items,2517,Endless Hunger,-3.3476,249
16.1,All Items,2520,Bastionbreaker,-1.7106,953
16.1,All Items,2523,Hexoptics C44,-0.5085,1745
16.1,All Items,3026,Guardian Angel,0.9265,6701
16.1,All Items,3031,Infinity Edge,-0.2748,83917
16.1,All Items,3032,Yun Tal Wildarrows,-3.9955,298
16.1,All Items,3033,Mortal Reminder,0.345,12560
16.1,All Items,3036,Lord Dominik's Regards,0.9355,48515
16.1,All Items,3046,Phantom Dancer,1.0224,2013
16.1,All Items,3065,Spirit Visage,-6.3733,114
16.1,All Items,3072,Bloodthirster,-0.1878,69387
16.1,All Items,3073,Experimental Hexplate,-2.7048,276
16.1,All Items,3078,Trinity Force,-1.1742,500
16.1,All Items,3094,Rapid Firecannon,-1.1748,14911
16.1,All Items,3097,Stormrazor,-2.413,2017
16.1,All Items,3139,Mercurial Scimitar,-0.4987,2211
16.1,All Items,3142,Youmuu's Ghostblade,2.3102,2358
16.1,All Items,3143,Randuin's Omen,-1.285,451
16.1,All Items,3153,Blade of The Ruined King,-2.8955,386
16.1,All Items,3156,Maw of Malmortius,-0.6898,2498
16.1,All Items,3179,Umbral Glaive,4.1796,814
16.1,All Items,3508,Essence Reaver,0.7138,54268
16.1,All Items,3814,Edge of Night,2.2948,1232
16.1,All Items,6333,Death's Dance,-1.4617,298
16.1,All Items,6665,"Jak'Sho, The Protean",0.2593,239
16.1,All Items,6672,Kraken Slayer,-0.3481,335
16.1,All Items,6673,Immortal Shieldbow,0.0535,11368
16.1,All Items,6676,The Collector,-0.567,54217
16.1,All Items,6694,Serylda's Grudge,3.2876,324
16.1,All Items,6695,Serpent's Fang,0.8851,3028
16.1,All Items,6696,Axiom Arc,-0.3327,326
16.1,All Items,6697,Hubris,-0.6628,10934
16.1,All Items,6699,Voltaic Cyclosword,-2.9189,230
16.1,All Items,6701,Opportunity,1.7256,901
16.2,Keystone,8369,First Strike,1.318,362
16.2,Keystone,8010,Conqueror,2.3708,1640
16.2,Keystone,9923,Hail of Blades,-1.9819,790
16.2,Keystone,8021,Fleet Footwork,-9.9432,130
16.2,Keystone,8005,Press the Attack,-4.0829,15638
16.2,Keystone,8008,Lethal Tempo,0.8944,73384
16.2,Keystone,8128,Dark Harvest,-5.3085,414
16.2,Spell,1,Cleanse,0.7059,9412
16.2,Spell,3,Exhaust,0.4496,2465
16.2,Spell,4,Flash,0.0046,92464
16.2,Spell,6,Ghost,-11.4488,189
16.2,Spell,7,Heal,-2.2321,540
16.2,Spell,12,Teleport,5.9161,116
16.2,Spell,14,Ignite,-8.4171,135
16.2,Spell,21,Barrier,-0.0548,79637
16.2,Starter,1036,Long Sword,-2.5799,318
16.2,Starter,1055,Doran's Blade,0.0223,91661
16.2,Starter,1083,Cull,-5.0947,298
16.2,Boots,3006,Berserker's Greaves,-0.1583,63542
16.2,Boots,3009,Boots of Swiftness,0.0824,3140
16.2,Boots,3047,Plated Steelcaps,0.3658,9905
16.2,Boots,3111,Mercury's Treads,-0.968,4583
16.2,1st Item,2523,Hexoptics C44,1.8582,728
16.2,1st Item,3031,Infinity Edge,-2.1895,793
16.2,1st Item,3032,Yun Tal Wildarrows,-3.4861,193
16.2,1st Item,3072,Bloodthirster,-0.1006,41515
16.2,1st Item,3097,Stormrazor,-1.2983,205
16.2,1st Item,3142,Youmuu's Ghostblade,2.1129,1328
16.2,1st Item,3179,Umbral Glaive,5.2868,1013
16.2,1st Item,3508,Essence Reaver,-0.047,23722
16.2,1st Item,6676,The Collector,-0.4303,14354
16.2,1st Item,6695,Serpent's Fang,3.8844,465
16.2,1st Item,6697,Hubris,0.4131,4911
16.2,2nd Item,2520,Bastionbreaker,9.9562,112
16.2,2nd Item,2523,Hexoptics C44,0.8108,480
16.2,2nd Item,3031,Infinity Edge,0.1773,32465
16.2,2nd Item,3033,Mortal Reminder,-1.1207,997
16.2,2nd Item,3036,Lord Dominik's Regards,1.3129,2836
16.2,2nd Item,3072,Bloodthirster,-0.212,6610
16.2,2nd Item,3073,Experimental Hexplate,0.4256,119
16.2,2nd Item,3078,Trinity Force,1.6259,217
16.2,2nd Item,3097,Stormrazor,-1.6606,264
16.2,2nd Item,3142,Youmuu's Ghostblade,4.2003,710
16.2,2nd Item,3179,Umbral Glaive,0.9583,432
16.2,2nd Item,3508,Essence Reaver,-0.5992,9157
16.2,2nd Item,6673,Immortal Shieldbow,2.162,220
16.2,2nd Item,6676,The Collector,-0.2002,26917
16.2,2nd Item,6695,Serpent's Fang,-1.6999,718
16.2,2nd Item,6697,Hubris,0.6244,808
16.2,2nd Item,6701,Opportunity,4.9321,171
16.2,3rd Item,2520,Bastionbreaker,2.493,109
16.2,3rd Item,2523,Hexoptics C44,-0.344,255
16.2,3rd Item,3031,Infinity Edge,-0.8231,27891
16.2,3rd Item,3033,Mortal Reminder,0.6197,5016
16.2,3rd Item,3036,Lord Dominik's Regards,0.9459,21655
16.2,3rd Item,3046,Phantom Dancer,0.6646,253
16.2,3rd Item,3072,Bloodthirster,-0.2086,3907
16.2,3rd Item,3094,Rapid Firecannon,-1.4096,1241
16.2,3rd Item,3097,Stormrazor,-1.5419,261
16.2,3rd Item,3139,Mercurial Scimitar,-0.5392,159
16.2,3rd Item,3142,Youmuu's Ghostblade,-5.4745,146
16.2,3rd Item,3156,Maw of Malmortius,0.5809,354
16.2,3rd Item,3508,Essence Reaver,-0.67,1072
16.2,3rd Item,3814,Edge of Night,0.9263,235
16.2,3rd Item,6673,Immortal Shieldbow,0.8856,1182
16.2,3rd Item,6676,The Collector,0.0888,3409
16.2,3rd Item,6695,Serpent's Fang,2.5124,562
16.2,3rd Item,6697,Hubris,-0.5817,164
16.2,4th+ Item,2504,Kaenic Rookern,-5.4335,150
16.2,4th+ Item,2512,Fiendhunter Bolts,-3.2514,376
16.2,4th+ Item,2520,Bastionbreaker,-3.5006,348
16.2,4th+ Item,2523,Hexoptics C44,-0.3693,1245
16.2,4th+ Item,3026,Guardian Angel,1.1642,5328
16.2,4th+ Item,3031,Infinity Edge,-0.5344,6441
16.2,4th+ Item,3033,Mortal Reminder,-0.1218,3776
16.2,4th+ Item,3036,Lord Dominik's Regards,0.4778,15868
16.2,4th+ Item,3046,Phantom Dancer,-0.2107,1439
16.2,4th+ Item,3072,Bloodthirster,0.3359,8156
16.2,4th+ Item,3094,Rapid Firecannon,-0.7693,10049
16.2,4th+ Item,3097,Stormrazor,-1.4511,868
16.2,4th+ Item,3139,Mercurial Scimitar,-0.3096,1701
16.2,4th+ Item,3142,Youmuu's Ghostblade,-0.1356,286
16.2,4th+ Item,3143,Randuin's Omen,0.763,322
16.2,4th+ Item,3153,Blade of The Ruined King,-1.3188,205
16.2,4th+ Item,3156,Maw of Malmortius,0.2657,1616
16.2,4th+ Item,3508,Essence Reaver,-0.664,1401
16.2,4th+ Item,3814,Edge of Night,2.9602,827
16.2,4th+ Item,6333,Death's Dance,2.1782,182
16.2,4th+ Item,6665,"Jak'Sho, The Protean",1.6504,136
16.2,4th+ Item,6672,Kraken Slayer,4.9671,138
16.2,4th+ Item,6673,Immortal Shieldbow,0.3716,7734
16.2,4th+ Item,6676,The Collector,-0.303,2966
16.2,4th+ Item,6694,Serylda's Grudge,3.5436,113
16.2,4th+ Item,6695,Serpent's Fang,-0.4468,1017
16.2,4th+ Item,6696,Axiom Arc,-2.6491,105
16.2,4th+ Item,6697,Hubris,-2.4633,459
16.2,4th+ Item,6701,Opportunity,-0.3024,241
16.2,All Items,2504,Kaenic Rookern,-4.0579,192
16.2,All Items,2512,Fiendhunter Bolts,-2.7711,526
16.2,All Items,2517,Endless Hunger,-1.2841,148
16.2,All Items,2520,Bastionbreaker,0.1983,605
16.2,All Items,2523,Hexoptics C44,0.4264,2766
16.2,All Items,3026,Guardian Angel,1.2639,6037
16.2,All Items,3031,Infinity Edge,-0.3301,67622
16.2,All Items,3032,Yun Tal Wildarrows,-1.833,336
16.2,All Items,3033,Mortal Reminder,0.1296,9870
16.2,All Items,3036,Lord Dominik's Regards,0.791,40497
16.2,All Items,3046,Phantom Dancer,-0.0559,1778
16.2,All Items,3065,Spirit Visage,-4.0438,111
16.2,All Items,3072,Bloodthirster,-0.068,60305
16.2,All Items,3073,Experimental Hexplate,2.5438,251
16.2,All Items,3078,Trinity Force,-0.6445,413
16.2,All Items,3094,Rapid Firecannon,-0.8588,11566
16.2,All Items,3097,Stormrazor,-1.1398,1676
16.2,All Items,3139,Mercurial Scimitar,-0.5014,2103
16.2,All Items,3142,Youmuu's Ghostblade,1.9185,2501
16.2,All Items,3143,Randuin's Omen,-0.3648,398
16.2,All Items,3153,Blade of The Ruined King,-1.3813,300
16.2,All Items,3156,Maw of Malmortius,0.2347,2213
16.2,All Items,3179,Umbral Glaive,4.033,1524
16.2,All Items,3508,Essence Reaver,-0.2363,35442
16.2,All Items,3814,Edge of Night,2.2492,1237
16.2,All Items,6333,Death's Dance,3.2079,269
16.2,All Items,6665,"Jak'Sho, The Protean",1.027,181
16.2,All Items,6672,Kraken Slayer,0.5958,310
16.2,All Items,6673,Immortal Shieldbow,0.445,9441
16.2,All Items,6676,The Collector,-0.261,47708
16.2,All Items,6694,Serylda's Grudge,0.0467,186
16.2,All Items,6695,Serpent's Fang,0.5023,2805
16.2,All Items,6696,Axiom Arc,0.8449,221
16.2,All Items,6697,Hubris,0.1743,6394
16.2,All Items,6699,Voltaic Cyclosword,2.4793,257
16.2,All Items,6701,Opportunity,2.7134,613
16.3,Keystone,8369,First Strike,1.7574,529
16.3,Keystone,8010,Conqueror,0.4952,1829
16.3,Keystone,9923,Hail of Blades,-1.2862,819
16.3,Keystone,8021,Fleet Footwork,-7.5093,140
16.3,Keystone,8005,Press the Attack,-3.8935,17069
16.3,Keystone,8008,Lethal Tempo,0.8533,82787
16.3,Keystone,8128,Dark Harvest,-2.3369,691
16.3,Spell,1,Cleanse,0.3264,10645
16.3,Spell,3,Exhaust,0.4695,2748
16.3,Spell,4,Flash,0.0004,104016
16.3,Spell,6,Ghost,-9.4685,174
16.3,Spell,7,Heal,-3.7934,628
16.3,Spell,12,Teleport,-4.2456,130
16.3,Spell,14,Ignite,-11.1161,130
16.3,Spell,21,Barrier,0.0136,89587
16.3,Starter,1036,Long Sword,-1.5526,324
16.3,Starter,1055,Doran's Blade,-0.0108,102836
16.3,Starter,1083,Cull,3.8197,570
16.3,Boots,3006,Berserker's Greaves,-0.1839,70242
16.3,Boots,3009,Boots of Swiftness,-0.336,3819
16.3,Boots,3047,Plated Steelcaps,0.7068,12024
16.3,Boots,3111,Mercury's Treads,-0.1534,5056
16.3,1st Item,2523,Hexoptics C44,3.7626,1701
16.3,1st Item,3031,Infinity Edge,-2.832,923
16.3,1st Item,3032,Yun Tal Wildarrows,-0.7968,201
16.3,1st Item,3072,Bloodthirster,0.2363,55653
16.3,1st Item,3097,Stormrazor,-2.9707,171
16.3,1st Item,3142,Youmuu's Ghostblade,2.1777,1311
16.3,1st Item,3179,Umbral Glaive,2.8949,932
16.3,1st Item,3508,Essence Reaver,-0.1815,16239
16.3,1st Item,6676,The Collector,-1.1883,15971
16.3,1st Item,6695,Serpent's Fang,-0.1273,638
16.3,1st Item,6697,Hubris,0.212,5658
16.3,1st Item,6701,Opportunity,-1.3626,266
16.3,2nd Item,2520,Bastionbreaker,-2.1333,123
16.3,2nd Item,2523,Hexoptics C44,0.7948,1389
16.3,2nd Item,3031,Infinity Edge,0.3846,32936
16.3,2nd Item,3032,Yun Tal Wildarrows,-3.036,116
16.3,2nd Item,3033,Mortal Reminder,3.0214,1189
16.3,2nd Item,3036,Lord Dominik's Regards,0.7242,3176
16.3,2nd Item,3072,Bloodthirster,-0.2863,7222
16.3,2nd Item,3073,Experimental Hexplate,-6.0206,109
16.3,2nd Item,3078,Trinity Force,1.5892,275
16.3,2nd Item,3094,Rapid Firecannon,-4.6939,136
16.3,2nd Item,3097,Stormrazor,1.5439,265
16.3,2nd Item,3139,Mercurial Scimitar,6.8747,110
16.3,2nd Item,3142,Youmuu's Ghostblade,0.5061,798
16.3,2nd Item,3156,Maw of Malmortius,-0.5487,127
16.3,2nd Item,3179,Umbral Glaive,3.8406,394
16.3,2nd Item,3508,Essence Reaver,0.1775,8375
16.3,2nd Item,3814,Edge of Night,-3.7208,138
16.3,2nd Item,6673,Immortal Shieldbow,-3.7831,268
16.3,2nd Item,6676,The Collector,-0.5193,34540
16.3,2nd Item,6695,Serpent's Fang,-0.7669,873
16.3,2nd Item,6697,Hubris,0.5243,876
16.3,2nd Item,6701,Opportunity,-2.7791,206
16.3,3rd Item,2520,Bastionbreaker,1.0066,151
16.3,3rd Item,2523,Hexoptics C44,0.73,712
16.3,3rd Item,3026,Guardian Angel,5.1031,113
16.3,3rd Item,3031,Infinity Edge,-0.8587,33490
16.3,3rd Item,3033,Mortal Reminder,0.9002,5496
16.3,3rd Item,3036,Lord Dominik's Regards,1.0826,22798
16.3,3rd Item,3046,Phantom Dancer,0.6235,285
16.3,3rd Item,3072,Bloodthirster,0.1934,3547
16.3,3rd Item,3094,Rapid Firecannon,-2.5202,1289
16.3,3rd Item,3097,Stormrazor,-2.8194,277
16.3,3rd Item,3139,Mercurial Scimitar,1.2294,178
16.3,3rd Item,3142,Youmuu's Ghostblade,0.5292,183
16.3,3rd Item,3156,Maw of Malmortius,0.8224,297
16.3,3rd Item,3508,Essence Reaver,-0.3936,1101
16.3,3rd Item,3814,Edge of Night,7.0539,256
16.3,3rd Item,6673,Immortal Shieldbow,-0.2594,1244
16.3,3rd Item,6676,The Collector,0.0195,3785
16.3,3rd Item,6694,Serylda's Grudge,-0.1083,120
16.3,3rd Item,6695,Serpent's Fang,1.2882,705
16.3,3rd Item,6696,Axiom Arc,-2.7722,118
16.3,3rd Item,6697,Hubris,2.7777,200
16.3,3rd Item,6701,Opportunity,-5.5891,120
16.3,4th+ Item,2504,Kaenic Rookern,0.0397,159
16.3,4th+ Item,2512,Fiendhunter Bolts,0.8325,347
16.3,4th+ Item,2520,Bastionbreaker,-2.0717,434
16.3,4th+ Item,2523,Hexoptics C44,-0.3453,2370
16.3,4th+ Item,3026,Guardian Angel,1.7254,6154
16.3,4th+ Item,3031,Infinity Edge,0.0346,7322
16.3,4th+ Item,3033,Mortal Reminder,-0.1072,4369
16.3,4th+ Item,3036,Lord Dominik's Regards,0.2547,18735
16.3,4th+ Item,3046,Phantom Dancer,1.7089,1361
16.3,4th+ Item,3072,Bloodthirster,0.5235,6830
16.3,4th+ Item,3078,Trinity Force,0.682,114
16.3,4th+ Item,3094,Rapid Firecannon,-0.9692,12223
16.3,4th+ Item,3097,Stormrazor,-0.9295,933
16.3,4th+ Item,3139,Mercurial Scimitar,-0.3547,1961
16.3,4th+ Item,3142,Youmuu's Ghostblade,1.3063,344
16.3,4th+ Item,3143,Randuin's Omen,-1.4682,346
16.3,4th+ Item,3153,Blade of The Ruined King,-1.3076,223
16.3,4th+ Item,3156,Maw of Malmortius,-2.5395,1627
16.3,4th+ Item,3508,Essence Reaver,-1.8377,1800
16.3,4th+ Item,3814,Edge of Night,1.1269,867
16.3,4th+ Item,6333,Death's Dance,3.4379,224
16.3,4th+ Item,6665,"Jak'Sho, The Protean",-3.0821,154
16.3,4th+ Item,6673,Immortal Shieldbow,-0.0713,8461
16.3,4th+ Item,6676,The Collector,0.7936,3242
16.3,4th+ Item,6694,Serylda's Grudge,-3.2277,138
16.3,4th+ Item,6695,Serpent's Fang,0.2386,1141
16.3,4th+ Item,6696,Axiom Arc,3.5739,161
16.3,4th+ Item,6697,Hubris,-0.9362,459
16.3,4th+ Item,6701,Opportunity,-1.1777,220
16.3,All Items,2504,Kaenic Rookern,0.3773,185
16.3,All Items,2512,Fiendhunter Bolts,0.0076,491
16.3,All Items,2517,Endless Hunger,-1.9986,230
16.3,All Items,2520,Bastionbreaker,-1.5824,775
16.3,All Items,2523,Hexoptics C44,1.1044,6285
16.3,All Items,3026,Guardian Angel,1.7698,6938
16.3,All Items,3031,Infinity Edge,-0.2463,74731
16.3,All Items,3032,Yun Tal Wildarrows,-1.8523,366
16.3,All Items,3033,Mortal Reminder,0.6826,11157
16.3,All Items,3036,Lord Dominik's Regards,0.7232,44872
16.3,All Items,3046,Phantom Dancer,1.241,1752
16.3,All Items,3065,Spirit Visage,-2.8209,112
16.3,All Items,3072,Bloodthirster,0.2099,73365
16.3,All Items,3073,Experimental Hexplate,-1.5662,266
16.3,All Items,3078,Trinity Force,0.436,489
16.3,All Items,3094,Rapid Firecannon,-1.1584,13852
16.3,All Items,3097,Stormrazor,-0.8817,1722
16.3,All Items,3139,Mercurial Scimitar,-0.0155,2458
16.3,All Items,3142,Youmuu's Ghostblade,1.4407,2663
16.3,All Items,3143,Randuin's Omen,0.2883,453
16.3,All Items,3153,Blade of The Ruined King,-2.6119,349
16.3,All Items,3156,Maw of Malmortius,-1.9749,2189
16.3,All Items,3179,Umbral Glaive,2.4541,1436
16.3,All Items,3508,Essence Reaver,-0.1924,27610
16.3,All Items,3814,Edge of Night,1.973,1356
16.3,All Items,6333,Death's Dance,1.0245,299
16.3,All Items,6665,"Jak'Sho, The Protean",-3.3088,190
16.3,All Items,6672,Kraken Slayer,0.7789,271
16.3,All Items,6673,Immortal Shieldbow,-0.1823,10328
16.3,All Items,6676,The Collector,-0.5936,57600
16.3,All Items,6694,Serylda's Grudge,0.2997,339
16.3,All Items,6695,Serpent's Fang,0.1324,3390
16.3,All Items,6696,Axiom Arc,0.0139,342
16.3,All Items,6697,Hubris,0.2089,7246
16.3,All Items,6699,Voltaic Cyclosword,-1.8123,261
16.3,All Items,6701,Opportunity,-2.2964,823
16.4,Keystone,8369,First Strike,0.3966,384
16.4,Keystone,8010,Conqueror,0.0178,1716
16.4,Keystone,9923,Hail of Blades,-1.4797,714
16.4,Keystone,8021,Fleet Footwork,-1.4094,143
16.4,Keystone,8005,Press the Attack,-2.6187,13598
16.4,Keystone,8008,Lethal Tempo,0.4575,80820
16.4,Keystone,8128,Dark Harvest,2.1165,580
16.4,Spell,1,Cleanse,0.1154,10169
16.4,Spell,3,Exhaust,0.0021,2366
16.4,Spell,4,Flash,0.002,98058
16.4,Spell,6,Ghost,-1.867,179
16.4,Spell,7,Heal,-4.49,636
16.4,Spell,12,Teleport,6.9494,133
16.4,Spell,14,Ignite,-11.1812,116
16.4,Spell,21,Barrier,0.0259,84487
16.4,Starter,1036,Long Sword,-1.4231,406
16.4,Starter,1055,Doran's Blade,-0.0018,96920
16.4,Starter,1083,Cull,1.6071,502
16.4,Boots,3006,Berserker's Greaves,-0.5157,66236
16.4,Boots,3009,Boots of Swiftness,-1.4748,3366
16.4,Boots,3047,Plated Steelcaps,0.4299,11455
16.4,Boots,3111,Mercury's Treads,0.044,4730
16.4,1st Item,2523,Hexoptics C44,2.2019,2790
16.4,1st Item,3031,Infinity Edge,0.523,925
16.4,1st Item,3032,Yun Tal Wildarrows,-1.0445,129
16.4,1st Item,3072,Bloodthirster,-0.2987,55071
16.4,1st Item,3097,Stormrazor,3.9519,145
16.4,1st Item,3142,Youmuu's Ghostblade,2.4356,983
16.4,1st Item,3179,Umbral Glaive,6.2966,490
16.4,1st Item,3508,Essence Reaver,0.216,9992
16.4,1st Item,6676,The Collector,-0.5977,14624
16.4,1st Item,6695,Serpent's Fang,4.1254,598
16.4,1st Item,6697,Hubris,1.2644,7978
16.4,1st Item,6701,Opportunity,-1.9189,185
16.4,2nd Item,2523,Hexoptics C44,0.674,4534
16.4,2nd Item,3031,Infinity Edge,0.0407,28718
16.4,2nd Item,3033,Mortal Reminder,1.7153,1168
16.4,2nd Item,3036,Lord Dominik's Regards,0.5494,3325
16.4,2nd Item,3072,Bloodthirster,-0.3617,6761
16.4,2nd Item,3073,Experimental Hexplate,-3.0687,115
16.4,2nd Item,3078,Trinity Force,-0.6309,766
16.4,2nd Item,3094,Rapid Firecannon,-2.415,125
16.4,2nd Item,3097,Stormrazor,0.5657,207
16.4,2nd Item,3139,Mercurial Scimitar,-4.6655,102
16.4,2nd Item,3142,Youmuu's Ghostblade,3.0801,570
16.4,2nd Item,3156,Maw of Malmortius,2.9969,141
16.4,2nd Item,3179,Umbral Glaive,6.8519,171
16.4,2nd Item,3508,Essence Reaver,0.0257,5734
16.4,2nd Item,3814,Edge of Night,1.0086,107
16.4,2nd Item,6673,Immortal Shieldbow,1.4442,310
16.4,2nd Item,6676,The Collector,-0.3317,33285
16.4,2nd Item,6695,Serpent's Fang,1.6775,823
16.4,2nd Item,6697,Hubris,2.0225,818
16.4,2nd Item,6701,Opportunity,0.1199,326
16.4,3rd Item,2520,Bastionbreaker,1.1808,121
16.4,3rd Item,2523,Hexoptics C44,0.4621,2013
16.4,3rd Item,3026,Guardian Angel,-1.5543,129
16.4,3rd Item,3031,Infinity Edge,-0.7666,32089
16.4,3rd Item,3033,Mortal Reminder,0.1904,5313
16.4,3rd Item,3036,Lord Dominik's Regards,1.0801,20983
16.4,3rd Item,3046,Phantom Dancer,-0.5886,361
16.4,3rd Item,3072,Bloodthirster,0.6272,2653
16.4,3rd Item,3078,Trinity Force,-7.718,105
16.4,3rd Item,3094,Rapid Firecannon,-0.6057,1252
16.4,3rd Item,3097,Stormrazor,3.0038,106
16.4,3rd Item,3139,Mercurial Scimitar,-2.9664,174
16.4,3rd Item,3142,Youmuu's Ghostblade,2.2418,166
16.4,3rd Item,3156,Maw of Malmortius,4.3127,309
16.4,3rd Item,3508,Essence Reaver,-1.5371,1051
16.4,3rd Item,3814,Edge of Night,2.5895,267
16.4,3rd Item,6673,Immortal Shieldbow,1.07,1223
16.4,3rd Item,6676,The Collector,0.1132,3215
16.4,3rd Item,6695,Serpent's Fang,0.9954,577
16.4,3rd Item,6697,Hubris,-6.1058,197
16.4,3rd Item,6701,Opportunity,-2.0335,130
16.4,4th+ Item,2504,Kaenic Rookern,-0.9208,145
16.4,4th+ Item,2512,Fiendhunter Bolts,-2.3627,216
16.4,4th+ Item,2520,Bastionbreaker,-0.0671,258
16.4,4th+ Item,2523,Hexoptics C44,0.683,5431
16.4,4th+ Item,3026,Guardian Angel,1.4117,6061
16.4,4th+ Item,3031,Infinity Edge,-0.0182,8052
16.4,4th+ Item,3033,Mortal Reminder,-0.6946,4232
16.4,4th+ Item,3036,Lord Dominik's Regards,0.4799,17961
16.4,4th+ Item,3046,Phantom Dancer,-0.3391,1366
16.4,4th+ Item,3072,Bloodthirster,0.5245,5937
16.4,4th+ Item,3078,Trinity Force,-8.4098,153
16.4,4th+ Item,3094,Rapid Firecannon,-0.923,11591
16.4,4th+ Item,3097,Stormrazor,-0.6835,314
16.4,4th+ Item,3139,Mercurial Scimitar,-1.6125,1912
16.4,4th+ Item,3142,Youmuu's Ghostblade,-1.485,332
16.4,4th+ Item,3143,Randuin's Omen,-2.2706,298
16.4,4th+ Item,3153,Blade of The Ruined King,-3.5504,243
16.4,4th+ Item,3156,Maw of Malmortius,0.6377,1372
16.4,4th+ Item,3508,Essence Reaver,0.1249,1367
16.4,4th+ Item,3814,Edge of Night,3.0484,933
16.4,4th+ Item,6333,Death's Dance,-0.4141,223
16.4,4th+ Item,6665,"Jak'Sho, The Protean",-4.0636,148
16.4,4th+ Item,6673,Immortal Shieldbow,-0.3512,7879
16.4,4th+ Item,6676,The Collector,0.4916,2654
16.4,4th+ Item,6694,Serylda's Grudge,-5.5923,129
16.4,4th+ Item,6695,Serpent's Fang,-0.1228,1033
16.4,4th+ Item,6696,Axiom Arc,-2.66,106
16.4,4th+ Item,6697,Hubris,-1.1008,539
16.4,4th+ Item,6701,Opportunity,-1.0649,275
16.4,All Items,2504,Kaenic Rookern,0.1674,181
16.4,All Items,2512,Fiendhunter Bolts,-1.5032,332
16.4,All Items,2517,Endless Hunger,-3.5347,125
16.4,All Items,2520,Bastionbreaker,0.998,448
16.4,All Items,2523,Hexoptics C44,0.9242,14965
16.4,All Items,3026,Guardian Angel,1.4486,6935
16.4,All Items,3031,Infinity Edge,-0.3297,69837
16.4,All Items,3032,Yun Tal Wildarrows,-2.2361,264
16.4,All Items,3033,Mortal Reminder,-0.0252,10817
16.4,All Items,3036,Lord Dominik's Regards,0.7929,42415
16.4,All Items,3046,Phantom Dancer,-0.5311,1842
16.4,All Items,3065,Spirit Visage,-1.366,108
16.4,All Items,3072,Bloodthirster,-0.2014,70536
16.4,All Items,3073,Experimental Hexplate,-4.3046,243
16.4,All Items,3078,Trinity Force,-2.6891,1103
16.4,All Items,3094,Rapid Firecannon,-0.9115,13194
16.4,All Items,3097,Stormrazor,1.1913,815
16.4,All Items,3139,Mercurial Scimitar,-1.6745,2444
16.4,All Items,3142,Youmuu's Ghostblade,1.8817,2076
16.4,All Items,3143,Randuin's Omen,-1.91,376
16.4,All Items,3153,Blade of The Ruined King,-4.3768,408
16.4,All Items,3156,Maw of Malmortius,1.5674,1968
16.4,All Items,3179,Umbral Glaive,6.2639,738
16.4,All Items,3508,Essence Reaver,0.0396,18240
16.4,All Items,3814,Edge of Night,2.5596,1383
16.4,All Items,6333,Death's Dance,-0.33,328
16.4,All Items,6665,"Jak'Sho, The Protean",-3.9304,186
16.4,All Items,6672,Kraken Slayer,-3.63,240
16.4,All Items,6673,Immortal Shieldbow,-0.1254,9752
16.4,All Items,6676,The Collector,-0.344,53838
16.4,All Items,6694,Serylda's Grudge,-3.5073,233
16.4,All Items,6695,Serpent's Fang,1.3801,3072
16.4,All Items,6696,Axiom Arc,-1.0071,275
16.4,All Items,6697,Hubris,0.9901,9600
16.4,All Items,6699,Voltaic Cyclosword,2.8207,200
16.4,All Items,6701,Opportunity,-0.8437,923
16.5,Keystone,8369,First Strike,-1.9193,663
16.5,Keystone,8010,Conqueror,0.7429,1823
16.5,Keystone,9923,Hail of Blades,-1.4716,1164
16.5,Keystone,8021,Fleet Footwork,-0.6845,258
16.5,Keystone,8005,Press the Attack,-1.7914,15617
16.5,Keystone,8008,Lethal Tempo,0.327,103474
16.5,Keystone,8128,Dark Harvest,-3.2762,706
16.5,Spell,1,Cleanse,0.3491,12620
16.5,Spell,3,Exhaust,-0.043,2807
16.5,Spell,4,Flash,0.005,123859
16.5,Spell,6,Ghost,-9.3884,229
16.5,Spell,7,Heal,-4.6117,716
16.5,Spell,12,Teleport,3.661,213
16.5,Spell,14,Ignite,-6.38,219
16.5,Spell,21,Barrier,0.0109,107105
16.5,Starter,1036,Long Sword,-3.9811,494
16.5,Starter,1055,Doran's Blade,0.0219,122457
16.5,Starter,1083,Cull,-0.3847,615
16.5,Boots,3006,Berserker's Greaves,-0.3046,83639
16.5,Boots,3009,Boots of Swiftness,-1.4672,4868
16.5,Boots,3047,Plated Steelcaps,0.9219,13822
16.5,Boots,3111,Mercury's Treads,-0.4803,5854
16.5,1st Item,2523,Hexoptics C44,0.8171,2370
16.5,1st Item,3031,Infinity Edge,-3.2113,739
16.5,1st Item,3032,Yun Tal Wildarrows,-4.6017,154
16.5,1st Item,3072,Bloodthirster,0.0057,56068
16.5,1st Item,3142,Youmuu's Ghostblade,0.4089,607
16.5,1st Item,3179,Umbral Glaive,1.862,239
16.5,1st Item,3508,Essence Reaver,-0.1187,4822
16.5,1st Item,6676,The Collector,-1.288,14250
16.5,1st Item,6695,Serpent's Fang,1.9151,680
16.5,1st Item,6697,Hubris,0.4816,38555
16.5,1st Item,6701,Opportunity,2.2818,105
16.5,2nd Item,2523,Hexoptics C44,0.7981,17684
16.5,2nd Item,3031,Infinity Edge,0.0369,25552
16.5,2nd Item,3032,Yun Tal Wildarrows,1.6621,145
16.5,2nd Item,3033,Mortal Reminder,0.6109,1381
16.5,2nd Item,3036,Lord Dominik's Regards,0.1771,3556
16.5,2nd Item,3072,Bloodthirster,0.0364,10454
16.5,2nd Item,3073,Experimental Hexplate,-2.0869,134
16.5,2nd Item,3078,Trinity Force,-1.0516,524
16.5,2nd Item,3094,Rapid Firecannon,-2.6033,150
16.5,2nd Item,3097,Stormrazor,-1.0062,195
16.5,2nd Item,3139,Mercurial Scimitar,-0.1341,118
16.5,2nd Item,3142,Youmuu's Ghostblade,1.2959,651
16.5,2nd Item,3156,Maw of Malmortius,-8.7376,159
16.5,2nd Item,3179,Umbral Glaive,3.6833,233
16.5,2nd Item,3508,Essence Reaver,-0.245,4271
16.5,2nd Item,3814,Edge of Night,-1.1681,110
16.5,2nd Item,6673,Immortal Shieldbow,-4.3649,341
16.5,2nd Item,6676,The Collector,-0.3641,42435
16.5,2nd Item,6695,Serpent's Fang,0.6786,1215
16.5,2nd Item,6697,Hubris,0.2389,2184
16.5,2nd Item,6701,Opportunity,4.931,268
16.5,3rd Item,2523,Hexoptics C44,0.1657,2469
16.5,3rd Item,3026,Guardian Angel,-1.5481,195
16.5,3rd Item,3031,Infinity Edge,-0.4728,44697
16.5,3rd Item,3033,Mortal Reminder,-0.0273,6265
16.5,3rd Item,3036,Lord Dominik's Regards,0.954,23088
16.5,3rd Item,3046,Phantom Dancer,2.051,287
16.5,3rd Item,3072,Bloodthirster,-0.3699,3719
16.5,3rd Item,3078,Trinity Force,-2.3136,153
16.5,3rd Item,3094,Rapid Firecannon,-0.3768,1378
16.5,3rd Item,3097,Stormrazor,-9.178,115
16.5,3rd Item,3139,Mercurial Scimitar,-0.6433,266
16.5,3rd Item,3142,Youmuu's Ghostblade,2.6942,328
16.5,3rd Item,3156,Maw of Malmortius,0.6762,327
16.5,3rd Item,3508,Essence Reaver,-2.124,897
16.5,3rd Item,3814,Edge of Night,5.5111,397
16.5,3rd Item,6673,Immortal Shieldbow,1.0902,1393
16.5,3rd Item,6676,The Collector,0.3283,5427
16.5,3rd Item,6695,Serpent's Fang,-0.4082,725
16.5,3rd Item,6697,Hubris,-4.3515,252
16.5,3rd Item,6701,Opportunity,0.1748,218
16.5,4th+ Item,2504,Kaenic Rookern,-0.2354,186
16.5,4th+ Item,2512,Fiendhunter Bolts,1.9339,283
16.5,4th+ Item,2520,Bastionbreaker,-1.1404,331
16.5,4th+ Item,2523,Hexoptics C44,0.2822,5095
16.5,4th+ Item,3026,Guardian Angel,1.3816,7419
16.5,4th+ Item,3031,Infinity Edge,-0.3794,13363
16.5,4th+ Item,3033,Mortal Reminder,-0.2936,5764
16.5,4th+ Item,3036,Lord Dominik's Regards,0.5911,25918
16.5,4th+ Item,3046,Phantom Dancer,0.5119,1601
16.5,4th+ Item,3072,Bloodthirster,0.1671,8347
16.5,4th+ Item,3073,Experimental Hexplate,-2.7869,464
16.5,4th+ Item,3078,Trinity Force,0.3412,465
16.5,4th+ Item,3094,Rapid Firecannon,-0.6685,14319
16.5,4th+ Item,3097,Stormrazor,-1.7663,312
16.5,4th+ Item,3139,Mercurial Scimitar,-0.6142,2427
16.5,4th+ Item,3142,Youmuu's Ghostblade,-1.9985,358
16.5,4th+ Item,3143,Randuin's Omen,-0.3139,369
16.5,4th+ Item,3153,Blade of The Ruined King,-1.2628,286
16.5,4th+ Item,3156,Maw of Malmortius,-0.5358,1562
16.5,4th+ Item,3508,Essence Reaver,-3.4564,864
16.5,4th+ Item,3814,Edge of Night,0.7909,1015
16.5,4th+ Item,6333,Death's Dance,-2.6005,248
16.5,4th+ Item,6665,"Jak'Sho, The Protean",-2.1026,141
16.5,4th+ Item,6673,Immortal Shieldbow,0.0921,10199
16.5,4th+ Item,6676,The Collector,-0.0377,3402
16.5,4th+ Item,6694,Serylda's Grudge,3.5399,136
16.5,4th+ Item,6695,Serpent's Fang,-0.5628,1341
16.5,4th+ Item,6696,Axiom Arc,1.4347,132
16.5,4th+ Item,6697,Hubris,-2.4448,637
16.5,4th+ Item,6699,Voltaic Cyclosword,-1.8677,144
16.5,4th+ Item,6701,Opportunity,-1.8735,332
16.5,All Items,2504,Kaenic Rookern,0.2246,233
16.5,All Items,2512,Fiendhunter Bolts,-0.0155,385
16.5,All Items,2517,Endless Hunger,-1.0962,158
16.5,All Items,2520,Bastionbreaker,-1.4332,473
16.5,All Items,2523,Hexoptics C44,0.6511,27810
16.5,All Items,3026,Guardian Angel,1.4511,8602
16.5,All Items,3031,Infinity Edge,-0.3243,84445
16.5,All Items,3032,Yun Tal Wildarrows,-0.9429,404
16.5,All Items,3033,Mortal Reminder,-0.0702,13522
16.5,All Items,3036,Lord Dominik's Regards,0.7263,52805
16.5,All Items,3046,Phantom Dancer,0.5414,2031
16.5,All Items,3065,Spirit Visage,0.3149,116
16.5,All Items,3072,Bloodthirster,0.0132,78899
16.5,All Items,3073,Experimental Hexplate,-2.9151,794
16.5,All Items,3078,Trinity Force,-0.8792,1236
16.5,All Items,3091,Wit's End,-3.9805,102
16.5,All Items,3094,Rapid Firecannon,-0.6883,16156
16.5,All Items,3097,Stormrazor,-2.6504,767
16.5,All Items,3139,Mercurial Scimitar,-0.6409,3146
16.5,All Items,3142,Youmuu's Ghostblade,0.7318,1975
16.5,All Items,3143,Randuin's Omen,-0.2933,493
16.5,All Items,3153,Blade of The Ruined King,-2.3841,467
16.5,All Items,3156,Maw of Malmortius,-0.9173,2209
16.5,All Items,3179,Umbral Glaive,1.406,593
16.5,All Items,3508,Essence Reaver,-0.5869,10935
16.5,All Items,3814,Edge of Night,1.534,1624
16.5,All Items,6333,Death's Dance,-0.8895,365
16.5,All Items,6665,"Jak'Sho, The Protean",-2.3992,198
16.5,All Items,6672,Kraken Slayer,-5.7055,287
16.5,All Items,6673,Immortal Shieldbow,0.0406,12444
16.5,All Items,6676,The Collector,-0.4885,65590
16.5,All Items,6694,Serylda's Grudge,2.4121,218
16.5,All Items,6695,Serpent's Fang,0.2561,4016
16.5,All Items,6696,Axiom Arc,0.3193,271
16.5,All Items,6697,Hubris,0.4027,41689
16.5,All Items,6699,Voltaic Cyclosword,-1.0698,335
16.5,All Items,6701,Opportunity,1.02,937
16.6,Keystone,8369,First Strike,4.3883,620
16.6,Keystone,8010,Conqueror,0.627,1916
16.6,Keystone,9923,Hail of Blades,-0.9329,1055
16.6,Keystone,8021,Fleet Footwork,-6.3202,210
16.6,Keystone,8005,Press the Attack,-2.2563,16217
16.6,Keystone,8008,Lethal Tempo,0.3619,108063
16.6,Keystone,8128,Dark Harvest,-2.1935,952
16.6,Spell,1,Cleanse,0.2656,13352
16.6,Spell,3,Exhaust,-0.1335,3078
16.6,Spell,4,Flash,0.0008,129217
16.6,Spell,6,Ghost,-3.8081,267
16.6,Spell,7,Heal,-2.2202,725
16.6,Spell,12,Teleport,-3.2077,189
16.6,Spell,14,Ignite,-6.6365,235
16.6,Spell,21,Barrier,0.014,111417
16.6,Starter,1036,Long Sword,-2.2798,490
16.6,Starter,1055,Doran's Blade,0.017,127775
16.6,Starter,1083,Cull,-1.3963,514
16.6,Boots,3006,Berserker's Greaves,-0.3088,86168
16.6,Boots,3009,Boots of Swiftness,0.5293,4734
16.6,Boots,3047,Plated Steelcaps,0.6899,15503
16.6,Boots,3111,Mercury's Treads,-0.8039,5873
16.6,1st Item,2523,Hexoptics C44,-0.2574,2363
16.6,1st Item,3031,Infinity Edge,-0.8839,611
16.6,1st Item,3032,Yun Tal Wildarrows,-2.3311,215
16.6,1st Item,3072,Bloodthirster,0.0098,43005
16.6,1st Item,3142,Youmuu's Ghostblade,-0.4282,380
16.6,1st Item,3508,Essence Reaver,0.6026,3393
16.6,1st Item,6672,Kraken Slayer,0.3869,111
16.6,1st Item,6676,The Collector,-1.5163,12512
16.6,1st Item,6695,Serpent's Fang,1.6404,754
16.6,1st Item,6697,Hubris,0.2877,60276
16.6,2nd Item,2523,Hexoptics C44,0.2203,31859
16.6,2nd Item,3031,Infinity Edge,0.2224,19745
16.6,2nd Item,3032,Yun Tal Wildarrows,2.7909,128
16.6,2nd Item,3033,Mortal Reminder,1.9253,957
16.6,2nd Item,3036,Lord Dominik's Regards,-0.5885,2631
16.6,2nd Item,3072,Bloodthirster,-0.6289,8783
16.6,2nd Item,3078,Trinity Force,-3.2837,339
16.6,2nd Item,3094,Rapid Firecannon,-1.1872,151
16.6,2nd Item,3142,Youmuu's Ghostblade,2.6485,442
16.6,2nd Item,3156,Maw of Malmortius,1.1409,153
16.6,2nd Item,3508,Essence Reaver,-1.0776,3820
16.6,2nd Item,6673,Immortal Shieldbow,3.0319,319
16.6,2nd Item,6676,The Collector,-0.0733,42626
16.6,2nd Item,6695,Serpent's Fang,1.2862,1306
16.6,2nd Item,6697,Hubris,-0.8036,2989
16.6,2nd Item,6701,Opportunity,6.3807,158
16.6,3rd Item,2523,Hexoptics C44,0.6586,4089
16.6,3rd Item,3031,Infinity Edge,-0.5827,50697
16.6,3rd Item,3033,Mortal Reminder,0.7939,5951
16.6,3rd Item,3036,Lord Dominik's Regards,1.3085,22297
16.6,3rd Item,3046,Phantom Dancer,0.6381,249
16.6,3rd Item,3072,Bloodthirster,-0.5811,3593
16.6,3rd Item,3078,Trinity Force,-0.2113,142
16.6,3rd Item,3094,Rapid Firecannon,-2.8404,1166
16.6,3rd Item,3139,Mercurial Scimitar,-0.4328,230
16.6,3rd Item,3142,Youmuu's Ghostblade,0.6294,266
16.6,3rd Item,3156,Maw of Malmortius,-2.278,315
16.6,3rd Item,3508,Essence Reaver,1.9213,992
16.6,3rd Item,3814,Edge of Night,2.5899,262
16.6,3rd Item,6673,Immortal Shieldbow,0.22,1166
16.6,3rd Item,6676,The Collector,-0.6764,4615
16.6,3rd Item,6695,Serpent's Fang,1.4196,765
16.6,3rd Item,6697,Hubris,-1.4417,296
16.6,3rd Item,6701,Opportunity,1.6115,211
16.6,4th+ Item,2504,Kaenic Rookern,0.722,184
16.6,4th+ Item,2512,Fiendhunter Bolts,-0.5526,182
16.6,4th+ Item,2520,Bastionbreaker,0.8581,201
16.6,4th+ Item,2523,Hexoptics C44,0.5405,7568
16.6,4th+ Item,3026,Guardian Angel,0.4825,6349
16.6,4th+ Item,3031,Infinity Edge,-0.2969,15342
16.6,4th+ Item,3033,Mortal Reminder,0.2477,5887
16.6,4th+ Item,3036,Lord Dominik's Regards,0.4958,29407
16.6,4th+ Item,3046,Phantom Dancer,-0.2907,1417
16.6,4th+ Item,3072,Bloodthirster,0.1107,10811
16.6,4th+ Item,3078,Trinity Force,1.1667,355
16.6,4th+ Item,3094,Rapid Firecannon,-1.0973,12277
16.6,4th+ Item,3097,Stormrazor,2.1173,263
16.6,4th+ Item,3139,Mercurial Scimitar,0.3807,2480
16.6,4th+ Item,3142,Youmuu's Ghostblade,-0.4133,284
16.6,4th+ Item,3143,Randuin's Omen,-1.2726,351
16.6,4th+ Item,3153,Blade of The Ruined King,-1.5599,277
16.6,4th+ Item,3156,Maw of Malmortius,-0.6768,1510
16.6,4th+ Item,3508,Essence Reaver,-3.0864,1157
16.6,4th+ Item,3814,Edge of Night,2.0846,790
16.6,4th+ Item,6333,Death's Dance,-0.7713,228
16.6,4th+ Item,6665,"Jak'Sho, The Protean",-4.5739,128
16.6,4th+ Item,6673,Immortal Shieldbow,0.1831,9161
16.6,4th+ Item,6676,The Collector,0.245,2951
16.6,4th+ Item,6694,Serylda's Grudge,1.8868,114
16.6,4th+ Item,6695,Serpent's Fang,-2.107,1261
16.6,4th+ Item,6696,Axiom Arc,1.7246,121
16.6,4th+ Item,6697,Hubris,-1.5824,702
16.6,4th+ Item,6699,Voltaic Cyclosword,6.4891,146
16.6,4th+ Item,6701,Opportunity,1.3249,272
16.6,All Items,2504,Kaenic Rookern,0.5675,217
16.6,All Items,2512,Fiendhunter Bolts,-1.1533,258
16.6,All Items,2517,Endless Hunger,0.5905,116
16.6,All Items,2520,Bastionbreaker,0.609,312
16.6,All Items,2523,Hexoptics C44,0.2944,46157
16.6,All Items,3026,Guardian Angel,0.6555,7446
16.6,All Items,3031,Infinity Edge,-0.3442,86486
16.6,All Items,3032,Yun Tal Wildarrows,-2.7171,416
16.6,All Items,3033,Mortal Reminder,0.6134,12914
16.6,All Items,3036,Lord Dominik's Regards,0.7886,54561
16.6,All Items,3046,Phantom Dancer,-0.1934,1806
16.6,All Items,3072,Bloodthirster,-0.0853,66595
16.6,All Items,3073,Experimental Hexplate,-4.1686,216
16.6,All Items,3078,Trinity Force,-1.0967,919
16.6,All Items,3091,Wit's End,-8.0345,106
16.6,All Items,3094,Rapid Firecannon,-1.2853,13907
16.6,All Items,3097,Stormrazor,0.4743,506
16.6,All Items,3139,Mercurial Scimitar,0.0152,3077
16.6,All Items,3142,Youmuu's Ghostblade,0.7156,1386
16.6,All Items,3143,Randuin's Omen,-0.7672,433
16.6,All Items,3153,Blade of The Ruined King,-1.5412,431
16.6,All Items,3156,Maw of Malmortius,-1.6018,2139
16.6,All Items,3179,Umbral Glaive,-0.2989,194
16.6,All Items,3508,Essence Reaver,-0.4495,9452
16.6,All Items,3814,Edge of Night,2.0598,1223
16.6,All Items,6333,Death's Dance,-2.1556,325
16.6,All Items,6665,"Jak'Sho, The Protean",-4.6127,167
16.6,All Items,6672,Kraken Slayer,-1.2311,318
16.6,All Items,6673,Immortal Shieldbow,0.2738,11085
16.6,All Items,6676,The Collector,-0.3833,62810
16.6,All Items,6694,Serylda's Grudge,-1.1957,183
16.6,All Items,6695,Serpent's Fang,0.3575,4144
16.6,All Items,6696,Axiom Arc,3.094,258
16.6,All Items,6697,Hubris,0.2053,64323
16.6,All Items,6699,Voltaic Cyclosword,3.4544,266
16.6,All Items,6701,Opportunity,3.1581,736
16.7,Keystone,8369,First Strike,2.4097,611
16.7,Keystone,8010,Conqueror,1.1511,2370
16.7,Keystone,9923,Hail of Blades,-5.8889,1058
16.7,Keystone,8021,Fleet Footwork,-0.227,242
16.7,Keystone,8005,Press the Attack,-2.1833,16898
16.7,Keystone,8008,Lethal Tempo,0.3713,113102
16.7,Keystone,8128,Dark Harvest,-2.2156,901
16.7,Spell,1,Cleanse,0.791,14069
16.7,Spell,3,Exhaust,-1.1089,3104
16.7,Spell,4,Flash,0.0019,135354
16.7,Spell,6,Ghost,-11.0108,306
16.7,Spell,7,Heal,-6.3268,849
16.7,Spell,12,Teleport,-12.3435,152
16.7,Spell,14,Ignite,-10.7963,225
16.7,Spell,21,Barrier,0.0438,116693
16.7,Starter,1036,Long Sword,-4.0647,463
16.7,Starter,1055,Doran's Blade,0.0169,134092
16.7,Starter,1083,Cull,1.314,450
16.7,Boots,3006,Berserker's Greaves,-0.3265,90739
16.7,Boots,3009,Boots of Swiftness,-1.3339,4990
16.7,Boots,3047,Plated Steelcaps,0.7986,16502
16.7,Boots,3111,Mercury's Treads,-0.1436,6071
16.7,1st Item,2523,Hexoptics C44,-0.8913,2123
16.7,1st Item,3031,Infinity Edge,-5.424,634
16.7,1st Item,3032,Yun Tal Wildarrows,3.5197,134
16.7,1st Item,3072,Bloodthirster,-0.2379,34890
16.7,1st Item,3142,Youmuu's Ghostblade,3.472,412
16.7,1st Item,3508,Essence Reaver,0.5207,2587
16.7,1st Item,6676,The Collector,-1.4172,11349
16.7,1st Item,6695,Serpent's Fang,1.138,838
16.7,1st Item,6697,Hubris,0.3366,76803
16.7,2nd Item,2523,Hexoptics C44,0.3145,44774
16.7,2nd Item,3031,Infinity Edge,-0.2191,17105
16.7,2nd Item,3033,Mortal Reminder,0.7341,921
16.7,2nd Item,3036,Lord Dominik's Regards,0.7202,2351
16.7,2nd Item,3072,Bloodthirster,-0.3175,8051
16.7,2nd Item,3078,Trinity Force,-0.5317,561
16.7,2nd Item,3094,Rapid Firecannon,-5.7248,146
16.7,2nd Item,3097,Stormrazor,1.3197,111
16.7,2nd Item,3139,Mercurial Scimitar,2.8168,139
16.7,2nd Item,3142,Youmuu's Ghostblade,-0.6508,443
16.7,2nd Item,3156,Maw of Malmortius,-0.1355,164
16.7,2nd Item,3508,Essence Reaver,0.1379,2993
16.7,2nd Item,6673,Immortal Shieldbow,2.8209,272
16.7,2nd Item,6676,The Collector,-0.2091,40314
16.7,2nd Item,6695,Serpent's Fang,0.3629,1287
16.7,2nd Item,6697,Hubris,-0.8438,2915
16.7,2nd Item,6701,Opportunity,0.4801,205
16.7,3rd Item,2523,Hexoptics C44,0.6482,5066
16.7,3rd Item,3026,Guardian Angel,1.8101,126
16.7,3rd Item,3031,Infinity Edge,-0.2467,55932
16.7,3rd Item,3033,Mortal Reminder,-0.3078,5492
16.7,3rd Item,3036,Lord Dominik's Regards,0.6575,21862
16.7,3rd Item,3046,Phantom Dancer,2.6798,283
16.7,3rd Item,3072,Bloodthirster,0.7688,4368
16.7,3rd Item,3078,Trinity Force,-3.1479,191
16.7,3rd Item,3094,Rapid Firecannon,-2.4624,1172
16.7,3rd Item,3139,Mercurial Scimitar,2.989,224
16.7,3rd Item,3142,Youmuu's Ghostblade,-1.3852,213
16.7,3rd Item,3156,Maw of Malmortius,3.3925,301
16.7,3rd Item,3508,Essence Reaver,-0.5032,902
16.7,3rd Item,3814,Edge of Night,2.7319,221
16.7,3rd Item,6673,Immortal Shieldbow,0.8538,1100
16.7,3rd Item,6676,The Collector,-1.39,4226
16.7,3rd Item,6695,Serpent's Fang,-0.0546,814
16.7,3rd Item,6697,Hubris,2.5407,323
16.7,3rd Item,6701,Opportunity,3.1875,187
16.7,4th+ Item,2504,Kaenic Rookern,-1.5347,165
16.7,4th+ Item,2512,Fiendhunter Bolts,1.2256,197
16.7,4th+ Item,2520,Bastionbreaker,-4.875,190
16.7,4th+ Item,2523,Hexoptics C44,0.5541,7734
16.7,4th+ Item,3026,Guardian Angel,0.829,6659
16.7,4th+ Item,3031,Infinity Edge,-0.5562,16714
16.7,4th+ Item,3033,Mortal Reminder,0.0823,6480
16.7,4th+ Item,3036,Lord Dominik's Regards,0.887,32581
16.7,4th+ Item,3046,Phantom Dancer,-0.8611,1464
16.7,4th+ Item,3072,Bloodthirster,-0.2812,12705
16.7,4th+ Item,3078,Trinity Force,-2.9833,265
16.7,4th+ Item,3094,Rapid Firecannon,-1.0077,11580
16.7,4th+ Item,3097,Stormrazor,1.1167,219
16.7,4th+ Item,3139,Mercurial Scimitar,-1.5008,2599
16.7,4th+ Item,3142,Youmuu's Ghostblade,0.4288,306
16.7,4th+ Item,3143,Randuin's Omen,0.0059,358
16.7,4th+ Item,3153,Blade of The Ruined King,-0.5406,263
16.7,4th+ Item,3156,Maw of Malmortius,-0.1404,1541
16.7,4th+ Item,3508,Essence Reaver,0.3348,1101
16.7,4th+ Item,3814,Edge of Night,-0.3329,824
16.7,4th+ Item,6333,Death's Dance,-3.8223,208
16.7,4th+ Item,6665,"Jak'Sho, The Protean",-6.5914,136
16.7,4th+ Item,6672,Kraken Slayer,-7.1576,104
16.7,4th+ Item,6673,Immortal Shieldbow,-0.0055,9796
16.7,4th+ Item,6676,The Collector,0.3434,3040
16.7,4th+ Item,6694,Serylda's Grudge,-5.1798,112
16.7,4th+ Item,6695,Serpent's Fang,-1.808,1200
16.7,4th+ Item,6696,Axiom Arc,2.9228,134
16.7,4th+ Item,6697,Hubris,-3.6598,612
16.7,4th+ Item,6701,Opportunity,-1.7805,231
16.7,All Items,2504,Kaenic Rookern,-0.7946,209
16.7,All Items,2512,Fiendhunter Bolts,0.1094,281
16.7,All Items,2517,Endless Hunger,-3.0928,105
16.7,All Items,2520,Bastionbreaker,-3.1952,313
16.7,All Items,2523,Hexoptics C44,0.3352,59945
16.7,All Items,3026,Guardian Angel,0.9096,7838
16.7,All Items,3031,Infinity Edge,-0.335,90485
16.7,All Items,3032,Yun Tal Wildarrows,-0.2043,252
16.7,All Items,3033,Mortal Reminder,-0.0473,13013
16.7,All Items,3036,Lord Dominik's Regards,0.7864,57011
16.7,All Items,3046,Phantom Dancer,-0.568,1893
16.7,All Items,3072,Bloodthirster,-0.1762,60487
16.7,All Items,3073,Experimental Hexplate,-3.9657,193
16.7,All Items,3078,Trinity Force,-1.1116,1128
16.7,All Items,3091,Wit's End,-2.9123,109
16.7,All Items,3094,Rapid Firecannon,-1.1724,13241
16.7,All Items,3097,Stormrazor,2.362,523
16.7,All Items,3139,Mercurial Scimitar,-0.9851,3279
16.7,All Items,3142,Youmuu's Ghostblade,0.6008,1397
16.7,All Items,3143,Randuin's Omen,-0.5118,463
16.7,All Items,3153,Blade of The Ruined King,-0.7372,441
16.7,All Items,3156,Maw of Malmortius,-0.0887,2171
16.7,All Items,3179,Umbral Glaive,2.1481,182
16.7,All Items,3508,Essence Reaver,0.1897,7689
16.7,All Items,3814,Edge of Night,0.3276,1200
16.7,All Items,6333,Death's Dance,-2.9383,322
16.7,All Items,6665,"Jak'Sho, The Protean",-4.9314,169
16.7,All Items,6672,Kraken Slayer,-2.5464,263
16.7,All Items,6673,Immortal Shieldbow,0.2364,11605
16.7,All Items,6676,The Collector,-0.4992,59052
16.7,All Items,6694,Serylda's Grudge,-4.0169,214
16.7,All Items,6695,Serpent's Fang,-0.2116,4192
16.7,All Items,6696,Axiom Arc,3.1995,278
16.7,All Items,6697,Hubris,0.2682,80704
16.7,All Items,6699,Voltaic Cyclosword,-1.7351,208
16.7,All Items,6701,Opportunity,0.7378,723
16.8,Keystone,8369,First Strike,-1.2402,395
16.8,Keystone,8010,Conqueror,2.418,2005
16.8,Keystone,9923,Hail of Blades,-0.9659,655
16.8,Keystone,8021,Fleet Footwork,-4.7312,139
16.8,Keystone,8005,Press the Attack,-2.5135,12111
16.8,Keystone,8008,Lethal Tempo,0.3544,82821
16.8,Keystone,8128,Dark Harvest,-0.4739,652
16.8,Spell,1,Cleanse,0.1869,10028
16.8,Spell,3,Exhaust,-0.6094,2233
16.8,Spell,4,Flash,0.0041,98919
16.8,Spell,6,Ghost,-0.9284,186
16.8,Spell,7,Heal,-0.7015,697
16.8,Spell,14,Ignite,-7.417,147
16.8,Spell,21,Barrier,0.0173,85587
16.8,Starter,1036,Long Sword,-4.5493,383
16.8,Starter,1055,Doran's Blade,0.0282,98092
16.8,Starter,1083,Cull,-2.5486,358
16.8,Boots,3006,Berserker's Greaves,-0.1668,68752
16.8,Boots,3009,Boots of Swiftness,-1.9522,3533
16.8,Boots,3047,Plated Steelcaps,0.8539,12649
16.8,Boots,3111,Mercury's Treads,-1.353,4449
16.8,1st Item,2523,Hexoptics C44,1.5568,1848
16.8,1st Item,3031,Infinity Edge,-0.8518,456
16.8,1st Item,3072,Bloodthirster,-0.23,24457
16.8,1st Item,3142,Youmuu's Ghostblade,2.1432,631
16.8,1st Item,3508,Essence Reaver,-0.3853,2015
16.8,1st Item,6676,The Collector,-1.6276,8861
16.8,1st Item,6695,Serpent's Fang,3.334,688
16.8,1st Item,6697,Hubris,0.245,58757
16.8,2nd Item,2523,Hexoptics C44,0.2148,35026
16.8,2nd Item,3031,Infinity Edge,-0.1259,13312
16.8,2nd Item,3033,Mortal Reminder,2.0027,643
16.8,2nd Item,3036,Lord Dominik's Regards,-0.8179,1622
16.8,2nd Item,3072,Bloodthirster,-0.1188,5948
16.8,2nd Item,3078,Trinity Force,-1.6482,280
16.8,2nd Item,3139,Mercurial Scimitar,-3.3291,105
16.8,2nd Item,3142,Youmuu's Ghostblade,-0.9511,353
16.8,2nd Item,3508,Essence Reaver,-1.4336,1951
16.8,2nd Item,6673,Immortal Shieldbow,-1.8869,208
16.8,2nd Item,6676,The Collector,-0.014,29342
16.8,2nd Item,6695,Serpent's Fang,0.2082,970
16.8,2nd Item,6697,Hubris,0.5629,2333
16.8,2nd Item,6701,Opportunity,4.4253,185
16.8,3rd Item,2523,Hexoptics C44,-0.5789,3813
16.8,3rd Item,3026,Guardian Angel,3.6583,102
16.8,3rd Item,3031,Infinity Edge,-0.5143,42083
16.8,3rd Item,3033,Mortal Reminder,1.159,4328
16.8,3rd Item,3036,Lord Dominik's Regards,1.0805,16763
16.8,3rd Item,3046,Phantom Dancer,0.74,232
16.8,3rd Item,3072,Bloodthirster,-0.7216,3073
16.8,3rd Item,3094,Rapid Firecannon,-0.3229,892
16.8,3rd Item,3139,Mercurial Scimitar,1.933,188
16.8,3rd Item,3142,Youmuu's Ghostblade,2.1955,190
16.8,3rd Item,3156,Maw of Malmortius,2.4011,219
16.8,3rd Item,3508,Essence Reaver,-1.798,543
16.8,3rd Item,3814,Edge of Night,4.0608,153
16.8,3rd Item,6673,Immortal Shieldbow,-1.2031,821
16.8,3rd Item,6676,The Collector,0.6106,3296
16.8,3rd Item,6695,Serpent's Fang,2.2548,572
16.8,3rd Item,6697,Hubris,2.3235,266
16.8,3rd Item,6701,Opportunity,-0.1039,131
16.8,4th+ Item,2504,Kaenic Rookern,-4.2939,132
16.8,4th+ Item,2512,Fiendhunter Bolts,1.2469,123
16.8,4th+ Item,2520,Bastionbreaker,4.0455,102
16.8,4th+ Item,2523,Hexoptics C44,0.4051,6088
16.8,4th+ Item,3026,Guardian Angel,0.6558,5085
16.8,4th+ Item,3031,Infinity Edge,-0.1266,12666
16.8,4th+ Item,3033,Mortal Reminder,-0.3018,4897
16.8,4th+ Item,3036,Lord Dominik's Regards,0.6931,24627
16.8,4th+ Item,3046,Phantom Dancer,0.3854,1021
16.8,4th+ Item,3072,Bloodthirster,-0.3077,10268
16.8,4th+ Item,3078,Trinity Force,-4.0813,161
16.8,4th+ Item,3094,Rapid Firecannon,-0.8042,8118
16.8,4th+ Item,3097,Stormrazor,-0.0336,150
16.8,4th+ Item,3139,Mercurial Scimitar,0.5586,2002
16.8,4th+ Item,3142,Youmuu's Ghostblade,-0.626,225
16.8,4th+ Item,3143,Randuin's Omen,-5.6593,240
16.8,4th+ Item,3153,Blade of The Ruined King,-2.6662,183
16.8,4th+ Item,3156,Maw of Malmortius,-2.5528,1092
16.8,4th+ Item,3508,Essence Reaver,-1.7817,856
16.8,4th+ Item,3814,Edge of Night,-0.9372,560
16.8,4th+ Item,6333,Death's Dance,1.5825,168
16.8,4th+ Item,6673,Immortal Shieldbow,0.1432,7829
16.8,4th+ Item,6676,The Collector,0.2223,2320
16.8,4th+ Item,6695,Serpent's Fang,-0.7216,980
16.8,4th+ Item,6696,Axiom Arc,1.3658,113
16.8,4th+ Item,6697,Hubris,-4.7669,410
16.8,4th+ Item,6701,Opportunity,-4.9258,185
16.8,All Items,2504,Kaenic Rookern,-3.2338,158
16.8,All Items,2512,Fiendhunter Bolts,1.3146,181
16.8,All Items,2520,Bastionbreaker,1.1838,186
16.8,All Items,2523,Hexoptics C44,0.21,46974
16.8,All Items,3026,Guardian Angel,0.6257,5976
16.8,All Items,3031,Infinity Edge,-0.3682,68598
16.8,All Items,3032,Yun Tal Wildarrows,-1.9056,180
16.8,All Items,3033,Mortal Reminder,0.4452,9962
16.8,All Items,3036,Lord Dominik's Regards,0.7918,43198
16.8,All Items,3046,Phantom Dancer,0.6613,1370
16.8,All Items,3072,Bloodthirster,-0.2668,44111
16.8,All Items,3073,Experimental Hexplate,0.2094,178
16.8,All Items,3078,Trinity Force,-3.5055,589
16.8,All Items,3094,Rapid Firecannon,-0.7672,9341
16.8,All Items,3097,Stormrazor,-0.6325,285
16.8,All Items,3139,Mercurial Scimitar,0.3423,2547
16.8,All Items,3142,Youmuu's Ghostblade,0.8857,1417
16.8,All Items,3143,Randuin's Omen,-3.9633,342
16.8,All Items,3153,Blade of The Ruined King,-3.8378,305
16.8,All Items,3156,Maw of Malmortius,-1.5593,1517
16.8,All Items,3179,Umbral Glaive,2.8322,149
16.8,All Items,3508,Essence Reaver,-1.1211,5444
16.8,All Items,3814,Edge of Night,0.1012,851
16.8,All Items,6333,Death's Dance,-0.061,240
16.8,All Items,6665,"Jak'Sho, The Protean",-0.3729,136
16.8,All Items,6672,Kraken Slayer,-0.2805,215
16.8,All Items,6673,Immortal Shieldbow,0.0458,9223
16.8,All Items,6676,The Collector,-0.2792,43890
16.8,All Items,6694,Serylda's Grudge,2.6623,142
16.8,All Items,6695,Serpent's Fang,0.9993,3238
16.8,All Items,6696,Axiom Arc,-1.9021,235
16.8,All Items,6697,Hubris,0.2362,61804
16.8,All Items,6699,Voltaic Cyclosword,2.4315,194
16.8,All Items,6701,Opportunity,0.2837,592
16.9,Keystone,8369,First Strike,0.9178,563
16.9,Keystone,8010,Conqueror,1.3393,2070
16.9,Keystone,9923,Hail of Blades,-1.0261,8212
16.9,Keystone,8021,Fleet Footwork,1.4231,149
16.9,Keystone,8005,Press the Attack,-3.5429,13048
16.9,Keystone,8008,Lethal Tempo,0.547,97427
16.9,Keystone,8128,Dark Harvest,0.2195,995
16.9,Spell,1,Cleanse,0.344,12291
16.9,Spell,3,Exhaust,0.6163,2954
16.9,Spell,4,Flash,-0.0023,122696
16.9,Spell,6,Ghost,-7.4335,260
16.9,Spell,7,Heal,-5.9634,687
16.9,Spell,12,Teleport,-4.8462,109
16.9,Spell,14,Ignite,-6.8684,224
16.9,Spell,21,Barrier,0.022,106221
16.9,Starter,1036,Long Sword,-0.3695,311
16.9,Starter,1055,Doran's Blade,0.1032,99906
16.9,Starter,1083,Cull,-1.6857,628
16.9,Starter,1086,Doran's Bow,-0.4074,21708
16.9,Boots,3006,Berserker's Greaves,-1.0453,58409
16.9,Boots,3008,Gluttonous Greaves,1.1257,36496
16.9,Boots,3009,Boots of Swiftness,-0.5052,2557
16.9,Boots,3047,Plated Steelcaps,0.9599,11582
16.9,Boots,3111,Mercury's Treads,-0.7235,3937
16.9,1st Item,2523,Hexoptics C44,1.922,5217
16.9,1st Item,3031,Infinity Edge,0.8226,552
16.9,1st Item,3072,Bloodthirster,-0.1122,31422
16.9,1st Item,3142,Youmuu's Ghostblade,2.2588,2341
16.9,1st Item,3179,Umbral Glaive,-0.4788,129
16.9,1st Item,3508,Essence Reaver,0.2492,2014
16.9,1st Item,6676,The Collector,-1.6223,11163
16.9,1st Item,6695,Serpent's Fang,-0.0145,641
16.9,1st Item,6697,Hubris,0.094,66172
16.9,1st Item,6699,Voltaic Cyclosword,0.1307,1870
16.9,2nd Item,2523,Hexoptics C44,0.2854,41722
16.9,2nd Item,3031,Infinity Edge,-0.1021,17820
16.9,2nd Item,3033,Mortal Reminder,0.2157,794
16.9,2nd Item,3036,Lord Dominik's Regards,1.5974,1895
16.9,2nd Item,3046,Phantom Dancer,-1.2781,104
16.9,2nd Item,3072,Bloodthirster,-1.1724,6816
16.9,2nd Item,3073,Experimental Hexplate,-1.1988,179
16.9,2nd Item,3078,Trinity Force,3.0263,192
16.9,2nd Item,3094,Rapid Firecannon,-0.9015,130
16.9,2nd Item,3139,Mercurial Scimitar,-7.4945,113
16.9,2nd Item,3142,Youmuu's Ghostblade,2.2591,450
16.9,2nd Item,3156,Maw of Malmortius,-0.327,134
16.9,2nd Item,3508,Essence Reaver,0.3399,2386
16.9,2nd Item,6673,Immortal Shieldbow,-4.9939,278
16.9,2nd Item,6676,The Collector,-0.2474,34896
16.9,2nd Item,6695,Serpent's Fang,0.8521,1167
16.9,2nd Item,6697,Hubris,-1.234,2965
16.9,2nd Item,6699,Voltaic Cyclosword,1.9811,2749
16.9,3rd Item,2523,Hexoptics C44,-0.0414,5051
16.9,3rd Item,3031,Infinity Edge,-0.3777,49892
16.9,3rd Item,3033,Mortal Reminder,0.8375,5802
16.9,3rd Item,3036,Lord Dominik's Regards,1.2135,20734
16.9,3rd Item,3046,Phantom Dancer,1.0231,501
16.9,3rd Item,3072,Bloodthirster,-1.4046,3224
16.9,3rd Item,3078,Trinity Force,-1.1537,108
16.9,3rd Item,3094,Rapid Firecannon,-2.2861,1107
16.9,3rd Item,3139,Mercurial Scimitar,-1.8652,196
16.9,3rd Item,3142,Youmuu's Ghostblade,1.0074,191
16.9,3rd Item,3156,Maw of Malmortius,-3.1352,258
16.9,3rd Item,3508,Essence Reaver,-1.5481,747
16.9,3rd Item,3814,Edge of Night,4.8949,171
16.9,3rd Item,6673,Immortal Shieldbow,-0.1474,1053
16.9,3rd Item,6676,The Collector,0.0957,4625
16.9,3rd Item,6695,Serpent's Fang,-0.9743,719
16.9,3rd Item,6697,Hubris,-3.7239,368
16.9,3rd Item,6699,Voltaic Cyclosword,0.9779,588
16.9,4th+ Item,2504,Kaenic Rookern,-6.9984,142
16.9,4th+ Item,2512,Fiendhunter Bolts,1.6635,121
16.9,4th+ Item,2520,Bastionbreaker,-8.4984,147
16.9,4th+ Item,2523,Hexoptics C44,-0.0334,8077
16.9,4th+ Item,3026,Guardian Angel,0.9188,6277
16.9,4th+ Item,3031,Infinity Edge,0.0443,15228
16.9,4th+ Item,3033,Mortal Reminder,-0.739,6290
16.9,4th+ Item,3036,Lord Dominik's Regards,0.7747,29012
16.9,4th+ Item,3046,Phantom Dancer,0.495,1802
16.9,4th+ Item,3072,Bloodthirster,-0.3927,9965
16.9,4th+ Item,3078,Trinity Force,1.0478,232
16.9,4th+ Item,3094,Rapid Firecannon,-0.5492,9462
16.9,4th+ Item,3097,Stormrazor,-3.5392,161
16.9,4th+ Item,3139,Mercurial Scimitar,-0.619,2377
16.9,4th+ Item,3142,Youmuu's Ghostblade,-1.7914,314
16.9,4th+ Item,3143,Randuin's Omen,-2.183,303
16.9,4th+ Item,3153,Blade of The Ruined King,1.8467,167
16.9,4th+ Item,3156,Maw of Malmortius,-1.503,1353
16.9,4th+ Item,3508,Essence Reaver,-0.6029,1028
16.9,4th+ Item,3814,Edge of Night,0.7023,711
16.9,4th+ Item,6333,Death's Dance,-3.049,271
16.9,4th+ Item,6665,"Jak'Sho, The Protean",-4.1154,112
16.9,4th+ Item,6673,Immortal Shieldbow,-0.4265,9677
16.9,4th+ Item,6676,The Collector,0.0317,2863
16.9,4th+ Item,6695,Serpent's Fang,-0.0662,1217
16.9,4th+ Item,6696,Axiom Arc,-2.2904,111
16.9,4th+ Item,6697,Hubris,-1.644,466
16.9,4th+ Item,6699,Voltaic Cyclosword,-0.4483,778
16.9,All Items,2504,Kaenic Rookern,-4.474,179
16.9,All Items,2512,Fiendhunter Bolts,1.9051,234
16.9,All Items,2520,Bastionbreaker,-4.8412,297
16.9,All Items,2523,Hexoptics C44,0.3547,60271
16.9,All Items,3026,Guardian Angel,1.1737,7322
16.9,All Items,3031,Infinity Edge,-0.2305,83575
16.9,All Items,3032,Yun Tal Wildarrows,-6.2965,197
16.9,All Items,3033,Mortal Reminder,-0.0262,12998
16.9,All Items,3036,Lord Dominik's Regards,0.9832,51843
16.9,All Items,3046,Phantom Dancer,0.5056,2470
16.9,All Items,3072,Bloodthirster,-0.3654,51922
16.9,All Items,3073,Experimental Hexplate,-3.3489,315
16.9,All Items,3078,Trinity Force,0.6462,615
16.9,All Items,3094,Rapid Firecannon,-0.7564,11059
16.9,All Items,3097,Stormrazor,-2.0108,370
16.9,All Items,3139,Mercurial Scimitar,-1.4848,3006
16.9,All Items,3142,Youmuu's Ghostblade,1.7061,3322
16.9,All Items,3143,Randuin's Omen,-1.9912,400
16.9,All Items,3153,Blade of The Ruined King,1.7589,289
16.9,All Items,3156,Maw of Malmortius,-2.0021,1877
16.9,All Items,3179,Umbral Glaive,2.1031,233
16.9,All Items,3508,Essence Reaver,-0.1214,6255
16.9,All Items,3814,Edge of Night,1.7793,1036
16.9,All Items,6333,Death's Dance,-3.7333,383
16.9,All Items,6665,"Jak'Sho, The Protean",-3.3101,152
16.9,All Items,6672,Kraken Slayer,2.3566,214
16.9,All Items,6673,Immortal Shieldbow,-0.5078,11417
16.9,All Items,6676,The Collector,-0.4875,53642
16.9,All Items,6694,Serylda's Grudge,-1.5853,152
16.9,All Items,6695,Serpent's Fang,0.0317,3793
16.9,All Items,6696,Axiom Arc,2.053,290
16.9,All Items,6697,Hubris,0.0093,70016
16.9,All Items,6699,Voltaic Cyclosword,1.0007,6028
16.10,Keystone,8369,First Strike,1.4443,511
16.10,Keystone,8010,Conqueror,2.1958,3304
16.10,Keystone,9923,Hail of Blades,-2.173,4504
16.10,Keystone,8021,Fleet Footwork,-5.7322,150
16.10,Keystone,8005,Press the Attack,-2.7218,14886
16.10,Keystone,8008,Lethal Tempo,0.4091,110195
16.10,Keystone,8128,Dark Harvest,-1.8836,894
16.10,Spell,1,Cleanse,-0.148,13501
16.10,Spell,3,Exhaust,-0.5832,3261
16.10,Spell,4,Flash,0.0016,134695
16.10,Spell,6,Ghost,-3.089,241
16.10,Spell,7,Heal,-2.1276,882
16.10,Spell,14,Ignite,-11.1807,205
16.10,Spell,21,Barrier,0.072,116558
16.10,Starter,1036,Long Sword,-1.481,442
16.10,Starter,1055,Doran's Blade,-0.3823,96646
16.10,Starter,1083,Cull,-3.8567,327
16.10,Starter,1086,Doran's Bow,1.05,37152
16.10,Boots,3006,Berserker's Greaves,-0.6506,61868
16.10,Boots,3008,Gluttonous Greaves,0.2441,40809
16.10,Boots,3009,Boots of Swiftness,-0.945,2616
16.10,Boots,3047,Plated Steelcaps,0.027,13256
16.10,Boots,3111,Mercury's Treads,0.0721,4545
16.10,1st Item,2523,Hexoptics C44,0.4889,4716
16.10,1st Item,3031,Infinity Edge,-2.9827,590
16.10,1st Item,3072,Bloodthirster,0.0312,40848
16.10,1st Item,3142,Youmuu's Ghostblade,1.3606,1154
16.10,1st Item,3508,Essence Reaver,2.1181,1899
16.10,1st Item,6676,The Collector,-1.6044,11792
16.10,1st Item,6695,Serpent's Fang,1.4634,728
16.10,1st Item,6697,Hubris,0.1541,70267
16.10,1st Item,6699,Voltaic Cyclosword,0.0886,1443
16.10,2nd Item,2523,Hexoptics C44,0.2646,52858
16.10,2nd Item,3031,Infinity Edge,-0.5034,15559
16.10,2nd Item,3033,Mortal Reminder,1.5794,965
16.10,2nd Item,3036,Lord Dominik's Regards,0.4613,2352
16.10,2nd Item,3072,Bloodthirster,-0.7996,7433
16.10,2nd Item,3073,Experimental Hexplate,0.4288,215
16.10,2nd Item,3078,Trinity Force,-5.6072,222
16.10,2nd Item,3094,Rapid Firecannon,-7.7104,140
16.10,2nd Item,3139,Mercurial Scimitar,0.9876,108
16.10,2nd Item,3142,Youmuu's Ghostblade,2.1284,343
16.10,2nd Item,3156,Maw of Malmortius,0.2255,163
16.10,2nd Item,3508,Essence Reaver,-0.6384,2460
16.10,2nd Item,6673,Immortal Shieldbow,0.5638,330
16.10,2nd Item,6676,The Collector,-0.0925,35902
16.10,2nd Item,6695,Serpent's Fang,2.7346,1215
16.10,2nd Item,6697,Hubris,-1.0371,3463
16.10,2nd Item,6699,Voltaic Cyclosword,1.3632,2389
16.10,3rd Item,2523,Hexoptics C44,0.1882,5830
16.10,3rd Item,3031,Infinity Edge,-0.328,59012
16.10,3rd Item,3033,Mortal Reminder,0.4541,5751
16.10,3rd Item,3036,Lord Dominik's Regards,1.3064,20759
16.10,3rd Item,3046,Phantom Dancer,1.1497,527
16.10,3rd Item,3072,Bloodthirster,-1.5013,3370
16.10,3rd Item,3094,Rapid Firecannon,-1.7354,1076
16.10,3rd Item,3139,Mercurial Scimitar,0.9313,237
16.10,3rd Item,3142,Youmuu's Ghostblade,2.1832,157
16.10,3rd Item,3156,Maw of Malmortius,1.9413,273
16.10,3rd Item,3508,Essence Reaver,-2.3239,716
16.10,3rd Item,3814,Edge of Night,2.9148,209
16.10,3rd Item,6673,Immortal Shieldbow,-1.2265,1133
16.10,3rd Item,6676,The Collector,-0.1557,4363
16.10,3rd Item,6695,Serpent's Fang,-1.908,668
16.10,3rd Item,6697,Hubris,-0.4157,330
16.10,3rd Item,6699,Voltaic Cyclosword,-0.8247,708
16.10,4th+ Item,2504,Kaenic Rookern,1.6951,168
16.10,4th+ Item,2512,Fiendhunter Bolts,1.4856,118
16.10,4th+ Item,2523,Hexoptics C44,-0.1526,8044
16.10,4th+ Item,3026,Guardian Angel,0.6493,6899
16.10,4th+ Item,3031,Infinity Edge,-0.3157,16558
16.10,4th+ Item,3033,Mortal Reminder,-0.5403,8759
16.10,4th+ Item,3036,Lord Dominik's Regards,1.0012,32225
16.10,4th+ Item,3046,Phantom Dancer,1.2278,1891
16.10,4th+ Item,3072,Bloodthirster,-0.0307,10029
16.10,4th+ Item,3078,Trinity Force,-2.1984,223
16.10,4th+ Item,3094,Rapid Firecannon,-1.1062,10478
16.10,4th+ Item,3097,Stormrazor,-2.7689,181
16.10,4th+ Item,3139,Mercurial Scimitar,-0.3498,2664
16.10,4th+ Item,3142,Youmuu's Ghostblade,2.0352,247
16.10,4th+ Item,3143,Randuin's Omen,0.5194,318
16.10,4th+ Item,3153,Blade of The Ruined King,2.4416,160
16.10,4th+ Item,3156,Maw of Malmortius,-0.1117,1420
16.10,4th+ Item,3508,Essence Reaver,-1.4659,1031
16.10,4th+ Item,3814,Edge of Night,-0.1287,784
16.10,4th+ Item,6333,Death's Dance,0.2239,338
16.10,4th+ Item,6665,"Jak'Sho, The Protean",3.4285,126
16.10,4th+ Item,6673,Immortal Shieldbow,-0.2696,10741
16.10,4th+ Item,6676,The Collector,-1.6902,2524
16.10,4th+ Item,6695,Serpent's Fang,0.3243,1188
16.10,4th+ Item,6696,Axiom Arc,0.4615,110
16.10,4th+ Item,6697,Hubris,-2.4446,361
16.10,4th+ Item,6699,Voltaic Cyclosword,-2.3606,1501
16.10,All Items,2504,Kaenic Rookern,-0.1936,220
16.10,All Items,2512,Fiendhunter Bolts,-1.8702,190
16.10,All Items,2517,Endless Hunger,-8.8393,118
16.10,All Items,2520,Bastionbreaker,-3.3515,186
16.10,All Items,2523,Hexoptics C44,0.2258,71663
16.10,All Items,3026,Guardian Angel,0.8339,7994
16.10,All Items,3031,Infinity Edge,-0.376,91807
16.10,All Items,3032,Yun Tal Wildarrows,0.7608,189
16.10,All Items,3033,Mortal Reminder,-0.0669,15564
16.10,All Items,3036,Lord Dominik's Regards,1.0864,55562
16.10,All Items,3046,Phantom Dancer,1.1334,2565
16.10,All Items,3065,Spirit Visage,-3.6246,108
16.10,All Items,3072,Bloodthirster,-0.1544,62090
16.10,All Items,3073,Experimental Hexplate,0.0459,320
16.10,All Items,3078,Trinity Force,-2.3055,568
16.10,All Items,3094,Rapid Firecannon,-1.2372,12048
16.10,All Items,3097,Stormrazor,-3.9528,434
16.10,All Items,3139,Mercurial Scimitar,-0.6344,3353
16.10,All Items,3142,Youmuu's Ghostblade,1.5318,1921
16.10,All Items,3143,Randuin's Omen,-0.1425,418
16.10,All Items,3153,Blade of The Ruined King,2.081,286
16.10,All Items,3156,Maw of Malmortius,0.4866,2021
16.10,All Items,3179,Umbral Glaive,2.8333,193
16.10,All Items,3508,Essence Reaver,-0.0847,6196
16.10,All Items,3814,Edge of Night,1.4653,1170
16.10,All Items,6333,Death's Dance,0.3261,456
16.10,All Items,6665,"Jak'Sho, The Protean",2.7944,159
16.10,All Items,6672,Kraken Slayer,-0.0354,198
16.10,All Items,6673,Immortal Shieldbow,-0.2403,12656
16.10,All Items,6676,The Collector,-0.4955,54684
16.10,All Items,6694,Serylda's Grudge,-1.0628,153
16.10,All Items,6695,Serpent's Fang,0.8047,3852
16.10,All Items,6696,Axiom Arc,2.809,245
16.10,All Items,6697,Hubris,0.0805,74459
16.10,All Items,6699,Voltaic Cyclosword,-0.1933,6216
16.11,Keystone,8369,First Strike,-3.0125,422
16.11,Keystone,8010,Conqueror,1.1819,1928
16.11,Keystone,9923,Hail of Blades,-0.9907,2266
16.11,Keystone,8021,Fleet Footwork,-9.3646,126
16.11,Keystone,8005,Press the Attack,-2.2934,13070
16.11,Keystone,8008,Lethal Tempo,0.3862,96241
16.11,Keystone,8128,Dark Harvest,-4.0624,889
16.11,Spell,1,Cleanse,-0.4211,12274
16.11,Spell,3,Exhaust,-0.2953,3130
16.11,Spell,4,Flash,0.0038,115180
16.11,Spell,6,Ghost,-6.1788,202
16.11,Spell,7,Heal,-0.4346,771
16.11,Spell,14,Ignite,-5.2709,213
16.11,Spell,21,Barrier,0.0862,98551
16.11,Starter,1036,Long Sword,-3.0714,355
16.11,Starter,1055,Doran's Blade,-0.4309,72927
16.11,Starter,1083,Cull,0.1487,264
16.11,Starter,1086,Doran's Bow,0.7743,41502
16.11,Boots,3006,Berserker's Greaves,-0.4942,50078
16.11,Boots,3008,Gluttonous Greaves,0.0159,37633
16.11,Boots,3009,Boots of Swiftness,-0.7133,2339
16.11,Boots,3047,Plated Steelcaps,-0.1174,11279
16.11,Boots,3111,Mercury's Treads,0.9681,4215
16.11,1st Item,2523,Hexoptics C44,0.8417,6893
16.11,1st Item,3031,Infinity Edge,-2.1782,476
16.11,1st Item,3032,Yun Tal Wildarrows,-1.7893,110
16.11,1st Item,3072,Bloodthirster,0.2976,35060
16.11,1st Item,3142,Youmuu's Ghostblade,0.5801,673
16.11,1st Item,3179,Umbral Glaive,3.4032,125
16.11,1st Item,3508,Essence Reaver,0.0878,1413
16.11,1st Item,6676,The Collector,-0.9038,10652
16.11,1st Item,6695,Serpent's Fang,2.2315,673
16.11,1st Item,6697,Hubris,-0.1206,57166
16.11,1st Item,6699,Voltaic Cyclosword,0.7209,837
16.11,2nd Item,2523,Hexoptics C44,0.4816,45310
16.11,2nd Item,3031,Infinity Edge,-0.0033,15356
16.11,2nd Item,3033,Mortal Reminder,-0.4977,804
16.11,2nd Item,3036,Lord Dominik's Regards,1.9601,2047
16.11,2nd Item,3072,Bloodthirster,-0.2904,5990
16.11,2nd Item,3073,Experimental Hexplate,-1.3135,150
16.11,2nd Item,3078,Trinity Force,-3.1166,448
16.11,2nd Item,3094,Rapid Firecannon,-9.5247,158
16.11,2nd Item,3139,Mercurial Scimitar,0.2296,122
16.11,2nd Item,3142,Youmuu's Ghostblade,-0.2237,292
16.11,2nd Item,3156,Maw of Malmortius,0.7237,167
16.11,2nd Item,3508,Essence Reaver,0.1154,2093
16.11,2nd Item,6673,Immortal Shieldbow,-3.6267,287
16.11,2nd Item,6676,The Collector,-0.4184,29642
16.11,2nd Item,6695,Serpent's Fang,0.3752,961
16.11,2nd Item,6697,Hubris,-2.1188,2148
16.11,2nd Item,6699,Voltaic Cyclosword,-0.1903,1643
16.11,3rd Item,2523,Hexoptics C44,-0.5291,4493
16.11,3rd Item,3031,Infinity Edge,-0.2342,49903
16.11,3rd Item,3033,Mortal Reminder,1.2724,5176
16.11,3rd Item,3036,Lord Dominik's Regards,1.3056,18944
16.11,3rd Item,3046,Phantom Dancer,1.5998,433
16.11,3rd Item,3072,Bloodthirster,-2.1093,2718
16.11,3rd Item,3094,Rapid Firecannon,-3.7973,984
16.11,3rd Item,3139,Mercurial Scimitar,-1.8392,200
16.11,3rd Item,3142,Youmuu's Ghostblade,-2.4083,133
16.11,3rd Item,3156,Maw of Malmortius,2.5035,232
16.11,3rd Item,3508,Essence Reaver,-1.3509,597
16.11,3rd Item,3814,Edge of Night,-0.7822,197
16.11,3rd Item,6673,Immortal Shieldbow,-1.1058,898
16.11,3rd Item,6676,The Collector,-1.2215,2978
16.11,3rd Item,6695,Serpent's Fang,0.3096,546
16.11,3rd Item,6697,Hubris,-2.7136,265
16.11,3rd Item,6699,Voltaic Cyclosword,-1.2443,540
16.11,4th+ Item,2504,Kaenic Rookern,-1.8398,137
16.11,4th+ Item,2520,Bastionbreaker,-0.6331,109
16.11,4th+ Item,2523,Hexoptics C44,-0.383,5901
16.11,4th+ Item,3026,Guardian Angel,0.7369,6099
16.11,4th+ Item,3031,Infinity Edge,-0.393,12672
16.11,4th+ Item,3033,Mortal Reminder,-0.9188,7353
16.11,4th+ Item,3036,Lord Dominik's Regards,0.7307,26345
16.11,4th+ Item,3046,Phantom Dancer,1.8721,1991
16.11,4th+ Item,3072,Bloodthirster,-0.535,8315
16.11,4th+ Item,3078,Trinity Force,-3.774,216
16.11,4th+ Item,3094,Rapid Firecannon,-1.2538,8868
16.11,4th+ Item,3097,Stormrazor,-0.3663,122
16.11,4th+ Item,3139,Mercurial Scimitar,0.5601,2523
16.11,4th+ Item,3142,Youmuu's Ghostblade,1.164,164
16.11,4th+ Item,3143,Randuin's Omen,-1.3156,296
16.11,4th+ Item,3153,Blade of The Ruined King,-3.4793,150
16.11,4th+ Item,3156,Maw of Malmortius,0.4836,1286
16.11,4th+ Item,3508,Essence Reaver,-0.2846,917
16.11,4th+ Item,3814,Edge of Night,3.1789,715
16.11,4th+ Item,6333,Death's Dance,1.6679,228
16.11,4th+ Item,6673,Immortal Shieldbow,0.1172,9532
16.11,4th+ Item,6676,The Collector,0.2686,2167
16.11,4th+ Item,6695,Serpent's Fang,0.3039,1018
16.11,4th+ Item,6696,Axiom Arc,-0.4333,103
16.11,4th+ Item,6697,Hubris,0.6243,310
16.11,4th+ Item,6699,Voltaic Cyclosword,-0.3412,1336
16.11,All Items,2504,Kaenic Rookern,-1.8488,168
16.11,All Items,2512,Fiendhunter Bolts,4.7205,113
16.11,All Items,2517,Endless Hunger,-1.9657,129
16.11,All Items,2520,Bastionbreaker,1.9553,203
16.11,All Items,2523,Hexoptics C44,0.3554,62740
16.11,All Items,3026,Guardian Angel,0.7703,6980
16.11,All Items,3031,Infinity Edge,-0.2195,78480
16.11,All Items,3032,Yun Tal Wildarrows,-4.0404,211
16.11,All Items,3033,Mortal Reminder,-0.0385,13429
16.11,All Items,3036,Lord Dominik's Regards,0.9926,47527
16.11,All Items,3046,Phantom Dancer,1.6068,2559
16.11,All Items,3072,Bloodthirster,-0.0114,52469
16.11,All Items,3073,Experimental Hexplate,-4.8363,237
16.11,All Items,3078,Trinity Force,-2.9558,804
16.11,All Items,3094,Rapid Firecannon,-1.7214,10269
16.11,All Items,3097,Stormrazor,-3.284,295
16.11,All Items,3139,Mercurial Scimitar,0.3723,3133
16.11,All Items,3142,Youmuu's Ghostblade,0.194,1277
16.11,All Items,3143,Randuin's Omen,-0.9733,387
16.11,All Items,3153,Blade of The Ruined King,-1.5229,322
16.11,All Items,3156,Maw of Malmortius,0.3559,1839
16.11,All Items,3179,Umbral Glaive,2.2873,224
16.11,All Items,3508,Essence Reaver,-0.161,5086
16.11,All Items,3814,Edge of Night,1.679,1079
16.11,All Items,6333,Death's Dance,0.723,336
16.11,All Items,6665,"Jak'Sho, The Protean",-0.5177,139
16.11,All Items,6672,Kraken Slayer,1.2638,198
16.11,All Items,6673,Immortal Shieldbow,-0.1483,11050
16.11,All Items,6676,The Collector,-0.5505,45519
16.11,All Items,6694,Serylda's Grudge,-6.2656,108
16.11,All Items,6695,Serpent's Fang,0.6976,3234
16.11,All Items,6696,Axiom Arc,-1.2055,182
16.11,All Items,6697,Hubris,-0.1984,59920
16.11,All Items,6699,Voltaic Cyclosword,-0.1828,4482
16.12,Keystone,8369,First Strike,1.7321,438
16.12,Keystone,8010,Conqueror,1.2038,2065
16.12,Keystone,9923,Hail of Blades,-1.1216,1957
16.12,Keystone,8021,Fleet Footwork,-6.0111,124
16.12,Keystone,8005,Press the Attack,-2.7912,12995
16.12,Keystone,8008,Lethal Tempo,0.4054,96941
16.12,Keystone,8128,Dark Harvest,-0.426,886
16.12,Spell,1,Cleanse,-0.0265,12174
16.12,Spell,3,Exhaust,-0.9955,3080
16.12,Spell,4,Flash,0.0017,115655
16.12,Spell,6,Ghost,-9.4621,201
16.12,Spell,7,Heal,-0.7656,794
16.12,Spell,12,Teleport,2.1144,101
16.12,Spell,14,Ignite,-9.675,205
16.12,Spell,21,Barrier,0.0754,99136
16.12,Starter,1036,Long Sword,-5.6538,271
16.12,Starter,1055,Doran's Blade,-0.5776,67552
16.12,Starter,1083,Cull,-3.9233,269
16.12,Starter,1086,Doran's Bow,0.8989,47231
16.12,Starter,1120,Doran's Helm,-3.5864,248
16.12,Boots,3006,Berserker's Greaves,-0.8006,49271
16.12,Boots,3008,Gluttonous Greaves,0.737,39467
16.12,Boots,3009,Boots of Swiftness,-0.8578,2400
16.12,Boots,3047,Plated Steelcaps,-0.1289,10082
16.12,Boots,3111,Mercury's Treads,-1.3416,4423
16.12,1st Item,2523,Hexoptics C44,1.4661,7123
16.12,1st Item,3031,Infinity Edge,-3.869,557
16.12,1st Item,3032,Yun Tal Wildarrows,0.5464,112
16.12,1st Item,3072,Bloodthirster,-0.006,33701
16.12,1st Item,3142,Youmuu's Ghostblade,1.8735,674
16.12,1st Item,3179,Umbral Glaive,0.3393,175
16.12,1st Item,3508,Essence Reaver,-0.2259,1453
16.12,1st Item,6676,The Collector,-0.8507,10924
16.12,1st Item,6695,Serpent's Fang,0.0533,674
16.12,1st Item,6697,Hubris,0.0007,58585
16.12,1st Item,6699,Voltaic Cyclosword,-1.0009,586
16.12,2nd Item,2523,Hexoptics C44,0.4755,44621
16.12,2nd Item,3031,Infinity Edge,0.1874,15191
16.12,2nd Item,3033,Mortal Reminder,-1.3758,851
16.12,2nd Item,3036,Lord Dominik's Regards,1.5004,2271
16.12,2nd Item,3046,Phantom Dancer,6.5758,101
16.12,2nd Item,3072,Bloodthirster,-0.3046,5874
16.12,2nd Item,3073,Experimental Hexplate,-0.2411,156
16.12,2nd Item,3078,Trinity Force,-1.8271,495
16.12,2nd Item,3094,Rapid Firecannon,-6.0751,138
16.12,2nd Item,3139,Mercurial Scimitar,0.5345,131
16.12,2nd Item,3142,Youmuu's Ghostblade,-1.6411,263
16.12,2nd Item,3156,Maw of Malmortius,2.4381,192
16.12,2nd Item,3508,Essence Reaver,1.4401,2319
16.12,2nd Item,3814,Edge of Night,-0.4427,110
16.12,2nd Item,6673,Immortal Shieldbow,-2.3788,294
16.12,2nd Item,6676,The Collector,-0.8478,31115
16.12,2nd Item,6695,Serpent's Fang,2.2734,1000
16.12,2nd Item,6697,Hubris,-2.1051,1991
16.12,2nd Item,6699,Voltaic Cyclosword,1.4925,1215
16.12,3rd Item,2523,Hexoptics C44,-0.2791,4245
16.12,3rd Item,3031,Infinity Edge,-0.4674,47538
16.12,3rd Item,3033,Mortal Reminder,0.5238,5757
16.12,3rd Item,3036,Lord Dominik's Regards,1.2232,21582
16.12,3rd Item,3046,Phantom Dancer,1.827,571
16.12,3rd Item,3072,Bloodthirster,-1.5596,2643
16.12,3rd Item,3094,Rapid Firecannon,-0.3353,935
16.12,3rd Item,3139,Mercurial Scimitar,-4.797,216
16.12,3rd Item,3142,Youmuu's Ghostblade,-4.3331,132
16.12,3rd Item,3156,Maw of Malmortius,-0.4986,277
16.12,3rd Item,3508,Essence Reaver,0.8389,747
16.12,3rd Item,3814,Edge of Night,3.0939,198
16.12,3rd Item,6673,Immortal Shieldbow,-0.1052,1001
16.12,3rd Item,6676,The Collector,-0.2295,2577
16.12,3rd Item,6695,Serpent's Fang,1.9416,502
16.12,3rd Item,6697,Hubris,-1.7289,249
16.12,3rd Item,6699,Voltaic Cyclosword,-0.1285,510
16.12,4th+ Item,2504,Kaenic Rookern,0.7853,178
16.12,4th+ Item,2523,Hexoptics C44,0.0657,6021
16.12,4th+ Item,3026,Guardian Angel,1.1196,6262
16.12,4th+ Item,3031,Infinity Edge,-0.1039,14304
16.12,4th+ Item,3033,Mortal Reminder,-0.8482,7539
16.12,4th+ Item,3036,Lord Dominik's Regards,0.9923,24668
16.12,4th+ Item,3046,Phantom Dancer,0.8639,1866
16.12,4th+ Item,3072,Bloodthirster,-0.3316,8566
16.12,4th+ Item,3078,Trinity Force,-2.9609,226
16.12,4th+ Item,3094,Rapid Firecannon,-1.0012,9085
16.12,4th+ Item,3097,Stormrazor,-3.0711,141
16.12,4th+ Item,3139,Mercurial Scimitar,1.0993,2453
16.12,4th+ Item,3142,Youmuu's Ghostblade,-2.9533,169
16.12,4th+ Item,3143,Randuin's Omen,-4.4132,345
16.12,4th+ Item,3153,Blade of The Ruined King,-3.0064,205
16.12,4th+ Item,3156,Maw of Malmortius,-2.4607,1343
16.12,4th+ Item,3508,Essence Reaver,-1.7174,897
16.12,4th+ Item,3814,Edge of Night,1.2208,697
16.12,4th+ Item,6333,Death's Dance,0.6159,282
16.12,4th+ Item,6672,Kraken Slayer,3.2808,124
16.12,4th+ Item,6673,Immortal Shieldbow,0.2209,9868
16.12,4th+ Item,6676,The Collector,-1.4887,1993
16.12,4th+ Item,6695,Serpent's Fang,-1.2839,1043
16.12,4th+ Item,6697,Hubris,-0.2017,306
16.12,4th+ Item,6699,Voltaic Cyclosword,-1.5028,1398
16.12,All Items,2504,Kaenic Rookern,0.3197,224
16.12,All Items,2512,Fiendhunter Bolts,-1.4863,113
16.12,All Items,2520,Bastionbreaker,-3.437,172
16.12,All Items,2523,Hexoptics C44,0.4936,62183
16.12,All Items,3026,Guardian Angel,1.0216,7168
16.12,All Items,3031,Infinity Edge,-0.3023,77663
16.12,All Items,3032,Yun Tal Wildarrows,-0.4034,265
16.12,All Items,3033,Mortal Reminder,-0.3206,14226
16.12,All Items,3036,Lord Dominik's Regards,1.1059,48726
16.12,All Items,3046,Phantom Dancer,1.2095,2594
16.12,All Items,3072,Bloodthirster,-0.167,51162
16.12,All Items,3073,Experimental Hexplate,-0.0014,232
16.12,All Items,3078,Trinity Force,-1.691,880
16.12,All Items,3094,Rapid Firecannon,-0.9868,10392
16.12,All Items,3097,Stormrazor,-3.6487,334
16.12,All Items,3139,Mercurial Scimitar,0.6314,3084
16.12,All Items,3142,Youmuu's Ghostblade,-0.1693,1258
16.12,All Items,3143,Randuin's Omen,-4.2047,431
16.12,All Items,3153,Blade of The Ruined King,-2.0539,405
16.12,All Items,3156,Maw of Malmortius,-1.2494,1988
16.12,All Items,3179,Umbral Glaive,1.1805,295
16.12,All Items,3508,Essence Reaver,0.3019,5487
16.12,All Items,3814,Edge of Night,1.3604,1084
16.12,All Items,6333,Death's Dance,1.8109,392
16.12,All Items,6665,"Jak'Sho, The Protean",-6.0686,127
16.12,All Items,6672,Kraken Slayer,1.371,275
16.12,All Items,6673,Immortal Shieldbow,0.1302,11535
16.12,All Items,6676,The Collector,-0.8408,46688
16.12,All Items,6695,Serpent's Fang,0.6266,3261
16.12,All Items,6696,Axiom Arc,-3.8639,151
16.12,All Items,6697,Hubris,-0.0733,61163
16.12,All Items,6699,Voltaic Cyclosword,-0.1672,3841
16.13,Keystone,8369,First Strike,-1.4474,687
16.13,Keystone,8010,Conqueror,1.8467,2867
16.13,Keystone,8214,Summon Aery,1.1096,161
16.13,Keystone,9923,Hail of Blades,-3.2427,2580
16.13,Keystone,8021,Fleet Footwork,-3.3577,263
16.13,Keystone,8005,Press the Attack,-2.1351,20949
16.13,Keystone,8008,Lethal Tempo,0.3265,148906
16.13,Keystone,8128,Dark Harvest,0.5785,1804
16.13,Spell,1,Cleanse,-0.0407,17760
16.13,Spell,3,Exhaust,-0.0107,5529
16.13,Spell,4,Flash,-0.0004,178374
16.13,Spell,6,Ghost,-6.4745,323
16.13,Spell,7,Heal,-2.9859,1433
16.13,Spell,12,Teleport,-3.805,233
16.13,Spell,14,Ignite,-6.6331,291
16.13,Spell,21,Barrier,0.0657,152869
16.13,Starter,1036,Long Sword,-3.0921,407
16.13,Starter,1055,Doran's Blade,-0.8014,87948
16.13,Starter,1083,Cull,-2.8247,367
16.13,Starter,1086,Doran's Bow,0.8254,89108
16.13,Starter,1120,Doran's Helm,0.0332,357
16.13,Boots,3006,Berserker's Greaves,-1.0286,71848
16.13,Boots,3008,Gluttonous Greaves,0.546,65154
16.13,Boots,3009,Boots of Swiftness,-1.7062,3688
16.13,Boots,3047,Plated Steelcaps,0.6706,15473
16.13,Boots,3111,Mercury's Treads,0.1979,7688
16.13,Boots,3158,Ionian Boots of Lucidity,-2.3037,133
16.13,1st Item,2523,Hexoptics C44,2.108,12010
16.13,1st Item,3031,Infinity Edge,-2.516,999
16.13,1st Item,3032,Yun Tal Wildarrows,-4.5187,116
16.13,1st Item,3072,Bloodthirster,-0.0198,47091
16.13,1st Item,3142,Youmuu's Ghostblade,0.6172,4577
16.13,1st Item,3156,Maw of Malmortius,-5.1216,103
16.13,1st Item,3179,Umbral Glaive,0.1071,351
16.13,1st Item,3508,Essence Reaver,0.9698,1951
16.13,1st Item,6672,Kraken Slayer,0.4457,111
16.13,1st Item,6676,The Collector,-1.1313,17608
16.13,1st Item,6695,Serpent's Fang,2.1772,1224
16.13,1st Item,6697,Hubris,-0.0963,89946
16.13,1st Item,6699,Voltaic Cyclosword,0.373,722
16.13,2nd Item,2520,Bastionbreaker,2.3876,126
16.13,2nd Item,2523,Hexoptics C44,0.3674,66507
16.13,2nd Item,3031,Infinity Edge,0.1619,25117
16.13,2nd Item,3032,Yun Tal Wildarrows,-2.4216,109
16.13,2nd Item,3033,Mortal Reminder,0.6569,1174
16.13,2nd Item,3036,Lord Dominik's Regards,1.0937,3183
16.13,2nd Item,3046,Phantom Dancer,0.5176,214
16.13,2nd Item,3072,Bloodthirster,-0.4679,9074
16.13,2nd Item,3073,Experimental Hexplate,-5.059,149
16.13,2nd Item,3078,Trinity Force,-0.8157,505
16.13,2nd Item,3094,Rapid Firecannon,-8.0513,228
16.13,2nd Item,3139,Mercurial Scimitar,-0.5261,188
16.13,2nd Item,3142,Youmuu's Ghostblade,-1.9604,508
16.13,2nd Item,3156,Maw of Malmortius,1.6397,369
16.13,2nd Item,3508,Essence Reaver,-0.4998,3105
16.13,2nd Item,3814,Edge of Night,-1.0461,131
16.13,2nd Item,6673,Immortal Shieldbow,2.3901,590
16.13,2nd Item,6676,The Collector,-0.4888,49308
16.13,2nd Item,6695,Serpent's Fang,0.0926,1523
16.13,2nd Item,6697,Hubris,-0.9631,3234
16.13,2nd Item,6699,Voltaic Cyclosword,1.4451,1780
16.13,3rd Item,2523,Hexoptics C44,-0.3013,6150
16.13,3rd Item,3026,Guardian Angel,-1.3804,136
16.13,3rd Item,3031,Infinity Edge,-0.5948,71520
16.13,3rd Item,3033,Mortal Reminder,0.9343,8734
16.13,3rd Item,3036,Lord Dominik's Regards,1.3955,36093
16.13,3rd Item,3046,Phantom Dancer,-1.1181,561
16.13,3rd Item,3072,Bloodthirster,-0.6362,4113
16.13,3rd Item,3094,Rapid Firecannon,-3.0962,1384
16.13,3rd Item,3139,Mercurial Scimitar,-2.7845,369
16.13,3rd Item,3142,Youmuu's Ghostblade,-1.6264,234
16.13,3rd Item,3156,Maw of Malmortius,1.1271,486
16.13,3rd Item,3508,Essence Reaver,-0.0734,954
16.13,3rd Item,3814,Edge of Night,0.2574,307
16.13,3rd Item,6673,Immortal Shieldbow,-0.3327,1648
16.13,3rd Item,6676,The Collector,-0.8317,4031
16.13,3rd Item,6694,Serylda's Grudge,7.9325,108
16.13,3rd Item,6695,Serpent's Fang,0.0171,708
16.13,3rd Item,6696,Axiom Arc,-0.8889,105
16.13,3rd Item,6697,Hubris,1.4334,398
16.13,3rd Item,6699,Voltaic Cyclosword,-0.4265,864
16.13,4th+ Item,2504,Kaenic Rookern,-0.4345,333
16.13,4th+ Item,2512,Fiendhunter Bolts,-4.0943,127
16.13,4th+ Item,2520,Bastionbreaker,-3.8186,175
16.13,4th+ Item,2523,Hexoptics C44,-0.3769,8950
16.13,4th+ Item,3026,Guardian Angel,1.182,9739
16.13,4th+ Item,3031,Infinity Edge,0.0324,23070
16.13,4th+ Item,3033,Mortal Reminder,-0.6472,11117
16.13,4th+ Item,3036,Lord Dominik's Regards,0.6688,37902
16.13,4th+ Item,3046,Phantom Dancer,1.334,3160
16.13,4th+ Item,3065,Spirit Visage,-5.4438,124
16.13,4th+ Item,3072,Bloodthirster,-0.2924,13346
16.13,4th+ Item,3078,Trinity Force,-1.8899,230
16.13,4th+ Item,3094,Rapid Firecannon,-1.2048,14014
16.13,4th+ Item,3097,Stormrazor,-0.7444,194
16.13,4th+ Item,3139,Mercurial Scimitar,0.6054,4071
16.13,4th+ Item,3142,Youmuu's Ghostblade,-0.5757,313
16.13,4th+ Item,3143,Randuin's Omen,2.7522,461
16.13,4th+ Item,3153,Blade of The Ruined King,-1.2437,313
16.13,4th+ Item,3156,Maw of Malmortius,-0.9768,2181
16.13,4th+ Item,3508,Essence Reaver,-1.0657,1298
16.13,4th+ Item,3814,Edge of Night,2.0446,1189
16.13,4th+ Item,6333,Death's Dance,-2.6518,374
16.13,4th+ Item,6665,"Jak'Sho, The Protean",-1.2431,160
16.13,4th+ Item,6672,Kraken Slayer,-0.2909,120
16.13,4th+ Item,6673,Immortal Shieldbow,-0.059,15977
16.13,4th+ Item,6676,The Collector,-0.9283,3187
16.13,4th+ Item,6694,Serylda's Grudge,-2.4787,124
16.13,4th+ Item,6695,Serpent's Fang,-0.6609,1511
16.13,4th+ Item,6696,Axiom Arc,1.9026,217
16.13,4th+ Item,6697,Hubris,-0.1257,415
16.13,4th+ Item,6699,Voltaic Cyclosword,-1.0785,2398
16.13,All Items,2504,Kaenic Rookern,-0.8233,423
16.13,All Items,2512,Fiendhunter Bolts,-6.613,187
16.13,All Items,2517,Endless Hunger,-0.6728,121
16.13,All Items,2520,Bastionbreaker,0.5979,506
16.13,All Items,2523,Hexoptics C44,0.4713,93904
16.13,All Items,3026,Guardian Angel,1.247,11189
16.13,All Items,3031,Infinity Edge,-0.332,120816
16.13,All Items,3032,Yun Tal Wildarrows,-6.0381,318
16.13,All Items,3033,Mortal Reminder,0.0199,21157
16.13,All Items,3036,Lord Dominik's Regards,1.0144,77465
16.13,All Items,3046,Phantom Dancer,1.0061,4029
16.13,All Items,3065,Spirit Visage,-5.1665,159
16.13,All Items,3072,Bloodthirster,-0.1558,74253
16.13,All Items,3073,Experimental Hexplate,-4.9482,266
16.13,All Items,3078,Trinity Force,-0.4292,965
16.13,All Items,3085,Runaan's Hurricane,2.3443,107
16.13,All Items,3091,Wit's End,2.3885,131
16.13,All Items,3094,Rapid Firecannon,-1.449,16079
16.13,All Items,3097,Stormrazor,-1.2454,456
16.13,All Items,3139,Mercurial Scimitar,0.1517,5077
16.13,All Items,3142,Youmuu's Ghostblade,0.2185,5662
16.13,All Items,3143,Randuin's Omen,2.8127,582
16.13,All Items,3153,Blade of The Ruined King,0.3642,530
16.13,All Items,3156,Maw of Malmortius,-0.465,3289
16.13,All Items,3179,Umbral Glaive,0.5821,523
16.13,All Items,3508,Essence Reaver,-0.1246,7433
16.13,All Items,3814,Edge of Night,1.2954,1747
16.13,All Items,6333,Death's Dance,-1.4499,561
16.13,All Items,6665,"Jak'Sho, The Protean",-0.0539,220
16.13,All Items,6672,Kraken Slayer,-0.5082,380
16.13,All Items,6673,Immortal Shieldbow,-0.04,18820
16.13,All Items,6676,The Collector,-0.677,74295
16.13,All Items,6694,Serylda's Grudge,2.3939,239
16.13,All Items,6695,Serpent's Fang,0.335,5023
16.13,All Items,6696,Axiom Arc,0.5252,430
16.13,All Items,6697,Hubris,-0.1198,94032
16.13,All Items,6699,Voltaic Cyclosword,-0.0171,5965
16.14,Keystone,8369,First Strike,2.6373,162
16.14,Keystone,8010,Conqueror,1.2861,1564
16.14,Keystone,9923,Hail of Blades,-2.1937,1383
16.14,Keystone,8021,Fleet Footwork,-11.4826,116
16.14,Keystone,8005,Press the Attack,-1.9797,11960
16.14,Keystone,8008,Lethal Tempo,0.3567,78833
16.14,Keystone,8128,Dark Harvest,-1.0022,938
16.14,Spell,1,Cleanse,0.2904,9160
16.14,Spell,3,Exhaust,-0.5183,3187
16.14,Spell,4,Flash,0.0015,95158
16.14,Spell,6,Ghost,-7.9095,252
16.14,Spell,7,Heal,1.3482,838
16.14,Spell,12,Teleport,-8.2214,201
16.14,Spell,14,Ignite,-10.0424,182
16.14,Spell,21,Barrier,0.0392,81374
16.14,Starter,1036,Long Sword,-3.7156,295
16.14,Starter,1055,Doran's Blade,-0.7522,41305
16.14,Starter,1083,Cull,-5.7516,213
16.14,Starter,1086,Doran's Bow,0.6537,53117
16.14,Starter,1120,Doran's Helm,-7.4658,144
16.14,Boots,3006,Berserker's Greaves,-0.939,39119
16.14,Boots,3008,Gluttonous Greaves,0.9729,34529
16.14,Boots,3009,Boots of Swiftness,-0.3485,1818
16.14,Boots,3047,Plated Steelcaps,-0.1301,7755
16.14,Boots,3111,Mercury's Treads,0.292,4533
16.14,1st Item,2523,Hexoptics C44,1.4192,7293
16.14,1st Item,3031,Infinity Edge,-1.3978,552
16.14,1st Item,3032,Yun Tal Wildarrows,1.2404,112
16.14,1st Item,3072,Bloodthirster,0.1404,25130
16.14,1st Item,3142,Youmuu's Ghostblade,1.9103,2750
16.14,1st Item,3156,Maw of Malmortius,2.7581,129
16.14,1st Item,3179,Umbral Glaive,2.669,192
16.14,1st Item,3508,Essence Reaver,-2.19,1118
16.14,1st Item,6676,The Collector,-0.9607,9921
16.14,1st Item,6695,Serpent's Fang,-0.3954,553
16.14,1st Item,6697,Hubris,-0.1758,46260
16.14,1st Item,6699,Voltaic Cyclosword,1.6529,260
16.14,2nd Item,2523,Hexoptics C44,0.4568,32897
16.14,2nd Item,3031,Infinity Edge,0.0401,14756
16.14,2nd Item,3033,Mortal Reminder,-1.2433,645
16.14,2nd Item,3036,Lord Dominik's Regards,1.8069,1803
16.14,2nd Item,3072,Bloodthirster,-0.8795,4937
16.14,2nd Item,3078,Trinity Force,0.8625,216
16.14,2nd Item,3094,Rapid Firecannon,-2.4479,102
16.14,2nd Item,3139,Mercurial Scimitar,7.9567,132
16.14,2nd Item,3142,Youmuu's Ghostblade,-4.505,285
16.14,2nd Item,3156,Maw of Malmortius,-3.8999,264
16.14,2nd Item,3508,Essence Reaver,1.4242,1887
16.14,2nd Item,6673,Immortal Shieldbow,-0.367,387
16.14,2nd Item,6676,The Collector,-0.4834,27681
16.14,2nd Item,6695,Serpent's Fang,1.8244,752
16.14,2nd Item,6697,Hubris,-0.4646,1511
16.14,2nd Item,6699,Voltaic Cyclosword,-0.6891,605
16.14,3rd Item,2523,Hexoptics C44,-0.9677,2952
16.14,3rd Item,3031,Infinity Edge,-0.3693,36461
16.14,3rd Item,3033,Mortal Reminder,-0.2384,4954
16.14,3rd Item,3036,Lord Dominik's Regards,1.3152,21117
16.14,3rd Item,3046,Phantom Dancer,-0.2325,332
16.14,3rd Item,3072,Bloodthirster,-0.9868,2236
16.14,3rd Item,3094,Rapid Firecannon,-2.5457,757
16.14,3rd Item,3139,Mercurial Scimitar,0.4287,198
16.14,3rd Item,3142,Youmuu's Ghostblade,2.9091,109
16.14,3rd Item,3156,Maw of Malmortius,-2.1154,347
16.14,3rd Item,3508,Essence Reaver,-4.163,494
16.14,3rd Item,3814,Edge of Night,5.7374,146
16.14,3rd Item,6673,Immortal Shieldbow,-1.4429,997
16.14,3rd Item,6676,The Collector,-0.9411,2019
16.14,3rd Item,6695,Serpent's Fang,-0.4768,415
16.14,3rd Item,6697,Hubris,-1.0057,221
16.14,3rd Item,6699,Voltaic Cyclosword,-0.1991,305
16.14,4th+ Item,2504,Kaenic Rookern,3.5101,211
16.14,4th+ Item,2523,Hexoptics C44,0.248,4812
16.14,4th+ Item,3026,Guardian Angel,0.9254,5467
16.14,4th+ Item,3031,Infinity Edge,-0.6348,12837
16.14,4th+ Item,3033,Mortal Reminder,0.3789,5477
16.14,4th+ Item,3036,Lord Dominik's Regards,0.6305,19356
16.14,4th+ Item,3046,Phantom Dancer,-0.0845,1804
16.14,4th+ Item,3072,Bloodthirster,0.0339,7457
16.14,4th+ Item,3078,Trinity Force,2.519,110
16.14,4th+ Item,3094,Rapid Firecannon,-0.9322,7819
16.14,4th+ Item,3097,Stormrazor,-3.6319,129
16.14,4th+ Item,3139,Mercurial Scimitar,-1.0046,2428
16.14,4th+ Item,3142,Youmuu's Ghostblade,4.3797,172
16.14,4th+ Item,3143,Randuin's Omen,-3.2194,265
16.14,4th+ Item,3153,Blade of The Ruined King,0.2747,165
16.14,4th+ Item,3156,Maw of Malmortius,-0.6939,1361
16.14,4th+ Item,3508,Essence Reaver,-2.4876,620
16.14,4th+ Item,3814,Edge of Night,0.7085,567
16.14,4th+ Item,6333,Death's Dance,0.0695,204
16.14,4th+ Item,6673,Immortal Shieldbow,-0.0382,8451
16.14,4th+ Item,6676,The Collector,0.5159,1672
16.14,4th+ Item,6695,Serpent's Fang,0.7064,800
16.14,4th+ Item,6697,Hubris,1.2646,235
16.14,4th+ Item,6699,Voltaic Cyclosword,-1.5737,1273
16.14,All Items,2504,Kaenic Rookern,5.0748,256
16.14,All Items,2520,Bastionbreaker,2.4185,240
16.14,All Items,2523,Hexoptics C44,0.4915,48104
16.14,All Items,3026,Guardian Angel,0.8763,6240
16.14,All Items,3031,Infinity Edge,-0.333,64668
16.14,All Items,3032,Yun Tal Wildarrows,1.0159,184
16.14,All Items,3033,Mortal Reminder,0.0066,11157
16.14,All Items,3036,Lord Dominik's Regards,1.0088,42443
16.14,All Items,3046,Phantom Dancer,-0.3468,2285
16.14,All Items,3072,Bloodthirster,-0.0785,40074
16.14,All Items,3073,Experimental Hexplate,-7.3856,105
16.14,All Items,3078,Trinity Force,-0.3691,430
16.14,All Items,3094,Rapid Firecannon,-1.014,8907
16.14,All Items,3097,Stormrazor,-4.5173,248
16.14,All Items,3139,Mercurial Scimitar,-0.4906,3044
16.14,All Items,3142,Youmuu's Ghostblade,1.5,3335
16.14,All Items,3143,Randuin's Omen,-3.2737,331
16.14,All Items,3153,Blade of The Ruined King,1.0971,277
16.14,All Items,3156,Maw of Malmortius,-1.0177,2192
16.14,All Items,3179,Umbral Glaive,1.7917,256
16.14,All Items,3508,Essence Reaver,-0.832,4172
16.14,All Items,3814,Edge of Night,1.8993,881
16.14,All Items,6333,Death's Dance,-1.6097,319
16.14,All Items,6665,"Jak'Sho, The Protean",-1.6568,116
16.14,All Items,6672,Kraken Slayer,1.0548,181
16.14,All Items,6673,Immortal Shieldbow,-0.1014,10152
16.14,All Items,6676,The Collector,-0.5833,41375
16.14,All Items,6695,Serpent's Fang,0.5016,2546
16.14,All Items,6696,Axiom Arc,-0.7951,153
16.14,All Items,6697,Hubris,-0.1839,48249
16.14,All Items,6699,Voltaic Cyclosword,-0.8069,2555
16.15,Keystone,8369,First Strike,-1.5277,225
16.15,Keystone,8010,Conqueror,0.2585,1618
16.15,Keystone,9923,Hail of Blades,0.1582,1320
16.15,Keystone,8021,Fleet Footwork,-6.7272,216
16.15,Keystone,8005,Press the Attack,-1.3651,13583
16.15,Keystone,8008,Lethal Tempo,0.2617,78655
16.15,Keystone,8128,Dark Harvest,-0.0046,872
16.15,Spell,1,Cleanse,-0.0143,9235
16.15,Spell,3,Exhaust,-0.8874,3556
16.15,Spell,4,Flash,0.0018,96648
16.15,Spell,6,Ghost,-2.1789,489
16.15,Spell,7,Heal,-1.3645,845
16.15,Spell,12,Teleport,-0.092,240
16.15,Spell,14,Ignite,-5.0741,201
16.15,Spell,21,Barrier,0.0777,82130
16.15,Starter,1036,Long Sword,0.0651,495
16.15,Starter,1055,Doran's Blade,-0.7288,35064
16.15,Starter,1083,Cull,-4.764,146
16.15,Starter,1086,Doran's Bow,0.4513,60589
16.15,Starter,1120,Doran's Helm,-3.2036,261
16.15,Boots,3006,Berserker's Greaves,-1.0729,38906
16.15,Boots,3008,Gluttonous Greaves,0.6155,36653
16.15,Boots,3009,Boots of Swiftness,-2.4836,1788
16.15,Boots,3047,Plated Steelcaps,0.5144,7353
16.15,Boots,3111,Mercury's Treads,0.2658,4653
16.15,1st Item,2523,Hexoptics C44,1.1081,5381
16.15,1st Item,3031,Infinity Edge,-1.1562,519
16.15,1st Item,3032,Yun Tal Wildarrows,1.3403,1210
16.15,1st Item,3072,Bloodthirster,0.1192,25876
16.15,1st Item,3142,Youmuu's Ghostblade,0.7577,2357
16.15,1st Item,3179,Umbral Glaive,4.945,175
16.15,1st Item,3508,Essence Reaver,1.5275,1162
16.15,1st Item,6676,The Collector,-0.7251,9723
16.15,1st Item,6695,Serpent's Fang,0.1615,624
16.15,1st Item,6697,Hubris,-0.1428,48293
16.15,1st Item,6699,Voltaic Cyclosword,-1.8404,228
16.15,2nd Item,2520,Bastionbreaker,2.035,164
16.15,2nd Item,2523,Hexoptics C44,0.2354,33002
16.15,2nd Item,3031,Infinity Edge,-0.0195,13811
16.15,2nd Item,3032,Yun Tal Wildarrows,2.9682,1295
16.15,2nd Item,3033,Mortal Reminder,0.54,606
16.15,2nd Item,3036,Lord Dominik's Regards,1.4772,1924
16.15,2nd Item,3072,Bloodthirster,-0.534,5056
16.15,2nd Item,3078,Trinity Force,-7.275,118
16.15,2nd Item,3094,Rapid Firecannon,3.2879,126
16.15,2nd Item,3139,Mercurial Scimitar,1.3674,157
16.15,2nd Item,3142,Youmuu's Ghostblade,1.6202,275
16.15,2nd Item,3156,Maw of Malmortius,0.0721,296
16.15,2nd Item,3508,Essence Reaver,0.8717,1977
16.15,2nd Item,6673,Immortal Shieldbow,-0.5373,433
16.15,2nd Item,6676,The Collector,-0.3616,28332
16.15,2nd Item,6695,Serpent's Fang,0.5853,741
16.15,2nd Item,6697,Hubris,-2.6083,1725
16.15,2nd Item,6699,Voltaic Cyclosword,-1.6641,449
16.15,3rd Item,2520,Bastionbreaker,5.8083,133
16.15,3rd Item,2523,Hexoptics C44,0.9682,3628
16.15,3rd Item,3031,Infinity Edge,-0.3723,37768
16.15,3rd Item,3033,Mortal Reminder,0.2241,4374
16.15,3rd Item,3036,Lord Dominik's Regards,0.8965,20867
16.15,3rd Item,3046,Phantom Dancer,0.7782,287
16.15,3rd Item,3072,Bloodthirster,-0.9891,2071
16.15,3rd Item,3094,Rapid Firecannon,-3.5281,752
16.15,3rd Item,3139,Mercurial Scimitar,-3.3856,199
16.15,3rd Item,3156,Maw of Malmortius,-1.4323,321
16.15,3rd Item,3508,Essence Reaver,-0.2811,499
16.15,3rd Item,3814,Edge of Night,1.5446,129
16.15,3rd Item,6673,Immortal Shieldbow,-0.3117,1085
16.15,3rd Item,6676,The Collector,-1.217,2134
16.15,3rd Item,6695,Serpent's Fang,0.4299,373
16.15,3rd Item,6697,Hubris,-0.8383,256
16.15,3rd Item,6699,Voltaic Cyclosword,-1.5757,321
16.15,4th+ Item,2504,Kaenic Rookern,-4.3758,210
16.15,4th+ Item,2520,Bastionbreaker,-4.8021,122
16.15,4th+ Item,2523,Hexoptics C44,0.698,4682
16.15,4th+ Item,3026,Guardian Angel,0.6014,5397
16.15,4th+ Item,3031,Infinity Edge,-0.2794,13156
16.15,4th+ Item,3033,Mortal Reminder,-0.5813,5639
16.15,4th+ Item,3036,Lord Dominik's Regards,0.8111,20685
16.15,4th+ Item,3046,Phantom Dancer,-0.115,1784
16.15,4th+ Item,3072,Bloodthirster,-0.0977,7243
16.15,4th+ Item,3094,Rapid Firecannon,-0.2868,7406
16.15,4th+ Item,3097,Stormrazor,-6.1254,120
16.15,4th+ Item,3139,Mercurial Scimitar,-0.9879,2245
16.15,4th+ Item,3142,Youmuu's Ghostblade,-2.8776,135
16.15,4th+ Item,3143,Randuin's Omen,2.5143,260
16.15,4th+ Item,3153,Blade of The Ruined King,-3.8017,160
16.15,4th+ Item,3156,Maw of Malmortius,-0.0396,1260
16.15,4th+ Item,3508,Essence Reaver,-4.493,633
16.15,4th+ Item,3814,Edge of Night,3.4794,518
16.15,4th+ Item,6333,Death's Dance,-1.8349,231
16.15,4th+ Item,6665,"Jak'Sho, The Protean",-4.4941,120
16.15,4th+ Item,6673,Immortal Shieldbow,-0.3091,8580
16.15,4th+ Item,6676,The Collector,0.4645,1634
16.15,4th+ Item,6695,Serpent's Fang,0.0027,779
16.15,4th+ Item,6696,Axiom Arc,-1.9951,122
16.15,4th+ Item,6697,Hubris,-3.9162,247
16.15,4th+ Item,6699,Voltaic Cyclosword,0.0756,1335
16.15,All Items,2504,Kaenic Rookern,-3.2205,267
16.15,All Items,2512,Fiendhunter Bolts,5.5797,117
16.15,All Items,2517,Endless Hunger,-3.6485,107
16.15,All Items,2520,Bastionbreaker,0.3395,509
16.15,All Items,2523,Hexoptics C44,0.4403,46845
16.15,All Items,3026,Guardian Angel,0.8551,6193
16.15,All Items,3031,Infinity Edge,-0.286,65308
16.15,All Items,3032,Yun Tal Wildarrows,2.0004,2648
16.15,All Items,3033,Mortal Reminder,-0.1728,10693
16.15,All Items,3036,Lord Dominik's Regards,0.8809,43654
16.15,All Items,3046,Phantom Dancer,0.0237,2187
16.15,All Items,3072,Bloodthirster,-0.0233,40579
16.15,All Items,3073,Experimental Hexplate,0.0691,107
16.15,All Items,3078,Trinity Force,-5.3998,312
16.15,All Items,3094,Rapid Firecannon,-0.5167,8513
16.15,All Items,3097,Stormrazor,-3.9771,301
16.15,All Items,3139,Mercurial Scimitar,-1.1732,2875
16.15,All Items,3142,Youmuu's Ghostblade,0.6452,2864
16.15,All Items,3143,Randuin's Omen,1.6165,339
16.15,All Items,3153,Blade of The Ruined King,-2.173,274
16.15,All Items,3156,Maw of Malmortius,-0.0198,2059
16.15,All Items,3179,Umbral Glaive,1.8692,262
16.15,All Items,3508,Essence Reaver,-0.0553,4324
16.15,All Items,3814,Edge of Night,2.5189,787
16.15,All Items,6333,Death's Dance,-1.5609,349
16.15,All Items,6665,"Jak'Sho, The Protean",-4.426,161
16.15,All Items,6672,Kraken Slayer,0.1585,208
16.15,All Items,6673,Immortal Shieldbow,-0.3579,10410
16.15,All Items,6676,The Collector,-0.4566,41885
16.15,All Items,6694,Serylda's Grudge,4.121,144
16.15,All Items,6695,Serpent's Fang,0.4127,2555
16.15,All Items,6696,Axiom Arc,0.5263,286
16.15,All Items,6697,Hubris,-0.2549,50554
16.15,All Items,6699,Voltaic Cyclosword,-0.7834,2454
16.16,Keystone,8010,Conqueror,3.1166,600
16.16,Keystone,9923,Hail of Blades,-1.5352,665
16.16,Keystone,8021,Fleet Footwork,1.6656,105
16.16,Keystone,8005,Press the Attack,-2.0123,5816
16.16,Keystone,8008,Lethal Tempo,0.3019,32457
16.16,Keystone,8128,Dark Harvest,2.8032,393
16.16,Spell,1,Cleanse,0.0221,3947
16.16,Spell,3,Exhaust,-1.8726,1590
16.16,Spell,4,Flash,-0.0019,40165
16.16,Spell,6,Ghost,0.2182,182
16.16,Spell,7,Heal,-1.1676,287
16.16,Spell,21,Barrier,0.14,34020
16.16,Starter,1036,Long Sword,-2.3637,110
16.16,Starter,1055,Doran's Blade,-0.6671,13767
16.16,Starter,1086,Doran's Bow,0.3751,26136
16.16,Boots,3006,Berserker's Greaves,-0.7562,17557
16.16,Boots,3008,Gluttonous Greaves,0.2489,13945
16.16,Boots,3009,Boots of Swiftness,-1.6469,694
16.16,Boots,3047,Plated Steelcaps,0.8881,3158
16.16,Boots,3111,Mercury's Treads,-0.7625,1629
16.16,1st Item,2523,Hexoptics C44,0.3453,2011
16.16,1st Item,3031,Infinity Edge,1.3231,242
16.16,1st Item,3032,Yun Tal Wildarrows,-1.3139,415
16.16,1st Item,3072,Bloodthirster,1.0078,10633
16.16,1st Item,3142,Youmuu's Ghostblade,2.5762,917
16.16,1st Item,3508,Essence Reaver,-2.4802,491
16.16,1st Item,6676,The Collector,-1.1015,4321
16.16,1st Item,6695,Serpent's Fang,-2.9382,257
16.16,1st Item,6697,Hubris,-0.2747,20328
16.16,2nd Item,2523,Hexoptics C44,0.6413,13399
16.16,2nd Item,3031,Infinity Edge,-0.4768,5435
16.16,2nd Item,3032,Yun Tal Wildarrows,3.489,447
16.16,2nd Item,3033,Mortal Reminder,2.6347,247
16.16,2nd Item,3036,Lord Dominik's Regards,0.5705,833
16.16,2nd Item,3072,Bloodthirster,-1.2891,2111
16.16,2nd Item,3508,Essence Reaver,0.1308,844
16.16,2nd Item,6673,Immortal Shieldbow,2.1121,164
16.16,2nd Item,6676,The Collector,-0.3301,12546
16.16,2nd Item,6695,Serpent's Fang,-0.5732,323
16.16,2nd Item,6697,Hubris,-2.1931,709
16.16,2nd Item,6699,Voltaic Cyclosword,-1.5319,150
16.16,3rd Item,2523,Hexoptics C44,-0.6367,1374
16.16,3rd Item,3031,Infinity Edge,-0.2535,15743
16.16,3rd Item,3033,Mortal Reminder,0.3521,1799
16.16,3rd Item,3036,Lord Dominik's Regards,0.966,8816
16.16,3rd Item,3046,Phantom Dancer,-0.0653,126
16.16,3rd Item,3072,Bloodthirster,-3.6429,770
16.16,3rd Item,3094,Rapid Firecannon,-3.9033,300
16.16,3rd Item,3156,Maw of Malmortius,-7.1821,152
16.16,3rd Item,3508,Essence Reaver,-1.1704,218
16.16,3rd Item,6673,Immortal Shieldbow,-0.5421,433
16.16,3rd Item,6676,The Collector,-0.0053,793
16.16,3rd Item,6695,Serpent's Fang,7.9345,150
16.16,4th+ Item,2523,Hexoptics C44,0.3946,1795
16.16,4th+ Item,3026,Guardian Angel,0.5593,2151
16.16,4th+ Item,3031,Infinity Edge,-0.4175,5487
16.16,4th+ Item,3033,Mortal Reminder,0.0541,2286
16.16,4th+ Item,3036,Lord Dominik's Regards,0.7756,8273
16.16,4th+ Item,3046,Phantom Dancer,0.7892,701
16.16,4th+ Item,3072,Bloodthirster,0.1856,2977
16.16,4th+ Item,3094,Rapid Firecannon,-0.7707,3026
16.16,4th+ Item,3139,Mercurial Scimitar,-0.2461,927
16.16,4th+ Item,3143,Randuin's Omen,-3.2738,122
16.16,4th+ Item,3156,Maw of Malmortius,-0.5042,523
16.16,4th+ Item,3508,Essence Reaver,-1.9278,276
16.16,4th+ Item,3814,Edge of Night,4.558,216
16.16,4th+ Item,6333,Death's Dance,-1.3455,103
16.16,4th+ Item,6673,Immortal Shieldbow,0.0168,3581
16.16,4th+ Item,6676,The Collector,-2.8465,658
16.16,4th+ Item,6695,Serpent's Fang,-1.366,299
16.16,4th+ Item,6697,Hubris,-3.6758,108
16.16,4th+ Item,6699,Voltaic Cyclosword,-1.1208,541
16.16,All Items,3814,Edge of Night,4.8881,307
16.16,All Items,3026,Guardian Angel,0.3776,2433
16.16,All Items,2520,Bastionbreaker,4.8445,180
16.16,All Items,3142,Youmuu's Ghostblade,2.2268,1110
16.16,All Items,3031,Infinity Edge,-0.3193,26925
16.16,All Items,3143,Randuin's Omen,-5.0259,146
16.16,All Items,6676,The Collector,-0.5859,18351
16.16,All Items,2523,Hexoptics C44,0.518,18650
16.16,All Items,6695,Serpent's Fang,-0.1824,1042
16.16,All Items,6333,Death's Dance,-2.6459,142
16.16,All Items,3033,Mortal Reminder,0.2907,4359
16.16,All Items,6697,Hubris,-0.3634,21235
16.16,All Items,3032,Yun Tal Wildarrows,0.7835,901
16.16,All Items,3139,Mercurial Scimitar,-0.5541,1170
16.16,All Items,3078,Trinity Force,-0.9751,106
16.16,All Items,3153,Blade of The Ruined King,0.575,128
16.16,All Items,6699,Voltaic Cyclosword,-1.3762,916
16.16,All Items,3072,Bloodthirster,0.3373,16642
16.16,All Items,3094,Rapid Firecannon,-1.0598,3458
16.16,All Items,3508,Essence Reaver,-1.2366,1856
16.16,All Items,3046,Phantom Dancer,0.8371,861
16.16,All Items,3156,Maw of Malmortius,-1.6229,806
16.16,All Items,6673,Immortal Shieldbow,0.0081,4305
16.16,All Items,3036,Lord Dominik's Regards,0.8456,17997
16.17,Keystone,8010,Conqueror,2.33,666
16.17,Keystone,9923,Hail of Blades,-2.1109,658
16.17,Keystone,8021,Fleet Footwork,-5.0367,111
16.17,Keystone,8005,Press the Attack,-1.848,5976
16.17,Keystone,8008,Lethal Tempo,0.2499,39633
16.17,Keystone,8128,Dark Harvest,1.6971,344
16.17,Spell,1,Cleanse,-1.0563,4790
16.17,Spell,3,Exhaust,-0.4076,2320
16.17,Spell,4,Flash,0.005,47523
16.17,Spell,6,Ghost,-6.6187,159
16.17,Spell,7,Heal,-1.474,323
16.17,Spell,21,Barrier,0.2066,39833
16.17,Starter,1036,Long Sword,-9.5734,167
16.17,Starter,1055,Doran's Blade,-0.396,15430
16.17,Starter,1086,Doran's Bow,0.2308,31740
16.17,Boots,3006,Berserker's Greaves,-0.7784,20824
16.17,Boots,3008,Gluttonous Greaves,0.7925,16487
16.17,Boots,3009,Boots of Swiftness,0.3516,852
16.17,Boots,3047,Plated Steelcaps,0.438,3761
16.17,Boots,3111,Mercury's Treads,-0.5558,1856
16.17,1st Item,2523,Hexoptics C44,1.1174,1995
16.17,1st Item,3031,Infinity Edge,-1.0599,264
16.17,1st Item,3032,Yun Tal Wildarrows,2.0248,418
16.17,1st Item,3072,Bloodthirster,0.6892,12156
16.17,1st Item,3142,Youmuu's Ghostblade,0.2949,915
16.17,1st Item,3179,Umbral Glaive,0.3447,113
16.17,1st Item,3508,Essence Reaver,0.4944,651
16.17,1st Item,6676,The Collector,-1.9084,5044
16.17,1st Item,6695,Serpent's Fang,0.7458,317
16.17,1st Item,6697,Hubris,-0.1053,24983
16.17,1st Item,6699,Voltaic Cyclosword,0.1402,211
16.17,2nd Item,2523,Hexoptics C44,0.2057,16326
16.17,2nd Item,3031,Infinity Edge,-0.2819,6478
16.17,2nd Item,3032,Yun Tal Wildarrows,0.3431,327
16.17,2nd Item,3033,Mortal Reminder,0.0973,310
16.17,2nd Item,3036,Lord Dominik's Regards,2.3562,882
16.17,2nd Item,3072,Bloodthirster,-1.9995,2464
16.17,2nd Item,3142,Youmuu's Ghostblade,-0.2394,150
16.17,2nd Item,3508,Essence Reaver,2.0659,994
16.17,2nd Item,6673,Immortal Shieldbow,3.665,155
16.17,2nd Item,6676,The Collector,-0.0586,14785
16.17,2nd Item,6695,Serpent's Fang,1.2192,387
16.17,2nd Item,6697,Hubris,-1.3071,755
16.17,2nd Item,6699,Voltaic Cyclosword,2.1994,163
16.17,3rd Item,2523,Hexoptics C44,-0.0402,1516
16.17,3rd Item,3031,Infinity Edge,-0.4694,18749
16.17,3rd Item,3033,Mortal Reminder,0.6954,2044
16.17,3rd Item,3036,Lord Dominik's Regards,0.8054,10580
16.17,3rd Item,3046,Phantom Dancer,3.4997,131
16.17,3rd Item,3072,Bloodthirster,-0.3053,892
16.17,3rd Item,3094,Rapid Firecannon,-1.3784,407
16.17,3rd Item,3156,Maw of Malmortius,0.8957,126
16.17,3rd Item,3508,Essence Reaver,-2.2922,217
16.17,3rd Item,6673,Immortal Shieldbow,-2.3896,462
16.17,3rd Item,6676,The Collector,1.5976,1044
16.17,3rd Item,6695,Serpent's Fang,-2.8679,197
16.17,3rd Item,6699,Voltaic Cyclosword,2.0842,174
16.17,4th+ Item,2523,Hexoptics C44,1.1446,2148
16.17,4th+ Item,3026,Guardian Angel,0.5615,2615
16.17,4th+ Item,3031,Infinity Edge,0.3219,6375
16.17,4th+ Item,3033,Mortal Reminder,-1.7545,2482
16.17,4th+ Item,3036,Lord Dominik's Regards,0.7226,10129
16.17,4th+ Item,3046,Phantom Dancer,-1.0687,849
16.17,4th+ Item,3072,Bloodthirster,-0.4663,3394
16.17,4th+ Item,3094,Rapid Firecannon,-1.5881,3645
16.17,4th+ Item,3139,Mercurial Scimitar,-0.2776,1105
16.17,4th+ Item,3143,Randuin's Omen,1.4953,118
16.17,4th+ Item,3156,Maw of Malmortius,-1.5558,521
16.17,4th+ Item,3508,Essence Reaver,1.6736,270
16.17,4th+ Item,3814,Edge of Night,2.9831,275
16.17,4th+ Item,6333,Death's Dance,-5.2529,107
16.17,4th+ Item,6673,Immortal Shieldbow,0.2094,4055
16.17,4th+ Item,6676,The Collector,-0.8373,777
16.17,4th+ Item,6695,Serpent's Fang,0.6606,348
16.17,4th+ Item,6697,Hubris,-1.0208,122
16.17,4th+ Item,6699,Voltaic Cyclosword,0.4563,589
16.17,All Items,3814,Edge of Night,1.6972,441
16.17,All Items,3026,Guardian Angel,0.6027,2967
16.17,All Items,2520,Bastionbreaker,-3.9787,260
16.17,All Items,3142,Youmuu's Ghostblade,0.7013,1167
16.17,All Items,3031,Infinity Edge,-0.2791,31898
16.17,All Items,3143,Randuin's Omen,1.3248,153
16.17,All Items,6676,The Collector,-0.4398,21679
16.17,All Items,2523,Hexoptics C44,0.349,22055
16.17,All Items,3097,Stormrazor,1.2583,206
16.17,All Items,6695,Serpent's Fang,0.3519,1261
16.17,All Items,6333,Death's Dance,-1.9877,167
16.17,All Items,2504,Kaenic Rookern,5.6958,102
16.17,All Items,3033,Mortal Reminder,-0.5626,4867
16.17,All Items,6697,Hubris,-0.1574,25944
16.17,All Items,6672,Kraken Slayer,-8.9882,115
16.17,All Items,3032,Yun Tal Wildarrows,1.2031,797
16.17,All Items,3139,Mercurial Scimitar,-0.7381,1381
16.17,All Items,3078,Trinity Force,0.5201,131
16.17,All Items,3153,Blade of The Ruined King,0.3111,138
16.17,All Items,6699,Voltaic Cyclosword,0.6956,1185
16.17,All Items,3072,Bloodthirster,0.0978,19062
16.17,All Items,3094,Rapid Firecannon,-1.7329,4251
16.17,All Items,3508,Essence Reaver,1.1605,2151
16.17,All Items,3046,Phantom Dancer,-0.0183,1034
16.17,All Items,3156,Maw of Malmortius,-0.4649,784
16.17,All Items,6673,Immortal Shieldbow,0.1215,4840
16.17,All Items,3036,Lord Dominik's Regards,0.834,21665
16.17,All Items,3179,Umbral Glaive,1.4822,146
