patch,category,id,name,wpa,sample_size
16.1,Keystone,8230,Stormraider's Surge,0.1863,32679
16.1,Keystone,8010,Conqueror,0.0124,109921
16.1,Keystone,8021,Fleet Footwork,-2.7013,160
16.1,Keystone,8360,Unsealed Spellbook,1.8035,393
16.1,Keystone,8437,Grasp of the Undying,-1.8343,1931
16.1,Spell,3,Exhaust,-4.6545,1035
16.1,Spell,4,Flash,-0.0032,144640
16.1,Spell,6,Ghost,-0.68,3850
16.1,Spell,12,Teleport,-4.082,7031
16.1,Spell,14,Ignite,0.2747,134355
16.1,Starter,1036,Long Sword,-1.262,395
16.1,Starter,1054,Doran's Shield,-0.0551,109736
16.1,Starter,1055,Doran's Blade,0.1998,34352
16.1,Starter,1083,Cull,-0.4983,527
16.1,Boots,3006,Berserker's Greaves,-0.1061,92941
16.1,Boots,3009,Boots of Swiftness,1.1306,25550
16.1,Boots,3047,Plated Steelcaps,0.2813,15425
16.1,Boots,3111,Mercury's Treads,-1.693,7177
16.1,Boots,3158,Ionian Boots of Lucidity,1.9324,236
16.1,1st Item,3033,Mortal Reminder,-4.2656,192
16.1,1st Item,3046,Phantom Dancer,-2.9692,392
16.1,1st Item,3068,Sunfire Aegis,-4.7654,254
16.1,1st Item,3071,Black Cleaver,-3.4027,1644
16.1,1st Item,3075,Thornmail,3.3889,158
16.1,1st Item,3078,Trinity Force,-0.5812,2239
16.1,1st Item,3084,Heartsteel,-11.7622,108
16.1,1st Item,3161,Spear of Shojin,2.2214,151
16.1,1st Item,3181,Hullbreaker,-0.0568,117
16.1,1st Item,3742,Dead Man's Plate,-2.9179,194
16.1,1st Item,4401,Force of Nature,-0.6748,120
16.1,1st Item,6631,Stridebreaker,0.1206,132933
16.1,1st Item,6664,Hollow Radiance,-5.1526,127
16.1,1st Item,6695,Serpent's Fang,-0.9045,288
16.1,2nd Item,2504,Kaenic Rookern,-4.6326,117
16.1,2nd Item,2512,Fiendhunter Bolts,-2.505,849
16.1,2nd Item,2517,Endless Hunger,3.8328,123
16.1,2nd Item,3031,Infinity Edge,-4.3093,454
16.1,2nd Item,3033,Mortal Reminder,-0.8827,7011
16.1,2nd Item,3036,Lord Dominik's Regards,-2.86,492
16.1,2nd Item,3046,Phantom Dancer,0.5714,76960
16.1,2nd Item,3053,Sterak's Gage,-1.073,1065
16.1,2nd Item,3065,Spirit Visage,-3.5873,117
16.1,2nd Item,3071,Black Cleaver,-0.3437,13284
16.1,2nd Item,3075,Thornmail,0.272,527
16.1,2nd Item,3078,Trinity Force,1.0845,778
16.1,2nd Item,3091,Wit's End,-7.2947,128
16.1,2nd Item,3097,Stormrazor,-2.1272,4230
16.1,2nd Item,3142,Youmuu's Ghostblade,2.2772,567
16.1,2nd Item,3143,Randuin's Omen,-0.832,294
16.1,2nd Item,3156,Maw of Malmortius,-0.2917,138
16.1,2nd Item,3161,Spear of Shojin,-1.24,8894
16.1,2nd Item,3181,Hullbreaker,-0.9124,859
16.1,2nd Item,3742,Dead Man's Plate,0.7773,3943
16.1,2nd Item,4401,Force of Nature,-0.6439,1154
16.1,2nd Item,6333,Death's Dance,-0.7443,288
16.1,2nd Item,6631,Stridebreaker,-1.3445,2497
16.1,2nd Item,6676,The Collector,-4.3732,110
16.1,2nd Item,6695,Serpent's Fang,-0.2012,1837
16.1,3rd Item,2504,Kaenic Rookern,-3.2581,300
16.1,3rd Item,2512,Fiendhunter Bolts,-2.7115,254
16.1,3rd Item,2517,Endless Hunger,0.2835,230
16.1,3rd Item,3031,Infinity Edge,-1.1947,11053
16.1,3rd Item,3033,Mortal Reminder,0.1411,17076
16.1,3rd Item,3036,Lord Dominik's Regards,0.0762,1290
16.1,3rd Item,3046,Phantom Dancer,0.7209,11436
16.1,3rd Item,3053,Sterak's Gage,0.6029,3889
16.1,3rd Item,3065,Spirit Visage,-3.5799,134
16.1,3rd Item,3071,Black Cleaver,0.6852,6002
16.1,3rd Item,3075,Thornmail,2.2059,634
16.1,3rd Item,3078,Trinity Force,3.0153,294
16.1,3rd Item,3091,Wit's End,0.5188,123
16.1,3rd Item,3097,Stormrazor,-3.3168,1087
16.1,3rd Item,3142,Youmuu's Ghostblade,-1.7927,262
16.1,3rd Item,3143,Randuin's Omen,1.3633,576
16.1,3rd Item,3156,Maw of Malmortius,1.5893,292
16.1,3rd Item,3161,Spear of Shojin,-0.2515,23587
16.1,3rd Item,3181,Hullbreaker,-0.4842,896
16.1,3rd Item,3742,Dead Man's Plate,0.5678,10028
16.1,3rd Item,4401,Force of Nature,0.0528,2613
16.1,3rd Item,6333,Death's Dance,1.2827,1135
16.1,3rd Item,6609,Chempunk Chainsword,-2.2567,222
16.1,3rd Item,6631,Stridebreaker,-0.318,377
16.1,3rd Item,6665,"Jak'Sho, The Protean",-2.8235,160
16.1,3rd Item,6676,The Collector,2.0868,250
16.1,3rd Item,6695,Serpent's Fang,1.2789,1829
16.1,4th+ Item,2504,Kaenic Rookern,0.3007,542
16.1,4th+ Item,2512,Fiendhunter Bolts,-2.7452,154
16.1,4th+ Item,2517,Endless Hunger,0.3032,297
16.1,4th+ Item,2525,Protoplasm Harness,-2.7185,152
16.1,4th+ Item,3026,Guardian Angel,1.4974,827
16.1,4th+ Item,3031,Infinity Edge,-0.6163,7701
16.1,4th+ Item,3033,Mortal Reminder,0.3767,7279
16.1,4th+ Item,3036,Lord Dominik's Regards,-0.3315,1512
16.1,4th+ Item,3046,Phantom Dancer,-0.3757,2128
16.1,4th+ Item,3053,Sterak's Gage,1.2687,9887
16.1,4th+ Item,3065,Spirit Visage,-4.3939,223
16.1,4th+ Item,3071,Black Cleaver,-0.4834,3546
16.1,4th+ Item,3075,Thornmail,-2.7708,740
16.1,4th+ Item,3078,Trinity Force,0.1844,245
16.1,4th+ Item,3091,Wit's End,-0.8339,175
16.1,4th+ Item,3097,Stormrazor,1.8497,615
16.1,4th+ Item,3110,Frozen Heart,2.2763,116
16.1,4th+ Item,3139,Mercurial Scimitar,2.3159,124
16.1,4th+ Item,3142,Youmuu's Ghostblade,-4.6245,283
16.1,4th+ Item,3143,Randuin's Omen,0.302,1546
16.1,4th+ Item,3156,Maw of Malmortius,1.3005,428
16.1,4th+ Item,3161,Spear of Shojin,-0.611,5360
16.1,4th+ Item,3181,Hullbreaker,-2.3928,483
16.1,4th+ Item,3742,Dead Man's Plate,0.4545,11657
16.1,4th+ Item,4401,Force of Nature,-1.2397,4282
16.1,4th+ Item,6333,Death's Dance,0.7642,3680
16.1,4th+ Item,6609,Chempunk Chainsword,-3.7516,391
16.1,4th+ Item,6631,Stridebreaker,-4.467,111
16.1,4th+ Item,6665,"Jak'Sho, The Protean",-3.6598,554
16.1,4th+ Item,6673,Immortal Shieldbow,-2.045,477
16.1,4th+ Item,6676,The Collector,-1.4919,728
16.1,4th+ Item,6695,Serpent's Fang,1.063,1757
16.1,All Items,2501,Overlord's Bloodmail,-5.2784,135
16.1,All Items,2502,Unending Despair,-0.8885,104
16.1,All Items,2504,Kaenic Rookern,-1.8943,1026
16.1,All Items,2512,Fiendhunter Bolts,-2.6774,1274
16.1,All Items,2517,Endless Hunger,0.7568,676
16.1,All Items,2520,Bastionbreaker,-1.7251,266
16.1,All Items,2524,Bandlepipes,-1.5609,122
16.1,All Items,2525,Protoplasm Harness,-4.3302,254
16.1,All Items,3026,Guardian Angel,1.2608,964
16.1,All Items,3031,Infinity Edge,-1.0076,19317
16.1,All Items,3033,Mortal Reminder,-0.0618,31615
16.1,All Items,3036,Lord Dominik's Regards,-0.6473,3326
16.1,All Items,3046,Phantom Dancer,0.5532,90952
16.1,All Items,3053,Sterak's Gage,0.9174,14939
16.1,All Items,3065,Spirit Visage,-4.1083,531
16.1,All Items,3068,Sunfire Aegis,-3.8511,355
16.1,All Items,3071,Black Cleaver,-0.3138,24499
16.1,All Items,3075,Thornmail,0.0274,2069
16.1,All Items,3078,Trinity Force,0.1591,3568
16.1,All Items,3084,Heartsteel,-4.46,149
16.1,All Items,3091,Wit's End,-3.3996,453
16.1,All Items,3097,Stormrazor,-1.8613,6006
16.1,All Items,3110,Frozen Heart,-5.2724,240
16.1,All Items,3139,Mercurial Scimitar,-1.2382,152
16.1,All Items,3142,Youmuu's Ghostblade,-0.482,1195
16.1,All Items,3143,Randuin's Omen,0.2065,2534
16.1,All Items,3156,Maw of Malmortius,1.1107,907
16.1,All Items,3161,Spear of Shojin,-0.5239,38038
16.1,All Items,3181,Hullbreaker,-1.044,2371
16.1,All Items,3742,Dead Man's Plate,0.5093,25912
16.1,All Items,3814,Edge of Night,-4.2144,165
16.1,All Items,4401,Force of Nature,-0.7344,8213
16.1,All Items,6333,Death's Dance,0.8363,5171
16.1,All Items,6609,Chempunk Chainsword,-2.7068,701
16.1,All Items,6610,Sundered Sky,-0.6247,182
16.1,All Items,6631,Stridebreaker,0.088,135927
16.1,All Items,6662,Iceborn Gauntlet,-2.7249,107
16.1,All Items,6664,Hollow Radiance,-4.4647,245
16.1,All Items,6665,"Jak'Sho, The Protean",-4.266,789
16.1,All Items,6673,Immortal Shieldbow,-2.5674,567
16.1,All Items,6676,The Collector,-0.8108,1126
16.1,All Items,6694,Serylda's Grudge,2.0639,113
16.1,All Items,6695,Serpent's Fang,0.6244,5734
16.2,Keystone,8230,Stormraider's Surge,0.6242,31176
16.2,Keystone,8010,Conqueror,-0.1191,103793
16.2,Keystone,8021,Fleet Footwork,-5.39,171
16.2,Keystone,8360,Unsealed Spellbook,3.1919,327
16.2,Keystone,8437,Grasp of the Undying,-2.5839,1711
16.2,Spell,3,Exhaust,-3.6321,1032
16.2,Spell,4,Flash,0.0108,137009
16.2,Spell,6,Ghost,-0.6607,3053
16.2,Spell,12,Teleport,-3.3586,5821
16.2,Spell,14,Ignite,0.1953,128136
16.2,Starter,1036,Long Sword,1.6219,308
16.2,Starter,1054,Doran's Shield,-0.128,104801
16.2,Starter,1055,Doran's Blade,0.4346,31581
16.2,Starter,1083,Cull,-0.5336,447
16.2,Boots,3006,Berserker's Greaves,-0.2497,88404
16.2,Boots,3009,Boots of Swiftness,0.7284,23474
16.2,Boots,3047,Plated Steelcaps,0.7096,14850
16.2,Boots,3111,Mercury's Treads,-0.403,6994
16.2,Boots,3158,Ionian Boots of Lucidity,2.1837,195
16.2,1st Item,3033,Mortal Reminder,-0.0722,218
16.2,1st Item,3046,Phantom Dancer,-4.0938,341
16.2,1st Item,3068,Sunfire Aegis,-4.7708,193
16.2,1st Item,3071,Black Cleaver,-2.8803,1450
16.2,1st Item,3075,Thornmail,-10.7299,104
16.2,1st Item,3078,Trinity Force,-2.3582,1935
16.2,1st Item,3084,Heartsteel,-8.0739,101
16.2,1st Item,3161,Spear of Shojin,2.3866,175
16.2,1st Item,3181,Hullbreaker,-4.2196,102
16.2,1st Item,3742,Dead Man's Plate,-2.2645,198
16.2,1st Item,4401,Force of Nature,-3.6592,129
16.2,1st Item,6631,Stridebreaker,0.1556,126240
16.2,1st Item,6664,Hollow Radiance,-3.9279,127
16.2,1st Item,6695,Serpent's Fang,-4.3598,229
16.2,2nd Item,2512,Fiendhunter Bolts,-3.2444,421
16.2,2nd Item,2517,Endless Hunger,-2.8492,159
16.2,2nd Item,3031,Infinity Edge,-6.0574,396
16.2,2nd Item,3033,Mortal Reminder,-1.2465,7367
16.2,2nd Item,3036,Lord Dominik's Regards,0.2452,554
16.2,2nd Item,3046,Phantom Dancer,0.2571,73227
16.2,2nd Item,3053,Sterak's Gage,2.6415,917
16.2,2nd Item,3071,Black Cleaver,0.3233,11181
16.2,2nd Item,3075,Thornmail,-1.5964,436
16.2,2nd Item,3078,Trinity Force,-2.0497,627
16.2,2nd Item,3091,Wit's End,-0.5772,139
16.2,2nd Item,3097,Stormrazor,-2.637,3496
16.2,2nd Item,3142,Youmuu's Ghostblade,1.9991,535
16.2,2nd Item,3143,Randuin's Omen,3.7503,279
16.2,2nd Item,3156,Maw of Malmortius,-1.4974,131
16.2,2nd Item,3161,Spear of Shojin,-0.3682,9938
16.2,2nd Item,3181,Hullbreaker,-1.0117,686
16.2,2nd Item,3742,Dead Man's Plate,0.7705,3606
16.2,2nd Item,4401,Force of Nature,-0.3776,1437
16.2,2nd Item,6333,Death's Dance,1.2725,272
16.2,2nd Item,6631,Stridebreaker,0.524,2281
16.2,2nd Item,6695,Serpent's Fang,0.1648,1750
16.2,3rd Item,2504,Kaenic Rookern,0.6367,182
16.2,3rd Item,2512,Fiendhunter Bolts,-0.6328,129
16.2,3rd Item,2517,Endless Hunger,0.133,1328
16.2,3rd Item,3031,Infinity Edge,-1.2229,7512
16.2,3rd Item,3033,Mortal Reminder,-0.2153,23767
16.2,3rd Item,3036,Lord Dominik's Regards,-0.5584,1468
16.2,3rd Item,3046,Phantom Dancer,0.6681,10900
16.2,3rd Item,3053,Sterak's Gage,1.9106,3143
16.2,3rd Item,3071,Black Cleaver,0.6924,4387
16.2,3rd Item,3075,Thornmail,-0.5842,525
16.2,3rd Item,3078,Trinity Force,-0.0702,187
16.2,3rd Item,3091,Wit's End,2.8651,113
16.2,3rd Item,3097,Stormrazor,-0.5759,1474
16.2,3rd Item,3142,Youmuu's Ghostblade,5.8295,279
16.2,3rd Item,3143,Randuin's Omen,3.5594,616
16.2,3rd Item,3156,Maw of Malmortius,-1.7576,212
16.2,3rd Item,3161,Spear of Shojin,-0.4626,16893
16.2,3rd Item,3181,Hullbreaker,-1.0769,665
16.2,3rd Item,3742,Dead Man's Plate,0.5606,10582
16.2,3rd Item,4401,Force of Nature,-0.1371,3420
16.2,3rd Item,6333,Death's Dance,-1.6662,831
16.2,3rd Item,6609,Chempunk Chainsword,-0.8612,191
16.2,3rd Item,6631,Stridebreaker,-1.3005,352
16.2,3rd Item,6665,"Jak'Sho, The Protean",2.7306,152
16.2,3rd Item,6676,The Collector,1.6335,191
16.2,3rd Item,6695,Serpent's Fang,0.6001,1866
16.2,4th+ Item,2504,Kaenic Rookern,-2.6181,383
16.2,4th+ Item,2517,Endless Hunger,-0.1514,443
16.2,4th+ Item,3026,Guardian Angel,-0.3167,883
16.2,4th+ Item,3031,Infinity Edge,-0.8154,7716
16.2,4th+ Item,3033,Mortal Reminder,0.2858,6659
16.2,4th+ Item,3036,Lord Dominik's Regards,-0.4544,1117
16.2,4th+ Item,3046,Phantom Dancer,0.7525,2102
16.2,4th+ Item,3053,Sterak's Gage,1.4235,7842
16.2,4th+ Item,3065,Spirit Visage,-6.6701,127
16.2,4th+ Item,3071,Black Cleaver,-0.005,2322
16.2,4th+ Item,3075,Thornmail,0.5639,618
16.2,4th+ Item,3078,Trinity Force,0.5818,157
16.2,4th+ Item,3091,Wit's End,0.2014,147
16.2,4th+ Item,3097,Stormrazor,-1.3469,667
16.2,4th+ Item,3139,Mercurial Scimitar,-4.2231,109
16.2,4th+ Item,3142,Youmuu's Ghostblade,-1.7304,251
16.2,4th+ Item,3143,Randuin's Omen,0.4696,1583
16.2,4th+ Item,3156,Maw of Malmortius,0.2008,335
16.2,4th+ Item,3161,Spear of Shojin,0.2729,5425
16.2,4th+ Item,3181,Hullbreaker,-2.377,407
16.2,4th+ Item,3742,Dead Man's Plate,0.4103,13423
16.2,4th+ Item,4401,Force of Nature,-0.8625,5651
16.2,4th+ Item,6333,Death's Dance,-0.5788,2677
16.2,4th+ Item,6609,Chempunk Chainsword,-1.6079,323
16.2,4th+ Item,6665,"Jak'Sho, The Protean",-3.7604,519
16.2,4th+ Item,6673,Immortal Shieldbow,2.7278,419
16.2,4th+ Item,6676,The Collector,-1.5905,523
16.2,4th+ Item,6695,Serpent's Fang,-0.9841,1653
16.2,All Items,2501,Overlord's Bloodmail,-3.1475,116
16.2,All Items,2504,Kaenic Rookern,-1.8537,711
16.2,All Items,2512,Fiendhunter Bolts,-3.8825,656
16.2,All Items,2517,Endless Hunger,-0.1221,1947
16.2,All Items,2525,Protoplasm Harness,-3.8292,108
16.2,All Items,3026,Guardian Angel,-0.4766,1021
16.2,All Items,3031,Infinity Edge,-1.1737,15718
16.2,All Items,3032,Yun Tal Wildarrows,0.2872,105
16.2,All Items,3033,Mortal Reminder,-0.3144,38061
16.2,All Items,3036,Lord Dominik's Regards,-0.3997,3170
16.2,All Items,3046,Phantom Dancer,0.3042,86603
16.2,All Items,3053,Sterak's Gage,1.611,11991
16.2,All Items,3065,Spirit Visage,-5.7949,310
16.2,All Items,3068,Sunfire Aegis,-4.3441,290
16.2,All Items,3071,Black Cleaver,0.1225,19363
16.2,All Items,3075,Thornmail,-0.9445,1690
16.2,All Items,3078,Trinity Force,-1.9863,2917
16.2,All Items,3084,Heartsteel,-8.5526,129
16.2,All Items,3091,Wit's End,0.2248,430
16.2,All Items,3097,Stormrazor,-1.9711,5690
16.2,All Items,3110,Frozen Heart,1.744,187
16.2,All Items,3139,Mercurial Scimitar,-3.4631,151
16.2,All Items,3142,Youmuu's Ghostblade,1.7654,1135
16.2,All Items,3143,Randuin's Omen,1.5639,2584
16.2,All Items,3156,Maw of Malmortius,-1.0751,736
16.2,All Items,3161,Spear of Shojin,-0.2922,32477
16.2,All Items,3181,Hullbreaker,-1.5123,1874
16.2,All Items,3742,Dead Man's Plate,0.4817,27884
16.2,All Items,3814,Edge of Night,1.5898,171
16.2,All Items,4401,Force of Nature,-0.6139,10688
16.2,All Items,6333,Death's Dance,-0.738,3858
16.2,All Items,6609,Chempunk Chainsword,-1.2981,593
16.2,All Items,6610,Sundered Sky,0.046,114
16.2,All Items,6631,Stridebreaker,0.1565,128969
16.2,All Items,6664,Hollow Radiance,-4.2227,194
16.2,All Items,6665,"Jak'Sho, The Protean",-2.0542,725
16.2,All Items,6673,Immortal Shieldbow,1.9607,485
16.2,All Items,6676,The Collector,-1.3374,820
16.2,All Items,6695,Serpent's Fang,-0.2321,5514
16.3,Keystone,8230,Stormraider's Surge,-0.2668,28129
16.3,Keystone,8010,Conqueror,0.1419,107869
16.3,Keystone,8021,Fleet Footwork,-6.4075,147
16.3,Keystone,8360,Unsealed Spellbook,0.2693,342
16.3,Keystone,8437,Grasp of the Undying,-2.3848,1749
16.3,Spell,3,Exhaust,-3.6719,1046
16.3,Spell,4,Flash,-0.0134,137872
16.3,Spell,6,Ghost,-0.0019,3212
16.3,Spell,12,Teleport,-2.7555,5724
16.3,Spell,14,Ignite,0.1678,129352
16.3,Starter,1036,Long Sword,-2.4244,408
16.3,Starter,1054,Doran's Shield,-0.0701,105944
16.3,Starter,1055,Doran's Blade,0.3303,31356
16.3,Starter,1083,Cull,-1.2545,415
16.3,Boots,3006,Berserker's Greaves,-0.116,86760
16.3,Boots,3009,Boots of Swiftness,0.6442,23981
16.3,Boots,3047,Plated Steelcaps,0.6894,15788
16.3,Boots,3111,Mercury's Treads,-0.3203,7438
16.3,Boots,3158,Ionian Boots of Lucidity,2.4868,129
16.3,1st Item,3033,Mortal Reminder,-0.3215,251
16.3,1st Item,3046,Phantom Dancer,-3.6904,360
16.3,1st Item,3068,Sunfire Aegis,-4.6907,201
16.3,1st Item,3071,Black Cleaver,-3.3961,1515
16.3,1st Item,3075,Thornmail,-1.4574,160
16.3,1st Item,3078,Trinity Force,-1.9701,1891
16.3,1st Item,3084,Heartsteel,-12.2351,110
16.3,1st Item,3161,Spear of Shojin,1.2261,178
16.3,1st Item,3742,Dead Man's Plate,-4.6739,166
16.3,1st Item,4401,Force of Nature,-5.2236,173
16.3,1st Item,6631,Stridebreaker,0.1388,126156
16.3,1st Item,6664,Hollow Radiance,1.6903,121
16.3,1st Item,6695,Serpent's Fang,-1.1718,288
16.3,2nd Item,2512,Fiendhunter Bolts,-4.0063,330
16.3,2nd Item,3031,Infinity Edge,0.8102,400
16.3,2nd Item,3033,Mortal Reminder,-0.7185,8241
16.3,2nd Item,3036,Lord Dominik's Regards,-3.0815,625
16.3,2nd Item,3046,Phantom Dancer,0.3168,75485
16.3,2nd Item,3053,Sterak's Gage,-0.5008,993
16.3,2nd Item,3071,Black Cleaver,0.0926,11548
16.3,2nd Item,3075,Thornmail,-1.5301,545
16.3,2nd Item,3078,Trinity Force,-2.4144,510
16.3,2nd Item,3091,Wit's End,-1.6949,109
16.3,2nd Item,3097,Stormrazor,-2.1665,1766
16.3,2nd Item,3142,Youmuu's Ghostblade,1.7057,510
16.3,2nd Item,3143,Randuin's Omen,2.867,367
16.3,2nd Item,3156,Maw of Malmortius,-1.1815,135
16.3,2nd Item,3161,Spear of Shojin,-0.9717,8194
16.3,2nd Item,3181,Hullbreaker,-1.0726,677
16.3,2nd Item,3742,Dead Man's Plate,0.5187,3666
16.3,2nd Item,4401,Force of Nature,-2.1722,1406
16.3,2nd Item,6333,Death's Dance,0.3829,262
16.3,2nd Item,6631,Stridebreaker,-0.0219,2421
16.3,2nd Item,6695,Serpent's Fang,0.9047,1664
16.3,3rd Item,2504,Kaenic Rookern,-3.7252,151
16.3,3rd Item,2512,Fiendhunter Bolts,-6.0926,104
16.3,3rd Item,2517,Endless Hunger,-1.0972,620
16.3,3rd Item,3031,Infinity Edge,-1.994,6953
16.3,3rd Item,3033,Mortal Reminder,-0.2587,27032
16.3,3rd Item,3036,Lord Dominik's Regards,-0.2526,1501
16.3,3rd Item,3046,Phantom Dancer,0.5748,11510
16.3,3rd Item,3053,Sterak's Gage,2.4349,3232
16.3,3rd Item,3071,Black Cleaver,-0.3371,3653
16.3,3rd Item,3075,Thornmail,1.0754,576
16.3,3rd Item,3078,Trinity Force,-1.7554,218
16.3,3rd Item,3091,Wit's End,1.3346,117
16.3,3rd Item,3097,Stormrazor,-0.8613,1055
16.3,3rd Item,3142,Youmuu's Ghostblade,-2.8218,277
16.3,3rd Item,3143,Randuin's Omen,-0.6585,732
16.3,3rd Item,3156,Maw of Malmortius,-1.2854,209
16.3,3rd Item,3161,Spear of Shojin,0.2779,15443
16.3,3rd Item,3181,Hullbreaker,0.6061,701
16.3,3rd Item,3742,Dead Man's Plate,0.7505,10704
16.3,3rd Item,4401,Force of Nature,-0.2778,3376
16.3,3rd Item,6333,Death's Dance,-0.7392,873
16.3,3rd Item,6609,Chempunk Chainsword,-0.7647,212
16.3,3rd Item,6631,Stridebreaker,-3.3785,354
16.3,3rd Item,6665,"Jak'Sho, The Protean",-2.2973,160
16.3,3rd Item,6676,The Collector,-2.6193,164
16.3,3rd Item,6695,Serpent's Fang,0.9541,1755
16.3,4th+ Item,2504,Kaenic Rookern,2.7124,357
16.3,4th+ Item,2517,Endless Hunger,-0.3094,479
16.3,4th+ Item,3026,Guardian Angel,2.8421,905
16.3,4th+ Item,3031,Infinity Edge,-1.3918,7890
16.3,4th+ Item,3033,Mortal Reminder,-0.4728,7105
16.3,4th+ Item,3036,Lord Dominik's Regards,-0.389,989
16.3,4th+ Item,3046,Phantom Dancer,1.9588,2026
16.3,4th+ Item,3053,Sterak's Gage,1.3959,8177
16.3,4th+ Item,3065,Spirit Visage,1.2718,118
16.3,4th+ Item,3071,Black Cleaver,-0.8237,1437
16.3,4th+ Item,3075,Thornmail,-1.4597,707
16.3,4th+ Item,3078,Trinity Force,-2.1851,203
16.3,4th+ Item,3091,Wit's End,-1.2002,155
16.3,4th+ Item,3097,Stormrazor,-3.3351,599
16.3,4th+ Item,3110,Frozen Heart,-2.3823,105
16.3,4th+ Item,3139,Mercurial Scimitar,-2.1829,114
16.3,4th+ Item,3142,Youmuu's Ghostblade,0.9842,259
16.3,4th+ Item,3143,Randuin's Omen,2.1437,1689
16.3,4th+ Item,3156,Maw of Malmortius,-5.4455,284
16.3,4th+ Item,3161,Spear of Shojin,-0.2172,5563
16.3,4th+ Item,3181,Hullbreaker,-0.4794,429
16.3,4th+ Item,3742,Dead Man's Plate,0.1527,14315
16.3,4th+ Item,4401,Force of Nature,-0.5986,5883
16.3,4th+ Item,6333,Death's Dance,1.3647,2704
16.3,4th+ Item,6609,Chempunk Chainsword,2.0064,334
16.3,4th+ Item,6631,Stridebreaker,1.4805,102
16.3,4th+ Item,6665,"Jak'Sho, The Protean",0.8871,480
16.3,4th+ Item,6673,Immortal Shieldbow,2.2691,446
16.3,4th+ Item,6676,The Collector,-3.8077,570
16.3,4th+ Item,6695,Serpent's Fang,-0.7017,1656
16.3,All Items,2504,Kaenic Rookern,0.2239,664
16.3,All Items,2512,Fiendhunter Bolts,-4.355,520
16.3,All Items,2517,Endless Hunger,-1.1158,1172
16.3,All Items,2525,Protoplasm Harness,0.9454,117
16.3,All Items,3026,Guardian Angel,2.6651,1046
16.3,All Items,3031,Infinity Edge,-1.5974,15323
16.3,All Items,3032,Yun Tal Wildarrows,-4.7029,115
16.3,All Items,3033,Mortal Reminder,-0.379,42684
16.3,All Items,3036,Lord Dominik's Regards,-1.0084,3191
16.3,All Items,3046,Phantom Dancer,0.3707,89414
16.3,All Items,3053,Sterak's Gage,1.5,12527
16.3,All Items,3065,Spirit Visage,-0.4995,342
16.3,All Items,3068,Sunfire Aegis,-1.3497,329
16.3,All Items,3071,Black Cleaver,-0.3548,18177
16.3,All Items,3075,Thornmail,-0.755,1992
16.3,All Items,3078,Trinity Force,-2.0557,2828
16.3,All Items,3084,Heartsteel,-10.1266,157
16.3,All Items,3091,Wit's End,-1.6889,415
16.3,All Items,3097,Stormrazor,-2.0169,3468
16.3,All Items,3110,Frozen Heart,-2.8135,227
16.3,All Items,3139,Mercurial Scimitar,0.7101,151
16.3,All Items,3142,Youmuu's Ghostblade,0.1966,1128
16.3,All Items,3143,Randuin's Omen,1.3949,2874
16.3,All Items,3156,Maw of Malmortius,-3.565,688
16.3,All Items,3161,Spear of Shojin,-0.1684,29425
16.3,All Items,3181,Hullbreaker,-0.3578,1896
16.3,All Items,3742,Dead Man's Plate,0.4055,28935
16.3,All Items,3814,Edge of Night,0.6071,188
16.3,All Items,4401,Force of Nature,-0.7611,10895
16.3,All Items,6333,Death's Dance,0.714,3914
16.3,All Items,6609,Chempunk Chainsword,0.2871,639
16.3,All Items,6610,Sundered Sky,-1.6135,121
16.3,All Items,6631,Stridebreaker,0.1275,129038
16.3,All Items,6664,Hollow Radiance,-0.3834,190
16.3,All Items,6665,"Jak'Sho, The Protean",-0.0343,704
16.3,All Items,6673,Immortal Shieldbow,2.4477,518
16.3,All Items,6676,The Collector,-3.0123,855
16.3,All Items,6695,Serpent's Fang,0.3163,5382
16.3,All Items,6701,Opportunity,1.2958,102
16.4,Keystone,8230,Stormraider's Surge,0.0473,29481
16.4,Keystone,8010,Conqueror,-0.0134,111271
16.4,Keystone,8021,Fleet Footwork,-1.3502,185
16.4,Keystone,8360,Unsealed Spellbook,7.0335,224
16.4,Keystone,8437,Grasp of the Undying,-0.0046,1886
16.4,Spell,3,Exhaust,1.5716,897
16.4,Spell,4,Flash,0.0248,142739
16.4,Spell,6,Ghost,-1.7302,3184
16.4,Spell,12,Teleport,-2.4563,6128
16.4,Spell,14,Ignite,0.1235,133804
16.4,Starter,1036,Long Sword,-3.5723,443
16.4,Starter,1054,Doran's Shield,-0.0138,109580
16.4,Starter,1055,Doran's Blade,0.1223,32424
16.4,Starter,1083,Cull,-3.5155,478
16.4,Boots,3006,Berserker's Greaves,-0.0273,87894
16.4,Boots,3009,Boots of Swiftness,0.7237,25561
16.4,Boots,3047,Plated Steelcaps,1.1002,17201
16.4,Boots,3111,Mercury's Treads,-1.2822,7674
16.4,Boots,3158,Ionian Boots of Lucidity,-2.2251,207
16.4,1st Item,3033,Mortal Reminder,-4.302,317
16.4,1st Item,3046,Phantom Dancer,-4.4762,401
16.4,1st Item,3068,Sunfire Aegis,-2.6242,214
16.4,1st Item,3071,Black Cleaver,-2.1781,1684
16.4,1st Item,3075,Thornmail,-3.2781,152
16.4,1st Item,3078,Trinity Force,-0.1605,1979
16.4,1st Item,3084,Heartsteel,-7.4186,117
16.4,1st Item,3142,Youmuu's Ghostblade,0.9999,116
16.4,1st Item,3161,Spear of Shojin,-3.6964,233
16.4,1st Item,3742,Dead Man's Plate,1.6218,220
16.4,1st Item,4401,Force of Nature,-3.1171,184
16.4,1st Item,6631,Stridebreaker,0.0979,129924
16.4,1st Item,6664,Hollow Radiance,-1.0331,140
16.4,1st Item,6695,Serpent's Fang,-5.0268,301
16.4,2nd Item,2504,Kaenic Rookern,-7.3684,103
16.4,2nd Item,2512,Fiendhunter Bolts,-5.9311,305
16.4,2nd Item,3031,Infinity Edge,-2.2788,390
16.4,2nd Item,3033,Mortal Reminder,-1.3643,9044
16.4,2nd Item,3036,Lord Dominik's Regards,-2.7393,675
16.4,2nd Item,3046,Phantom Dancer,0.2698,77106
16.4,2nd Item,3053,Sterak's Gage,3.2621,1164
16.4,2nd Item,3071,Black Cleaver,-0.1291,12349
16.4,2nd Item,3075,Thornmail,-3.729,602
16.4,2nd Item,3078,Trinity Force,-0.3595,559
16.4,2nd Item,3091,Wit's End,0.436,106
16.4,2nd Item,3097,Stormrazor,-3.0492,1255
16.4,2nd Item,3142,Youmuu's Ghostblade,0.2716,581
16.4,2nd Item,3143,Randuin's Omen,2.2442,354
16.4,2nd Item,3156,Maw of Malmortius,-0.3174,113
16.4,2nd Item,3161,Spear of Shojin,-0.0056,8624
16.4,2nd Item,3181,Hullbreaker,-2.1686,619
16.4,2nd Item,3742,Dead Man's Plate,1.9643,3886
16.4,2nd Item,4401,Force of Nature,-0.7208,1505
16.4,2nd Item,6333,Death's Dance,0.5899,373
16.4,2nd Item,6631,Stridebreaker,-0.386,2721
16.4,2nd Item,6695,Serpent's Fang,-0.865,1743
16.4,3rd Item,2504,Kaenic Rookern,0.8568,193
16.4,3rd Item,2512,Fiendhunter Bolts,-5.0857,114
16.4,3rd Item,2517,Endless Hunger,-2.1297,382
16.4,3rd Item,3031,Infinity Edge,-2.423,6645
16.4,3rd Item,3033,Mortal Reminder,0.1134,29322
16.4,3rd Item,3036,Lord Dominik's Regards,-0.0008,1545
16.4,3rd Item,3046,Phantom Dancer,0.1358,12063
16.4,3rd Item,3053,Sterak's Gage,1.6745,3313
16.4,3rd Item,3071,Black Cleaver,1.4557,3879
16.4,3rd Item,3075,Thornmail,2.0946,707
16.4,3rd Item,3078,Trinity Force,2.1775,295
16.4,3rd Item,3091,Wit's End,-1.1566,106
16.4,3rd Item,3097,Stormrazor,-0.1153,774
16.4,3rd Item,3142,Youmuu's Ghostblade,-2.6521,325
16.4,3rd Item,3143,Randuin's Omen,1.4616,758
16.4,3rd Item,3156,Maw of Malmortius,-2.9957,155
16.4,3rd Item,3161,Spear of Shojin,-0.5839,14643
16.4,3rd Item,3181,Hullbreaker,-0.866,605
16.4,3rd Item,3742,Dead Man's Plate,0.803,12099
16.4,3rd Item,4401,Force of Nature,-1.4479,3679
16.4,3rd Item,6333,Death's Dance,-0.6425,1092
16.4,3rd Item,6609,Chempunk Chainsword,3.668,206
16.4,3rd Item,6631,Stridebreaker,-1.3168,366
16.4,3rd Item,6665,"Jak'Sho, The Protean",1.9084,148
16.4,3rd Item,6676,The Collector,-2.2797,186
16.4,3rd Item,6695,Serpent's Fang,2.068,1928
16.4,4th+ Item,2504,Kaenic Rookern,1.6467,403
16.4,4th+ Item,2517,Endless Hunger,-0.5154,318
16.4,4th+ Item,3026,Guardian Angel,2.2818,1015
16.4,4th+ Item,3031,Infinity Edge,-0.7951,8367
16.4,4th+ Item,3033,Mortal Reminder,-0.2921,7276
16.4,4th+ Item,3036,Lord Dominik's Regards,-0.3966,964
16.4,4th+ Item,3046,Phantom Dancer,0.0544,2332
16.4,4th+ Item,3053,Sterak's Gage,1.7393,8105
16.4,4th+ Item,3065,Spirit Visage,-3.2136,131
16.4,4th+ Item,3071,Black Cleaver,0.6612,1373
16.4,4th+ Item,3075,Thornmail,-0.7438,758
16.4,4th+ Item,3078,Trinity Force,-3.6414,199
16.4,4th+ Item,3091,Wit's End,-2.6812,140
16.4,4th+ Item,3097,Stormrazor,-2.1753,500
16.4,4th+ Item,3110,Frozen Heart,-4.5613,107
16.4,4th+ Item,3139,Mercurial Scimitar,-4.2416,116
16.4,4th+ Item,3142,Youmuu's Ghostblade,-0.1196,318
16.4,4th+ Item,3143,Randuin's Omen,0.0839,1790
16.4,4th+ Item,3156,Maw of Malmortius,2.2134,264
16.4,4th+ Item,3161,Spear of Shojin,0.6086,5965
16.4,4th+ Item,3181,Hullbreaker,-0.277,380
16.4,4th+ Item,3742,Dead Man's Plate,-0.2431,15280
16.4,4th+ Item,4401,Force of Nature,-0.3763,6667
16.4,4th+ Item,6333,Death's Dance,-0.7843,3059
16.4,4th+ Item,6609,Chempunk Chainsword,-2.1162,372
16.4,4th+ Item,6631,Stridebreaker,5.1682,117
16.4,4th+ Item,6665,"Jak'Sho, The Protean",-0.6727,483
16.4,4th+ Item,6673,Immortal Shieldbow,-2.2968,505
16.4,4th+ Item,6676,The Collector,-1.6954,562
16.4,4th+ Item,6695,Serpent's Fang,2.1032,1729
16.4,All Items,2501,Overlord's Bloodmail,3.8444,112
16.4,All Items,2504,Kaenic Rookern,0.5711,766
16.4,All Items,2512,Fiendhunter Bolts,-5.3727,513
16.4,All Items,2517,Endless Hunger,-1.2991,766
16.4,All Items,3026,Guardian Angel,2.2009,1183
16.4,All Items,3031,Infinity Edge,-1.5266,15494
16.4,All Items,3033,Mortal Reminder,-0.2697,46010
16.4,All Items,3036,Lord Dominik's Regards,-0.6729,3274
16.4,All Items,3046,Phantom Dancer,0.2251,91937
16.4,All Items,3053,Sterak's Gage,1.8413,12691
16.4,All Items,3065,Spirit Visage,-2.3181,344
16.4,All Items,3068,Sunfire Aegis,-3.4693,317
16.4,All Items,3071,Black Cleaver,0.0645,19317
16.4,All Items,3075,Thornmail,-0.883,2229
16.4,All Items,3078,Trinity Force,-0.2347,3048
16.4,All Items,3084,Heartsteel,-8.4472,168
16.4,All Items,3091,Wit's End,-1.2026,383
16.4,All Items,3097,Stormrazor,-2.1027,2554
16.4,All Items,3110,Frozen Heart,-3.1961,231
16.4,All Items,3139,Mercurial Scimitar,-2.7306,146
16.4,All Items,3142,Youmuu's Ghostblade,-0.3761,1358
16.4,All Items,3143,Randuin's Omen,0.7079,3023
16.4,All Items,3156,Maw of Malmortius,0.2212,603
16.4,All Items,3161,Spear of Shojin,-0.1921,29504
16.4,All Items,3181,Hullbreaker,-1.498,1696
16.4,All Items,3742,Dead Man's Plate,0.4486,31571
16.4,All Items,3814,Edge of Night,0.5434,195
16.4,All Items,4401,Force of Nature,-0.7913,12088
16.4,All Items,6333,Death's Dance,-0.691,4609
16.4,All Items,6609,Chempunk Chainsword,-0.5949,662
16.4,All Items,6610,Sundered Sky,1.5322,112
16.4,All Items,6631,Stridebreaker,0.0883,133133
16.4,All Items,6664,Hollow Radiance,-3.5954,208
16.4,All Items,6665,"Jak'Sho, The Protean",-0.3119,704
16.4,All Items,6673,Immortal Shieldbow,-0.9854,611
16.4,All Items,6676,The Collector,-2.5885,852
16.4,All Items,6695,Serpent's Fang,0.7983,5726
16.4,All Items,6701,Opportunity,0.5954,103
16.5,Keystone,8230,Stormraider's Surge,0.1199,50219
16.5,Keystone,8010,Conqueror,0.032,210119
16.5,Keystone,8021,Fleet Footwork,0.332,260
16.5,Keystone,8005,Press the Attack,-15.0497,106
16.5,Keystone,8360,Unsealed Spellbook,2.5125,441
16.5,Keystone,8008,Lethal Tempo,-9.155,139
16.5,Keystone,8437,Grasp of the Undying,-2.646,3057
16.5,Keystone,8112,Electrocute,-9.8166,106
16.5,Spell,3,Exhaust,-2.0137,1724
16.5,Spell,4,Flash,0.0088,263770
16.5,Spell,6,Ghost,-0.2155,5237
16.5,Spell,12,Teleport,-3.2334,9706
16.5,Spell,14,Ignite,0.1386,249013
16.5,Spell,21,Barrier,-2.0436,196
16.5,Starter,1036,Long Sword,-3.4162,691
16.5,Starter,1054,Doran's Shield,-0.212,195663
16.5,Starter,1055,Doran's Blade,0.6632,66915
16.5,Starter,1083,Cull,0.7305,670
16.5,Boots,3006,Berserker's Greaves,-0.1558,171957
16.5,Boots,3009,Boots of Swiftness,0.6494,42090
16.5,Boots,3047,Plated Steelcaps,1.1978,29557
16.5,Boots,3111,Mercury's Treads,-0.8759,12478
16.5,Boots,3158,Ionian Boots of Lucidity,-4.8647,300
16.5,1st Item,3033,Mortal Reminder,-2.5045,400
16.5,1st Item,3046,Phantom Dancer,-2.9439,723
16.5,1st Item,3068,Sunfire Aegis,-2.0957,280
16.5,1st Item,3071,Black Cleaver,-2.1277,2796
16.5,1st Item,3075,Thornmail,-2.0023,246
16.5,1st Item,3078,Trinity Force,-0.9885,3500
16.5,1st Item,3084,Heartsteel,-6.3572,144
16.5,1st Item,3142,Youmuu's Ghostblade,2.2764,116
16.5,1st Item,3143,Randuin's Omen,0.5883,146
16.5,1st Item,3161,Spear of Shojin,2.0621,332
16.5,1st Item,3742,Dead Man's Plate,-0.7555,300
16.5,1st Item,4401,Force of Nature,-2.3632,211
16.5,1st Item,6631,Stridebreaker,0.0834,241425
16.5,1st Item,6664,Hollow Radiance,-3.9811,156
16.5,1st Item,6695,Serpent's Fang,0.4546,494
16.5,2nd Item,2504,Kaenic Rookern,-3.0254,180
16.5,2nd Item,2512,Fiendhunter Bolts,-1.1511,302
16.5,2nd Item,3031,Infinity Edge,-7.0758,623
16.5,2nd Item,3033,Mortal Reminder,-1.0804,15021
16.5,2nd Item,3036,Lord Dominik's Regards,-0.5481,1094
16.5,2nd Item,3046,Phantom Dancer,0.2345,158036
16.5,2nd Item,3053,Sterak's Gage,0.2077,1690
16.5,2nd Item,3065,Spirit Visage,2.8424,134
16.5,2nd Item,3071,Black Cleaver,0.0168,19069
16.5,2nd Item,3075,Thornmail,-2.9218,828
16.5,2nd Item,3078,Trinity Force,-0.8122,829
16.5,2nd Item,3091,Wit's End,-1.358,196
16.5,2nd Item,3097,Stormrazor,-2.0222,1984
16.5,2nd Item,3142,Youmuu's Ghostblade,0.5764,1163
16.5,2nd Item,3143,Randuin's Omen,2.7605,578
16.5,2nd Item,3156,Maw of Malmortius,1.7062,219
16.5,2nd Item,3161,Spear of Shojin,-0.9421,12218
16.5,2nd Item,3181,Hullbreaker,0.927,935
16.5,2nd Item,3742,Dead Man's Plate,0.6033,6037
16.5,2nd Item,3814,Edge of Night,2.0624,106
16.5,2nd Item,4401,Force of Nature,0.0235,1702
16.5,2nd Item,6333,Death's Dance,3.3362,642
16.5,2nd Item,6609,Chempunk Chainsword,0.145,124
16.5,2nd Item,6631,Stridebreaker,-0.5881,4281
16.5,2nd Item,6695,Serpent's Fang,0.0705,3085
16.5,3rd Item,2504,Kaenic Rookern,-3.1053,387
16.5,3rd Item,2512,Fiendhunter Bolts,-7.9006,116
16.5,3rd Item,2517,Endless Hunger,3.1843,253
16.5,3rd Item,3031,Infinity Edge,-1.893,17833
16.5,3rd Item,3033,Mortal Reminder,-0.0421,52406
16.5,3rd Item,3036,Lord Dominik's Regards,0.2938,3818
16.5,3rd Item,3046,Phantom Dancer,0.5075,21443
16.5,3rd Item,3053,Sterak's Gage,1.1132,6482
16.5,3rd Item,3065,Spirit Visage,-0.0674,255
16.5,3rd Item,3071,Black Cleaver,0.335,7947
16.5,3rd Item,3075,Thornmail,0.7084,1055
16.5,3rd Item,3078,Trinity Force,-0.7319,388
16.5,3rd Item,3091,Wit's End,0.9581,239
16.5,3rd Item,3097,Stormrazor,-0.8012,1218
16.5,3rd Item,3110,Frozen Heart,3.2836,118
16.5,3rd Item,3142,Youmuu's Ghostblade,1.5233,593
16.5,3rd Item,3143,Randuin's Omen,3.1961,1220
16.5,3rd Item,3156,Maw of Malmortius,-4.4123,382
16.5,3rd Item,3161,Spear of Shojin,-0.0238,31805
16.5,3rd Item,3181,Hullbreaker,0.9597,940
16.5,3rd Item,3742,Dead Man's Plate,0.6922,19733
16.5,3rd Item,4401,Force of Nature,-1.3767,4425
16.5,3rd Item,6333,Death's Dance,1.1645,2082
16.5,3rd Item,6609,Chempunk Chainsword,-2.6676,325
16.5,3rd Item,6631,Stridebreaker,0.114,579
16.5,3rd Item,6665,"Jak'Sho, The Protean",-0.1363,240
16.5,3rd Item,6676,The Collector,-1.3871,326
16.5,3rd Item,6695,Serpent's Fang,1.0761,3331
16.5,4th+ Item,2501,Overlord's Bloodmail,-3.3999,158
16.5,4th+ Item,2504,Kaenic Rookern,-2.5946,879
16.5,4th+ Item,2512,Fiendhunter Bolts,-1.643,116
16.5,4th+ Item,2517,Endless Hunger,1.0983,711
16.5,4th+ Item,3026,Guardian Angel,2.1271,2074
16.5,4th+ Item,3031,Infinity Edge,-1.3159,17979
16.5,4th+ Item,3033,Mortal Reminder,0.138,13997
16.5,4th+ Item,3036,Lord Dominik's Regards,-1.2218,2906
16.5,4th+ Item,3046,Phantom Dancer,-0.2848,3524
16.5,4th+ Item,3053,Sterak's Gage,1.7664,17563
16.5,4th+ Item,3065,Spirit Visage,1.1953,392
16.5,4th+ Item,3071,Black Cleaver,0.4386,4491
16.5,4th+ Item,3075,Thornmail,-0.6646,1199
16.5,4th+ Item,3078,Trinity Force,-0.9176,319
16.5,4th+ Item,3091,Wit's End,-2.1875,358
16.5,4th+ Item,3097,Stormrazor,-1.3553,995
16.5,4th+ Item,3110,Frozen Heart,2.9187,229
16.5,4th+ Item,3139,Mercurial Scimitar,-1.8005,263
16.5,4th+ Item,3142,Youmuu's Ghostblade,-2.2703,514
16.5,4th+ Item,3143,Randuin's Omen,0.6328,3362
16.5,4th+ Item,3156,Maw of Malmortius,-1.3717,664
16.5,4th+ Item,3161,Spear of Shojin,-0.0621,10971
16.5,4th+ Item,3181,Hullbreaker,0.0461,757
16.5,4th+ Item,3742,Dead Man's Plate,0.1285,27855
16.5,4th+ Item,4401,Force of Nature,-0.645,9136
16.5,4th+ Item,6333,Death's Dance,0.5155,7916
16.5,4th+ Item,6609,Chempunk Chainsword,0.5402,580
16.5,4th+ Item,6631,Stridebreaker,-0.3308,189
16.5,4th+ Item,6665,"Jak'Sho, The Protean",-2.7523,922
16.5,4th+ Item,6673,Immortal Shieldbow,-0.8546,1091
16.5,4th+ Item,6676,The Collector,-2.0451,801
16.5,4th+ Item,6695,Serpent's Fang,-0.2396,3147
16.5,All Items,2501,Overlord's Bloodmail,-2.597,223
16.5,All Items,2504,Kaenic Rookern,-2.9655,1541
16.5,All Items,2512,Fiendhunter Bolts,-2.8639,544
16.5,All Items,2517,Endless Hunger,1.24,1028
16.5,All Items,2525,Protoplasm Harness,3.1455,157
16.5,All Items,3026,Guardian Angel,2.2149,2394
16.5,All Items,3031,Infinity Edge,-1.7037,36617
16.5,All Items,3032,Yun Tal Wildarrows,-4.4807,136
16.5,All Items,3033,Mortal Reminder,-0.2181,81938
16.5,All Items,3036,Lord Dominik's Regards,-0.4551,7924
16.5,All Items,3046,Phantom Dancer,0.2427,183805
16.5,All Items,3053,Sterak's Gage,1.5084,25960
16.5,All Items,3065,Spirit Visage,0.2324,868
16.5,All Items,3068,Sunfire Aegis,-2.9278,427
16.5,All Items,3071,Black Cleaver,-0.0364,34363
16.5,All Items,3073,Experimental Hexplate,-4.464,113
16.5,All Items,3075,Thornmail,-0.8859,3346
16.5,All Items,3078,Trinity Force,-0.9405,5049
16.5,All Items,3083,Warmog's Armor,-4.1268,113
16.5,All Items,3084,Heartsteel,-4.9543,194
16.5,All Items,3091,Wit's End,-1.3927,852
16.5,All Items,3097,Stormrazor,-1.4438,4288
16.5,All Items,3110,Frozen Heart,1.5015,460
16.5,All Items,3139,Mercurial Scimitar,-3.2338,321
16.5,All Items,3142,Youmuu's Ghostblade,0.2415,2416
16.5,All Items,3143,Randuin's Omen,1.4386,5400
16.5,All Items,3156,Maw of Malmortius,-2.0717,1378
16.5,All Items,3161,Spear of Shojin,-0.2146,55417
16.5,All Items,3181,Hullbreaker,0.4921,2741
16.5,All Items,3742,Dead Man's Plate,0.3864,54126
16.5,All Items,3814,Edge of Night,2.3196,321
16.5,All Items,4401,Force of Nature,-0.8212,15583
16.5,All Items,6333,Death's Dance,0.8469,10823
16.5,All Items,6609,Chempunk Chainsword,-0.7936,1058
16.5,All Items,6610,Sundered Sky,-3.7359,160
16.5,All Items,6631,Stridebreaker,0.0716,246485
16.5,All Items,6662,Iceborn Gauntlet,-5.0448,130
16.5,All Items,6664,Hollow Radiance,-3.8672,307
16.5,All Items,6665,"Jak'Sho, The Protean",-2.3128,1283
16.5,All Items,6673,Immortal Shieldbow,-0.8184,1194
16.5,All Items,6675,Navori Flickerblade,-0.1081,101
16.5,All Items,6676,The Collector,-2.0575,1270
16.5,All Items,6694,Serylda's Grudge,2.996,193
16.5,All Items,6695,Serpent's Fang,0.3135,10106
16.5,All Items,6697,Hubris,-0.2652,204
16.5,All Items,6701,Opportunity,-1.3994,108
16.6,Keystone,8230,Stormraider's Surge,-0.0347,48228
16.6,Keystone,8010,Conqueror,0.0496,215787
16.6,Keystone,8214,Summon Aery,5.6735,169
16.6,Keystone,8021,Fleet Footwork,-0.6871,322
16.6,Keystone,8005,Press the Attack,-12.4687,113
16.6,Keystone,8360,Unsealed Spellbook,3.8393,375
16.6,Keystone,8008,Lethal Tempo,-13.5582,134
16.6,Keystone,8437,Grasp of the Undying,-1.3999,3186
16.6,Keystone,8112,Electrocute,-12.1041,102
16.6,Spell,3,Exhaust,-0.8372,1732
16.6,Spell,4,Flash,0.0041,267504
16.6,Spell,6,Ghost,-0.0644,5193
16.6,Spell,12,Teleport,-3.7462,10336
16.6,Spell,14,Ignite,0.164,252462
16.6,Spell,21,Barrier,-9.726,181
16.6,Starter,1036,Long Sword,0.5073,732
16.6,Starter,1054,Doran's Shield,-0.2188,195530
16.6,Starter,1055,Doran's Blade,0.5953,70731
16.6,Starter,1083,Cull,0.1911,801
16.6,Boots,3006,Berserker's Greaves,-0.2416,172287
16.6,Boots,3009,Boots of Swiftness,1.0723,41762
16.6,Boots,3047,Plated Steelcaps,0.8864,31484
16.6,Boots,3111,Mercury's Treads,-0.0349,13681
16.6,Boots,3158,Ionian Boots of Lucidity,-0.8895,309
16.6,1st Item,3033,Mortal Reminder,-3.9727,583
16.6,1st Item,3046,Phantom Dancer,-3.6041,726
16.6,1st Item,3068,Sunfire Aegis,-4.0164,293
16.6,1st Item,3071,Black Cleaver,-1.4417,2835
16.6,1st Item,3075,Thornmail,-4.137,237
16.6,1st Item,3078,Trinity Force,-0.4787,2961
16.6,1st Item,3084,Heartsteel,-11.2809,198
16.6,1st Item,3142,Youmuu's Ghostblade,3.4798,153
16.6,1st Item,3143,Randuin's Omen,1.3217,129
16.6,1st Item,3156,Maw of Malmortius,-1.4103,104
16.6,1st Item,3161,Spear of Shojin,1.166,294
16.6,1st Item,3742,Dead Man's Plate,4.9401,436
16.6,1st Item,4401,Force of Nature,-3.1716,272
16.6,1st Item,6631,Stridebreaker,0.0761,244431
16.6,1st Item,6664,Hollow Radiance,-4.1344,137
16.6,1st Item,6695,Serpent's Fang,-1.9675,676
16.6,1st Item,6697,Hubris,-4.269,144
16.6,2nd Item,2504,Kaenic Rookern,1.0506,142
16.6,2nd Item,2512,Fiendhunter Bolts,0.0086,218
16.6,2nd Item,3031,Infinity Edge,-2.2215,741
16.6,2nd Item,3033,Mortal Reminder,-1.1269,24357
16.6,2nd Item,3036,Lord Dominik's Regards,-1.1575,1143
16.6,2nd Item,3046,Phantom Dancer,0.3208,154277
16.6,2nd Item,3053,Sterak's Gage,-0.2028,1367
16.6,2nd Item,3065,Spirit Visage,0.301,119
16.6,2nd Item,3071,Black Cleaver,-0.0561,19723
16.6,2nd Item,3075,Thornmail,0.0618,889
16.6,2nd Item,3078,Trinity Force,0.7413,712
16.6,2nd Item,3091,Wit's End,-3.0601,203
16.6,2nd Item,3097,Stormrazor,-2.0966,1493
16.6,2nd Item,3142,Youmuu's Ghostblade,2.1706,2378
16.6,2nd Item,3143,Randuin's Omen,2.0173,608
16.6,2nd Item,3156,Maw of Malmortius,2.6565,194
16.6,2nd Item,3161,Spear of Shojin,-1.5077,6841
16.6,2nd Item,3181,Hullbreaker,-2.7556,904
16.6,2nd Item,3742,Dead Man's Plate,2.0168,5775
16.6,2nd Item,3814,Edge of Night,1.2752,123
16.6,2nd Item,4401,Force of Nature,-2.6375,2274
16.6,2nd Item,6333,Death's Dance,0.006,502
16.6,2nd Item,6609,Chempunk Chainsword,-0.6904,136
16.6,2nd Item,6631,Stridebreaker,-0.2785,4561
16.6,2nd Item,6695,Serpent's Fang,-2.1252,3607
16.6,2nd Item,6697,Hubris,-7.6522,148
16.6,3rd Item,2504,Kaenic Rookern,-4.3912,286
16.6,3rd Item,2512,Fiendhunter Bolts,-1.8918,110
16.6,3rd Item,2517,Endless Hunger,0.6512,230
16.6,3rd Item,3026,Guardian Angel,2.4282,111
16.6,3rd Item,3031,Infinity Edge,-1.9949,12922
16.6,3rd Item,3033,Mortal Reminder,-0.094,62077
16.6,3rd Item,3036,Lord Dominik's Regards,-0.1973,3145
16.6,3rd Item,3046,Phantom Dancer,0.5023,24814
16.6,3rd Item,3053,Sterak's Gage,1.4285,5170
16.6,3rd Item,3065,Spirit Visage,3.3859,192
16.6,3rd Item,3071,Black Cleaver,0.236,6081
16.6,3rd Item,3075,Thornmail,-1.5694,1081
16.6,3rd Item,3078,Trinity Force,1.5435,344
16.6,3rd Item,3091,Wit's End,0.0464,172
16.6,3rd Item,3097,Stormrazor,-1.431,1019
16.6,3rd Item,3110,Frozen Heart,2.1429,104
16.6,3rd Item,3142,Youmuu's Ghostblade,2.7701,997
16.6,3rd Item,3143,Randuin's Omen,2.4647,1287
16.6,3rd Item,3156,Maw of Malmortius,3.1905,306
16.6,3rd Item,3161,Spear of Shojin,0.1711,27009
16.6,3rd Item,3181,Hullbreaker,-0.1686,925
16.6,3rd Item,3742,Dead Man's Plate,0.4888,20034
16.6,3rd Item,4401,Force of Nature,-0.4739,5713
16.6,3rd Item,6333,Death's Dance,0.2141,1696
16.6,3rd Item,6609,Chempunk Chainsword,-1.4867,341
16.6,3rd Item,6631,Stridebreaker,-1.026,643
16.6,3rd Item,6665,"Jak'Sho, The Protean",-2.02,254
16.6,3rd Item,6676,The Collector,-1.6839,314
16.6,3rd Item,6694,Serylda's Grudge,3.9957,106
16.6,3rd Item,6695,Serpent's Fang,-0.3824,3547
16.6,3rd Item,6701,Opportunity,-0.6534,227
16.6,4th+ Item,2501,Overlord's Bloodmail,-2.3996,126
16.6,4th+ Item,2504,Kaenic Rookern,-2.3418,670
16.6,4th+ Item,2512,Fiendhunter Bolts,0.0693,122
16.6,4th+ Item,2517,Endless Hunger,-3.1923,511
16.6,4th+ Item,3026,Guardian Angel,1.7315,2115
16.6,4th+ Item,3031,Infinity Edge,-1.1085,18109
16.6,4th+ Item,3033,Mortal Reminder,-0.2369,11946
16.6,4th+ Item,3036,Lord Dominik's Regards,-0.325,2008
16.6,4th+ Item,3046,Phantom Dancer,-0.8931,4076
16.6,4th+ Item,3053,Sterak's Gage,1.683,14428
16.6,4th+ Item,3065,Spirit Visage,0.4792,263
16.6,4th+ Item,3071,Black Cleaver,1.2186,2788
16.6,4th+ Item,3075,Thornmail,-0.4037,1234
16.6,4th+ Item,3078,Trinity Force,-2.3397,316
16.6,4th+ Item,3091,Wit's End,0.2217,220
16.6,4th+ Item,3097,Stormrazor,-3.0295,722
16.6,4th+ Item,3110,Frozen Heart,1.1494,232
16.6,4th+ Item,3139,Mercurial Scimitar,3.8974,220
16.6,4th+ Item,3142,Youmuu's Ghostblade,-0.3104,639
16.6,4th+ Item,3143,Randuin's Omen,1.325,3487
16.6,4th+ Item,3156,Maw of Malmortius,0.7304,514
16.6,4th+ Item,3161,Spear of Shojin,-0.6528,13271
16.6,4th+ Item,3181,Hullbreaker,0.4685,740
16.6,4th+ Item,3742,Dead Man's Plate,0.2534,31529
16.6,4th+ Item,3814,Edge of Night,2.4358,106
16.6,4th+ Item,4401,Force of Nature,-0.3978,12119
16.6,4th+ Item,6333,Death's Dance,1.1738,7123
16.6,4th+ Item,6609,Chempunk Chainsword,0.6773,552
16.6,4th+ Item,6631,Stridebreaker,0.4009,188
16.6,4th+ Item,6665,"Jak'Sho, The Protean",-2.5157,922
16.6,4th+ Item,6673,Immortal Shieldbow,-1.1783,884
16.6,4th+ Item,6676,The Collector,-2.556,689
16.6,4th+ Item,6695,Serpent's Fang,-0.6374,3186
16.6,4th+ Item,6701,Opportunity,-0.9882,149
16.6,All Items,2501,Overlord's Bloodmail,-3.6301,200
16.6,All Items,2502,Unending Despair,-2.5737,114
16.6,All Items,2504,Kaenic Rookern,-2.6686,1180
16.6,All Items,2512,Fiendhunter Bolts,-0.5756,460
16.6,All Items,2517,Endless Hunger,-1.7205,785
16.6,All Items,2520,Bastionbreaker,0.1478,101
16.6,All Items,2525,Protoplasm Harness,1.6151,133
16.6,All Items,3026,Guardian Angel,1.4882,2477
16.6,All Items,3031,Infinity Edge,-1.5188,31986
16.6,All Items,3032,Yun Tal Wildarrows,-10.3407,155
16.6,All Items,3033,Mortal Reminder,-0.3842,99077
16.6,All Items,3036,Lord Dominik's Regards,-0.4483,6400
16.6,All Items,3046,Phantom Dancer,0.301,183964
16.6,All Items,3053,Sterak's Gage,1.5007,21223
16.6,All Items,3065,Spirit Visage,0.9525,657
16.6,All Items,3068,Sunfire Aegis,-4.9772,442
16.6,All Items,3071,Black Cleaver,-0.0028,31481
16.6,All Items,3073,Experimental Hexplate,-2.0948,120
16.6,All Items,3075,Thornmail,-0.9253,3462
16.6,All Items,3078,Trinity Force,-0.2882,4355
16.6,All Items,3083,Warmog's Armor,1.3531,132
16.6,All Items,3084,Heartsteel,-10.658,264
16.6,All Items,3091,Wit's End,-0.2412,659
16.6,All Items,3097,Stormrazor,-1.9834,3299
16.6,All Items,3110,Frozen Heart,0.0103,467
16.6,All Items,3139,Mercurial Scimitar,1.6861,285
16.6,All Items,3142,Youmuu's Ghostblade,1.975,4196
16.6,All Items,3143,Randuin's Omen,1.6782,5628
16.6,All Items,3156,Maw of Malmortius,1.5403,1124
16.6,All Items,3161,Spear of Shojin,-0.2985,47520
16.6,All Items,3181,Hullbreaker,-0.9668,2685
16.6,All Items,3742,Dead Man's Plate,0.5305,57955
16.6,All Items,3814,Edge of Night,-1.1994,386
16.6,All Items,4401,Force of Nature,-0.6956,20528
16.6,All Items,6333,Death's Dance,0.8832,9501
16.6,All Items,6609,Chempunk Chainsword,-0.0847,1056
16.6,All Items,6610,Sundered Sky,-2.1585,165
16.6,All Items,6631,Stridebreaker,0.0673,249835
16.6,All Items,6662,Iceborn Gauntlet,-1.6786,131
16.6,All Items,6664,Hollow Radiance,-4.5572,274
16.6,All Items,6665,"Jak'Sho, The Protean",-2.0163,1299
16.6,All Items,6673,Immortal Shieldbow,-1.3019,1011
16.6,All Items,6676,The Collector,-2.2745,1156
16.6,All Items,6692,Eclipse,1.9734,117
16.6,All Items,6694,Serylda's Grudge,4.3747,192
16.6,All Items,6695,Serpent's Fang,-1.0949,11052
16.6,All Items,6697,Hubris,-4.9905,339
16.6,All Items,6699,Voltaic Cyclosword,1.7663,121
16.6,All Items,6701,Opportunity,-0.632,416
16.7,Keystone,8230,Stormraider's Surge,-0.243,63442
16.7,Keystone,8010,Conqueror,0.0983,276360
16.7,Keystone,8214,Summon Aery,3.4013,143
16.7,Keystone,8021,Fleet Footwork,-0.5783,334
16.7,Keystone,8005,Press the Attack,-6.4512,139
16.7,Keystone,8360,Unsealed Spellbook,0.2384,516
16.7,Keystone,8008,Lethal Tempo,-14.7272,199
16.7,Keystone,8437,Grasp of the Undying,-0.9072,3602
16.7,Keystone,8128,Dark Harvest,-7.7158,111
16.7,Keystone,8112,Electrocute,-8.1434,153
16.7,Spell,3,Exhaust,-1.7011,2567
16.7,Spell,4,Flash,0.006,343622
16.7,Spell,6,Ghost,-1.0018,6553
16.7,Spell,12,Teleport,-2.5345,13682
16.7,Spell,14,Ignite,0.1375,323756
16.7,Spell,21,Barrier,-1.5105,270
16.7,Starter,1036,Long Sword,-2.1978,941
16.7,Starter,1054,Doran's Shield,-0.1425,247872
16.7,Starter,1055,Doran's Blade,0.4136,93899
16.7,Starter,1083,Cull,-0.8784,1250
16.7,Boots,3006,Berserker's Greaves,-0.1422,226293
16.7,Boots,3009,Boots of Swiftness,0.7269,51021
16.7,Boots,3047,Plated Steelcaps,0.9861,39499
16.7,Boots,3111,Mercury's Treads,-0.5027,16589
16.7,Boots,3158,Ionian Boots of Lucidity,-1.7416,327
16.7,1st Item,3033,Mortal Reminder,-3.6034,833
16.7,1st Item,3046,Phantom Dancer,-2.0973,985
16.7,1st Item,3068,Sunfire Aegis,-4.9685,337
16.7,1st Item,3071,Black Cleaver,-1.7784,3446
16.7,1st Item,3075,Thornmail,-1.3933,273
16.7,1st Item,3078,Trinity Force,-0.3582,3221
16.7,1st Item,3084,Heartsteel,-8.0582,208
16.7,1st Item,3142,Youmuu's Ghostblade,-2.223,396
16.7,1st Item,3143,Randuin's Omen,-3.1088,217
16.7,1st Item,3156,Maw of Malmortius,-9.6848,129
16.7,1st Item,3161,Spear of Shojin,-0.7047,325
16.7,1st Item,3742,Dead Man's Plate,1.6108,462
16.7,1st Item,3814,Edge of Night,-0.0899,132
16.7,1st Item,4401,Force of Nature,-4.4854,422
16.7,1st Item,6631,Stridebreaker,0.0868,314547
16.7,1st Item,6664,Hollow Radiance,-1.1841,167
16.7,1st Item,6695,Serpent's Fang,-2.6197,1175
16.7,2nd Item,2504,Kaenic Rookern,1.1133,198
16.7,2nd Item,2512,Fiendhunter Bolts,1.2998,179
16.7,2nd Item,3031,Infinity Edge,-1.9125,890
16.7,2nd Item,3033,Mortal Reminder,-0.7322,32913
16.7,2nd Item,3036,Lord Dominik's Regards,-2.6189,1412
16.7,2nd Item,3046,Phantom Dancer,0.2578,193127
16.7,2nd Item,3053,Sterak's Gage,1.1817,1648
16.7,2nd Item,3065,Spirit Visage,-6.5342,129
16.7,2nd Item,3068,Sunfire Aegis,-0.2627,109
16.7,2nd Item,3071,Black Cleaver,-0.1862,24741
16.7,2nd Item,3075,Thornmail,-1.3544,1027
16.7,2nd Item,3078,Trinity Force,-0.4636,715
16.7,2nd Item,3091,Wit's End,-1.8002,216
16.7,2nd Item,3097,Stormrazor,-1.7973,1321
16.7,2nd Item,3110,Frozen Heart,-1.6004,109
16.7,2nd Item,3142,Youmuu's Ghostblade,-0.0399,8185
16.7,2nd Item,3143,Randuin's Omen,0.7376,775
16.7,2nd Item,3156,Maw of Malmortius,-5.5868,247
16.7,2nd Item,3161,Spear of Shojin,-0.9748,7817
16.7,2nd Item,3181,Hullbreaker,0.3042,996
16.7,2nd Item,3742,Dead Man's Plate,1.1773,7216
16.7,2nd Item,3814,Edge of Night,1.9781,278
16.7,2nd Item,4401,Force of Nature,-1.301,3029
16.7,2nd Item,6333,Death's Dance,0.141,591
16.7,2nd Item,6609,Chempunk Chainsword,-2.0319,165
16.7,2nd Item,6631,Stridebreaker,-0.5303,6081
16.7,2nd Item,6676,The Collector,-4.6787,148
16.7,2nd Item,6695,Serpent's Fang,-0.4845,5550
16.7,2nd Item,6697,Hubris,-1.6776,219
16.7,3rd Item,2504,Kaenic Rookern,2.0944,348
16.7,3rd Item,2517,Endless Hunger,-3.0036,218
16.7,3rd Item,3026,Guardian Angel,5.3379,127
16.7,3rd Item,3031,Infinity Edge,-1.3725,17291
16.7,3rd Item,3033,Mortal Reminder,0.0097,85105
16.7,3rd Item,3036,Lord Dominik's Regards,-0.4525,3927
16.7,3rd Item,3046,Phantom Dancer,0.3361,32561
16.7,3rd Item,3053,Sterak's Gage,1.4981,5755
16.7,3rd Item,3065,Spirit Visage,0.3837,208
16.7,3rd Item,3071,Black Cleaver,0.4379,6276
16.7,3rd Item,3075,Thornmail,0.4898,1162
16.7,3rd Item,3078,Trinity Force,3.1065,390
16.7,3rd Item,3091,Wit's End,-3.4918,223
16.7,3rd Item,3097,Stormrazor,-1.2,876
16.7,3rd Item,3110,Frozen Heart,2.5456,154
16.7,3rd Item,3142,Youmuu's Ghostblade,0.1736,2697
16.7,3rd Item,3143,Randuin's Omen,2.1309,1545
16.7,3rd Item,3156,Maw of Malmortius,-2.6311,396
16.7,3rd Item,3161,Spear of Shojin,-0.4648,28169
16.7,3rd Item,3181,Hullbreaker,-0.2927,1106
16.7,3rd Item,3742,Dead Man's Plate,0.4421,26416
16.7,3rd Item,3814,Edge of Night,1.8921,232
16.7,3rd Item,4401,Force of Nature,-0.1018,7293
16.7,3rd Item,6333,Death's Dance,-0.0209,2176
16.7,3rd Item,6609,Chempunk Chainsword,-2.0072,440
16.7,3rd Item,6631,Stridebreaker,0.4688,816
16.7,3rd Item,6665,"Jak'Sho, The Protean",-1.2507,249
16.7,3rd Item,6673,Immortal Shieldbow,-1.3448,121
16.7,3rd Item,6676,The Collector,0.2365,359
16.7,3rd Item,6694,Serylda's Grudge,-1.6348,138
16.7,3rd Item,6695,Serpent's Fang,0.6703,5251
16.7,3rd Item,6699,Voltaic Cyclosword,1.6131,203
16.7,3rd Item,6701,Opportunity,-0.9952,1501
16.7,4th+ Item,2501,Overlord's Bloodmail,-1.927,187
16.7,4th+ Item,2504,Kaenic Rookern,-1.0011,812
16.7,4th+ Item,2512,Fiendhunter Bolts,-5.3864,130
16.7,4th+ Item,2517,Endless Hunger,1.2221,515
16.7,4th+ Item,2520,Bastionbreaker,-2.1446,125
16.7,4th+ Item,2525,Protoplasm Harness,-2.4261,111
16.7,4th+ Item,3026,Guardian Angel,1.2205,2564
16.7,4th+ Item,3031,Infinity Edge,-1.2597,24159
16.7,4th+ Item,3033,Mortal Reminder,0.0213,15994
16.7,4th+ Item,3036,Lord Dominik's Regards,0.9551,2711
16.7,4th+ Item,3046,Phantom Dancer,0.5209,5494
16.7,4th+ Item,3053,Sterak's Gage,1.7074,16652
16.7,4th+ Item,3065,Spirit Visage,-3.0723,339
16.7,4th+ Item,3071,Black Cleaver,0.654,2499
16.7,4th+ Item,3075,Thornmail,-1.0956,1413
16.7,4th+ Item,3078,Trinity Force,-0.4871,400
16.7,4th+ Item,3091,Wit's End,-2.4876,292
16.7,4th+ Item,3097,Stormrazor,0.9992,785
16.7,4th+ Item,3110,Frozen Heart,1.104,289
16.7,4th+ Item,3139,Mercurial Scimitar,0.2963,358
16.7,4th+ Item,3142,Youmuu's Ghostblade,0.6681,1959
16.7,4th+ Item,3143,Randuin's Omen,0.4406,4425
16.7,4th+ Item,3156,Maw of Malmortius,1.5894,683
16.7,4th+ Item,3161,Spear of Shojin,0.5637,16890
16.7,4th+ Item,3181,Hullbreaker,0.7183,1029
16.7,4th+ Item,3742,Dead Man's Plate,0.0507,41171
16.7,4th+ Item,3814,Edge of Night,0.5455,310
16.7,4th+ Item,4401,Force of Nature,-0.8927,16147
16.7,4th+ Item,6333,Death's Dance,0.3524,9318
16.7,4th+ Item,6609,Chempunk Chainsword,-0.9917,645
16.7,4th+ Item,6631,Stridebreaker,-3.605,242
16.7,4th+ Item,6665,"Jak'Sho, The Protean",-0.8976,944
16.7,4th+ Item,6673,Immortal Shieldbow,0.6423,1067
16.7,4th+ Item,6676,The Collector,-2.2449,921
16.7,4th+ Item,6694,Serylda's Grudge,-4.9684,129
16.7,4th+ Item,6695,Serpent's Fang,-0.6488,4479
16.7,4th+ Item,6699,Voltaic Cyclosword,-2.4908,140
16.7,4th+ Item,6701,Opportunity,-2.0703,878
16.7,All Items,2501,Overlord's Bloodmail,-1.3964,308
16.7,All Items,2502,Unending Despair,-3.2993,137
16.7,All Items,2504,Kaenic Rookern,-0.4709,1471
16.7,All Items,2512,Fiendhunter Bolts,0.8231,410
16.7,All Items,2517,Endless Hunger,0.3194,793
16.7,All Items,2520,Bastionbreaker,-1.8571,186
16.7,All Items,2525,Protoplasm Harness,-1.2525,179
16.7,All Items,3026,Guardian Angel,1.5441,2998
16.7,All Items,3031,Infinity Edge,-1.2992,42603
16.7,All Items,3032,Yun Tal Wildarrows,0.9251,134
16.7,All Items,3033,Mortal Reminder,-0.1966,134972
16.7,All Items,3036,Lord Dominik's Regards,-0.3997,8164
16.7,All Items,3046,Phantom Dancer,0.2636,232257
16.7,All Items,3053,Sterak's Gage,1.6265,24367
16.7,All Items,3065,Spirit Visage,-3.1892,772
16.7,All Items,3068,Sunfire Aegis,-3.3959,511
16.7,All Items,3071,Black Cleaver,-0.1671,37035
16.7,All Items,3073,Experimental Hexplate,-1.7428,133
16.7,All Items,3075,Thornmail,-0.7224,3896
16.7,All Items,3078,Trinity Force,-0.1102,4753
16.7,All Items,3083,Warmog's Armor,-0.1,135
16.7,All Items,3084,Heartsteel,-9.1741,298
16.7,All Items,3091,Wit's End,-2.8356,796
16.7,All Items,3097,Stormrazor,-0.8808,3049
16.7,All Items,3110,Frozen Heart,0.7734,591
16.7,All Items,3139,Mercurial Scimitar,0.9427,463
16.7,All Items,3142,Youmuu's Ghostblade,0.0361,13284
16.7,All Items,3143,Randuin's Omen,0.6845,7090
16.7,All Items,3156,Maw of Malmortius,-1.6625,1469
16.7,All Items,3161,Spear of Shojin,-0.2128,53335
16.7,All Items,3181,Hullbreaker,0.0795,3265
16.7,All Items,3742,Dead Man's Plate,0.3065,75516
16.7,All Items,3814,Edge of Night,1.1596,955
16.7,All Items,4401,Force of Nature,-0.7867,27073
16.7,All Items,6333,Death's Dance,0.2348,12316
16.7,All Items,6609,Chempunk Chainsword,-1.3803,1270
16.7,All Items,6610,Sundered Sky,-3.2791,148
16.7,All Items,6631,Stridebreaker,0.0735,321711
16.7,All Items,6662,Iceborn Gauntlet,-0.5429,123
16.7,All Items,6664,Hollow Radiance,-0.1799,299
16.7,All Items,6665,"Jak'Sho, The Protean",-0.9731,1312
16.7,All Items,6673,Immortal Shieldbow,0.1895,1269
16.7,All Items,6676,The Collector,-1.806,1504
16.7,All Items,6692,Eclipse,-3.4127,117
16.7,All Items,6694,Serylda's Grudge,-2.9582,310
16.7,All Items,6695,Serpent's Fang,-0.2926,16521
16.7,All Items,6697,Hubris,-3.3745,424
16.7,All Items,6699,Voltaic Cyclosword,-0.7011,421
16.7,All Items,6701,Opportunity,-1.2934,2446
16.8,Keystone,8230,Stormraider's Surge,0.0308,34960
16.8,Keystone,8010,Conqueror,0.043,156918
16.8,Keystone,8021,Fleet Footwork,-2.3061,202
16.8,Keystone,8360,Unsealed Spellbook,2.7606,483
16.8,Keystone,8437,Grasp of the Undying,-2.0925,2318
16.8,Spell,3,Exhaust,-0.3505,1575
16.8,Spell,4,Flash,-0.0053,194520
16.8,Spell,6,Ghost,0.2613,3753
16.8,Spell,12,Teleport,-3.7986,7515
16.8,Spell,14,Ignite,0.1674,183301
16.8,Spell,21,Barrier,-7.0518,165
16.8,Starter,1036,Long Sword,-2.7674,545
16.8,Starter,1054,Doran's Shield,-0.2349,141791
16.8,Starter,1055,Doran's Blade,0.7006,52085
16.8,Starter,1083,Cull,-2.4145,605
16.8,Boots,3006,Berserker's Greaves,-0.0945,129421
16.8,Boots,3009,Boots of Swiftness,0.6166,31725
16.8,Boots,3047,Plated Steelcaps,1.5707,23882
16.8,Boots,3111,Mercury's Treads,-1.1784,9941
16.8,Boots,3158,Ionian Boots of Lucidity,2.1066,252
16.8,1st Item,3033,Mortal Reminder,-4.5152,437
16.8,1st Item,3046,Phantom Dancer,-2.7434,526
16.8,1st Item,3068,Sunfire Aegis,0.3726,222
16.8,1st Item,3071,Black Cleaver,-0.3603,2008
16.8,1st Item,3075,Thornmail,-2.4867,190
16.8,1st Item,3078,Trinity Force,-0.8674,1938
16.8,1st Item,3084,Heartsteel,-10.5305,138
16.8,1st Item,3142,Youmuu's Ghostblade,2.7115,257
16.8,1st Item,3143,Randuin's Omen,2.7601,127
16.8,1st Item,3161,Spear of Shojin,-6.8549,184
16.8,1st Item,3742,Dead Man's Plate,2.227,299
16.8,1st Item,4401,Force of Nature,-0.8816,251
16.8,1st Item,6631,Stridebreaker,0.0816,184044
16.8,1st Item,6664,Hollow Radiance,-6.3468,126
16.8,1st Item,6695,Serpent's Fang,-4.0065,812
16.8,2nd Item,2504,Kaenic Rookern,5.0806,131
16.8,2nd Item,3031,Infinity Edge,-3.006,524
16.8,2nd Item,3033,Mortal Reminder,-0.7685,20648
16.8,2nd Item,3036,Lord Dominik's Regards,-0.1365,922
16.8,2nd Item,3046,Phantom Dancer,0.2463,110223
16.8,2nd Item,3053,Sterak's Gage,-0.3059,963
16.8,2nd Item,3071,Black Cleaver,0.155,14517
16.8,2nd Item,3075,Thornmail,1.1814,618
16.8,2nd Item,3078,Trinity Force,-3.1894,482
16.8,2nd Item,3091,Wit's End,-6.3227,133
16.8,2nd Item,3097,Stormrazor,-3.958,735
16.8,2nd Item,3142,Youmuu's Ghostblade,-0.7099,5388
16.8,2nd Item,3143,Randuin's Omen,1.7068,510
16.8,2nd Item,3156,Maw of Malmortius,-0.1905,153
16.8,2nd Item,3161,Spear of Shojin,-0.3672,4523
16.8,2nd Item,3181,Hullbreaker,-2.0563,551
16.8,2nd Item,3742,Dead Man's Plate,1.3758,4452
16.8,2nd Item,3814,Edge of Night,-2.8472,143
16.8,2nd Item,4401,Force of Nature,-1.3338,1840
16.8,2nd Item,6333,Death's Dance,1.8051,395
16.8,2nd Item,6631,Stridebreaker,-0.4332,3754
16.8,2nd Item,6695,Serpent's Fang,0.0913,3715
16.8,3rd Item,2504,Kaenic Rookern,1.8746,226
16.8,3rd Item,3031,Infinity Edge,-2.2789,9162
16.8,3rd Item,3033,Mortal Reminder,0.0997,48420
16.8,3rd Item,3036,Lord Dominik's Regards,0.4052,2461
16.8,3rd Item,3046,Phantom Dancer,0.1772,19327
16.8,3rd Item,3053,Sterak's Gage,0.8406,4073
16.8,3rd Item,3065,Spirit Visage,1.8528,118
16.8,3rd Item,3071,Black Cleaver,0.4973,3651
16.8,3rd Item,3075,Thornmail,-1.7553,723
16.8,3rd Item,3078,Trinity Force,3.3629,264
16.8,3rd Item,3091,Wit's End,-0.5694,134
16.8,3rd Item,3097,Stormrazor,-3.5526,577
16.8,3rd Item,3142,Youmuu's Ghostblade,0.8502,2096
16.8,3rd Item,3143,Randuin's Omen,2.8384,959
16.8,3rd Item,3156,Maw of Malmortius,-0.2334,235
16.8,3rd Item,3161,Spear of Shojin,-0.0125,15668
16.8,3rd Item,3181,Hullbreaker,-0.0882,740
16.8,3rd Item,3742,Dead Man's Plate,0.5851,16003
16.8,3rd Item,3814,Edge of Night,-0.0456,121
16.8,3rd Item,4401,Force of Nature,-0.5191,4421
16.8,3rd Item,6333,Death's Dance,-0.2052,1530
16.8,3rd Item,6609,Chempunk Chainsword,-0.0078,227
16.8,3rd Item,6631,Stridebreaker,1.0404,442
16.8,3rd Item,6665,"Jak'Sho, The Protean",-2.2016,136
16.8,3rd Item,6673,Immortal Shieldbow,-5.8966,107
16.8,3rd Item,6676,The Collector,-1.6111,200
16.8,3rd Item,6694,Serylda's Grudge,2.2613,107
16.8,3rd Item,6695,Serpent's Fang,-0.2533,3169
16.8,3rd Item,6701,Opportunity,-1.4661,858
16.8,4th+ Item,2501,Overlord's Bloodmail,-2.5503,126
16.8,4th+ Item,2504,Kaenic Rookern,1.6434,483
16.8,4th+ Item,2517,Endless Hunger,-3.2171,265
16.8,4th+ Item,3026,Guardian Angel,1.4227,1646
16.8,4th+ Item,3031,Infinity Edge,-0.9949,13390
16.8,4th+ Item,3033,Mortal Reminder,-0.5983,9502
16.8,4th+ Item,3036,Lord Dominik's Regards,-0.3222,1463
16.8,4th+ Item,3046,Phantom Dancer,-0.7261,3195
16.8,4th+ Item,3053,Sterak's Gage,2.0076,9873
16.8,4th+ Item,3065,Spirit Visage,-1.5187,168
16.8,4th+ Item,3071,Black Cleaver,0.1816,1663
16.8,4th+ Item,3075,Thornmail,-1.1449,910
16.8,4th+ Item,3078,Trinity Force,-2.7845,243
16.8,4th+ Item,3091,Wit's End,-2.8798,179
16.8,4th+ Item,3097,Stormrazor,-3.0181,428
16.8,4th+ Item,3110,Frozen Heart,-4.9173,165
16.8,4th+ Item,3139,Mercurial Scimitar,1.9065,223
16.8,4th+ Item,3142,Youmuu's Ghostblade,0.5138,1320
16.8,4th+ Item,3143,Randuin's Omen,1.3075,2664
16.8,4th+ Item,3156,Maw of Malmortius,-4.5619,388
16.8,4th+ Item,3161,Spear of Shojin,0.3042,9216
16.8,4th+ Item,3181,Hullbreaker,0.8651,601
16.8,4th+ Item,3742,Dead Man's Plate,0.2457,23535
16.8,4th+ Item,3814,Edge of Night,-1.4958,172
16.8,4th+ Item,4401,Force of Nature,-0.6785,10106
16.8,4th+ Item,6333,Death's Dance,0.952,5859
16.8,4th+ Item,6609,Chempunk Chainsword,-0.1504,378
16.8,4th+ Item,6631,Stridebreaker,3.0506,148
16.8,4th+ Item,6665,"Jak'Sho, The Protean",-2.3511,600
16.8,4th+ Item,6673,Immortal Shieldbow,-1.631,606
16.8,4th+ Item,6676,The Collector,-0.8795,520
16.8,4th+ Item,6695,Serpent's Fang,-0.3327,2556
16.8,4th+ Item,6701,Opportunity,-4.7186,411
16.8,All Items,2501,Overlord's Bloodmail,-4.5889,187
16.8,All Items,2502,Unending Despair,3.9843,104
16.8,All Items,2504,Kaenic Rookern,1.9901,932
16.8,All Items,2512,Fiendhunter Bolts,-0.5681,224
16.8,All Items,2517,Endless Hunger,-2.5346,385
16.8,All Items,3026,Guardian Angel,1.1295,1955
16.8,All Items,3031,Infinity Edge,-1.5331,23248
16.8,All Items,3033,Mortal Reminder,-0.2348,79081
16.8,All Items,3036,Lord Dominik's Regards,0.0933,4910
16.8,All Items,3046,Phantom Dancer,0.2011,133326
16.8,All Items,3053,Sterak's Gage,1.5402,15095
16.8,All Items,3065,Spirit Visage,-2.0677,411
16.8,All Items,3068,Sunfire Aegis,0.4195,323
16.8,All Items,3071,Black Cleaver,0.1601,21887
16.8,All Items,3075,Thornmail,-0.9014,2449
16.8,All Items,3078,Trinity Force,-1.1045,2939
16.8,All Items,3083,Warmog's Armor,-4.4891,101
16.8,All Items,3084,Heartsteel,-8.8345,192
16.8,All Items,3091,Wit's End,-3.7151,485
16.8,All Items,3097,Stormrazor,-3.721,1768
16.8,All Items,3110,Frozen Heart,-3.9571,333
16.8,All Items,3139,Mercurial Scimitar,0.6254,271
16.8,All Items,3142,Youmuu's Ghostblade,-0.0915,9092
16.8,All Items,3143,Randuin's Omen,1.6605,4347
16.8,All Items,3156,Maw of Malmortius,-2.4191,853
16.8,All Items,3161,Spear of Shojin,-0.0079,29656
16.8,All Items,3181,Hullbreaker,-0.5504,1986
16.8,All Items,3742,Dead Man's Plate,0.4944,44414
16.8,All Items,3814,Edge of Night,-1.3746,518
16.8,All Items,4401,Force of Nature,-0.7126,16739
16.8,All Items,6333,Death's Dance,0.7857,7925
16.8,All Items,6609,Chempunk Chainsword,-0.0653,700
16.8,All Items,6610,Sundered Sky,-4.1214,101
16.8,All Items,6631,Stridebreaker,0.0758,188396
16.8,All Items,6664,Hollow Radiance,-3.6459,229
16.8,All Items,6665,"Jak'Sho, The Protean",-2.2057,812
16.8,All Items,6673,Immortal Shieldbow,-2.6085,753
16.8,All Items,6676,The Collector,-1.7889,859
16.8,All Items,6694,Serylda's Grudge,2.0706,230
16.8,All Items,6695,Serpent's Fang,-0.4504,10288
16.8,All Items,6697,Hubris,-6.8125,188
16.8,All Items,6699,Voltaic Cyclosword,-1.6895,142
16.8,All Items,6701,Opportunity,-2.6173,1308
16.9,Keystone,8230,Stormraider's Surge,-0.0149,34020
16.9,Keystone,8010,Conqueror,0.0477,173218
16.9,Keystone,8214,Summon Aery,-7.2255,112
16.9,Keystone,8021,Fleet Footwork,-1.4967,335
16.9,Keystone,8360,Unsealed Spellbook,1.2983,721
16.9,Keystone,8008,Lethal Tempo,-12.8472,120
16.9,Keystone,8437,Grasp of the Undying,-1.6066,2512
16.9,Keystone,8992,Deathfire Touch,-4.8613,209
16.9,Keystone,8112,Electrocute,-8.1159,105
16.9,Spell,3,Exhaust,-3.3062,1848
16.9,Spell,4,Flash,0.0048,210688
16.9,Spell,6,Ghost,-0.0877,3957
16.9,Spell,12,Teleport,-2.5326,8569
16.9,Spell,14,Ignite,0.1395,197985
16.9,Spell,21,Barrier,-3.6671,181
16.9,Starter,1036,Long Sword,-0.4073,554
16.9,Starter,1054,Doran's Shield,-0.1767,135852
16.9,Starter,1055,Doran's Blade,0.7134,56979
16.9,Starter,1083,Cull,-0.9224,619
16.9,Starter,1086,Doran's Bow,-0.4035,2228
16.9,Starter,1120,Doran's Helm,-1.023,15065
16.9,Boots,3006,Berserker's Greaves,-0.1228,136083
16.9,Boots,3008,Gluttonous Greaves,0.9116,2076
16.9,Boots,3009,Boots of Swiftness,0.858,34556
16.9,Boots,3047,Plated Steelcaps,0.9197,26446
16.9,Boots,3111,Mercury's Treads,0.1701,11259
16.9,Boots,3158,Ionian Boots of Lucidity,1.931,860
16.9,1st Item,3033,Mortal Reminder,-4.2872,481
16.9,1st Item,3046,Phantom Dancer,-0.2524,551
16.9,1st Item,3068,Sunfire Aegis,3.276,228
16.9,1st Item,3071,Black Cleaver,-1.6309,2238
16.9,1st Item,3075,Thornmail,-1.5092,216
16.9,1st Item,3078,Trinity Force,-1.1127,3244
16.9,1st Item,3084,Heartsteel,0.1696,122
16.9,1st Item,3142,Youmuu's Ghostblade,-2.4084,442
16.9,1st Item,3143,Randuin's Omen,1.4738,152
16.9,1st Item,3161,Spear of Shojin,-1.9666,255
16.9,1st Item,3742,Dead Man's Plate,-4.0031,365
16.9,1st Item,4401,Force of Nature,-2.682,360
16.9,1st Item,6631,Stridebreaker,0.0923,197252
16.9,1st Item,6664,Hollow Radiance,-8.0499,117
16.9,1st Item,6692,Eclipse,-4.0173,295
16.9,1st Item,6695,Serpent's Fang,-0.133,827
16.9,1st Item,6699,Voltaic Cyclosword,3.5904,145
16.9,2nd Item,2504,Kaenic Rookern,-0.2523,125
16.9,2nd Item,3031,Infinity Edge,-5.5835,528
16.9,2nd Item,3033,Mortal Reminder,-0.8859,24010
16.9,2nd Item,3036,Lord Dominik's Regards,1.0599,1239
16.9,2nd Item,3046,Phantom Dancer,0.3075,113992
16.9,2nd Item,3053,Sterak's Gage,-0.195,1044
16.9,2nd Item,3071,Black Cleaver,-0.5005,15102
16.9,2nd Item,3075,Thornmail,0.0526,771
16.9,2nd Item,3078,Trinity Force,-0.7832,574
16.9,2nd Item,3091,Wit's End,-7.1226,140
16.9,2nd Item,3097,Stormrazor,-0.4582,630
16.9,2nd Item,3142,Youmuu's Ghostblade,1.0785,6924
16.9,2nd Item,3143,Randuin's Omen,2.3604,484
16.9,2nd Item,3156,Maw of Malmortius,-4.0752,184
16.9,2nd Item,3161,Spear of Shojin,-1.1509,4667
16.9,2nd Item,3181,Hullbreaker,-4.1836,588
16.9,2nd Item,3742,Dead Man's Plate,1.9209,5297
16.9,2nd Item,3814,Edge of Night,0.3686,205
16.9,2nd Item,4401,Force of Nature,-1.0559,2279
16.9,2nd Item,6333,Death's Dance,-1.5025,487
16.9,2nd Item,6609,Chempunk Chainsword,-2.6058,123
16.9,2nd Item,6631,Stridebreaker,-1.1935,4345
16.9,2nd Item,6676,The Collector,-2.5423,130
16.9,2nd Item,6695,Serpent's Fang,-0.7115,3683
16.9,2nd Item,6699,Voltaic Cyclosword,0.2357,1943
16.9,3rd Item,2504,Kaenic Rookern,1.6941,255
16.9,3rd Item,2517,Endless Hunger,-2.3903,255
16.9,3rd Item,3026,Guardian Angel,-0.704,124
16.9,3rd Item,3031,Infinity Edge,-2.6243,9357
16.9,3rd Item,3033,Mortal Reminder,0.007,51568
16.9,3rd Item,3036,Lord Dominik's Regards,-0.1113,2403
16.9,3rd Item,3046,Phantom Dancer,0.3365,21141
16.9,3rd Item,3053,Sterak's Gage,0.9529,4338
16.9,3rd Item,3065,Spirit Visage,-2.0435,142
16.9,3rd Item,3071,Black Cleaver,-0.1064,3481
16.9,3rd Item,3075,Thornmail,-0.7622,821
16.9,3rd Item,3078,Trinity Force,-1.7782,298
16.9,3rd Item,3091,Wit's End,1.5516,153
16.9,3rd Item,3097,Stormrazor,-1.1831,672
16.9,3rd Item,3142,Youmuu's Ghostblade,-0.2042,2474
16.9,3rd Item,3143,Randuin's Omen,1.9138,915
16.9,3rd Item,3156,Maw of Malmortius,-2.757,230
16.9,3rd Item,3161,Spear of Shojin,-0.0425,14524
16.9,3rd Item,3181,Hullbreaker,0.5334,724
16.9,3rd Item,3742,Dead Man's Plate,0.7416,19121
16.9,3rd Item,3814,Edge of Night,0.9158,146
16.9,3rd Item,4401,Force of Nature,-0.355,5521
16.9,3rd Item,6333,Death's Dance,-0.0471,1826
16.9,3rd Item,6609,Chempunk Chainsword,-1.191,303
16.9,3rd Item,6631,Stridebreaker,1.7933,547
16.9,3rd Item,6665,"Jak'Sho, The Protean",1.3786,191
16.9,3rd Item,6676,The Collector,-1.9663,239
16.9,3rd Item,6694,Serylda's Grudge,-3.667,117
16.9,3rd Item,6695,Serpent's Fang,0.9535,3269
16.9,3rd Item,6699,Voltaic Cyclosword,0.6278,1772
16.9,4th+ Item,2501,Overlord's Bloodmail,-0.4485,136
16.9,4th+ Item,2504,Kaenic Rookern,-1.3867,567
16.9,4th+ Item,2517,Endless Hunger,-0.8455,487
16.9,4th+ Item,3026,Guardian Angel,2.5469,1875
16.9,4th+ Item,3031,Infinity Edge,-1.3042,13901
16.9,4th+ Item,3033,Mortal Reminder,0.1666,10363
16.9,4th+ Item,3036,Lord Dominik's Regards,0.0928,1697
16.9,4th+ Item,3046,Phantom Dancer,-0.344,4107
16.9,4th+ Item,3053,Sterak's Gage,0.8749,10422
16.9,4th+ Item,3065,Spirit Visage,-0.4416,203
16.9,4th+ Item,3071,Black Cleaver,0.5086,1772
16.9,4th+ Item,3075,Thornmail,1.3017,963
16.9,4th+ Item,3078,Trinity Force,-1.2762,238
16.9,4th+ Item,3091,Wit's End,1.9448,240
16.9,4th+ Item,3097,Stormrazor,-3.8513,494
16.9,4th+ Item,3110,Frozen Heart,-1.4997,186
16.9,4th+ Item,3139,Mercurial Scimitar,-1.3041,266
16.9,4th+ Item,3142,Youmuu's Ghostblade,-0.0613,1409
16.9,4th+ Item,3143,Randuin's Omen,0.3494,2666
16.9,4th+ Item,3156,Maw of Malmortius,2.9891,409
16.9,4th+ Item,3161,Spear of Shojin,0.1077,8881
16.9,4th+ Item,3181,Hullbreaker,-2.6706,599
16.9,4th+ Item,3742,Dead Man's Plate,0.1973,26171
16.9,4th+ Item,3814,Edge of Night,-1.6885,157
16.9,4th+ Item,4401,Force of Nature,-0.728,11557
16.9,4th+ Item,6333,Death's Dance,1.3621,6209
16.9,4th+ Item,6609,Chempunk Chainsword,1.7588,428
16.9,4th+ Item,6631,Stridebreaker,-1.0188,191
16.9,4th+ Item,6665,"Jak'Sho, The Protean",0.1941,726
16.9,4th+ Item,6673,Immortal Shieldbow,0.4325,729
16.9,4th+ Item,6676,The Collector,-3.3938,520
16.9,4th+ Item,6694,Serylda's Grudge,-4.5126,104
16.9,4th+ Item,6695,Serpent's Fang,0.3739,2877
16.9,4th+ Item,6699,Voltaic Cyclosword,1.073,706
16.9,All Items,2501,Overlord's Bloodmail,-0.4348,189
16.9,All Items,2502,Unending Despair,1.8908,102
16.9,All Items,2504,Kaenic Rookern,-0.7652,1056
16.9,All Items,2512,Fiendhunter Bolts,-3.5498,185
16.9,All Items,2517,Endless Hunger,-1.3876,823
16.9,All Items,3026,Guardian Angel,1.8709,2200
16.9,All Items,3031,Infinity Edge,-1.9178,23968
16.9,All Items,3032,Yun Tal Wildarrows,-1.6608,119
16.9,All Items,3033,Mortal Reminder,-0.248,86515
16.9,All Items,3036,Lord Dominik's Regards,0.2653,5432
16.9,All Items,3046,Phantom Dancer,0.2885,139871
16.9,All Items,3053,Sterak's Gage,0.8059,16019
16.9,All Items,3065,Spirit Visage,-1.8957,518
16.9,All Items,3068,Sunfire Aegis,1.0666,353
16.9,All Items,3071,Black Cleaver,-0.4692,22636
16.9,All Items,3075,Thornmail,0.0678,2785
16.9,All Items,3078,Trinity Force,-1.1328,4370
16.9,All Items,3084,Heartsteel,-0.5016,160
16.9,All Items,3091,Wit's End,-0.5208,590
16.9,All Items,3097,Stormrazor,-1.9355,1847
16.9,All Items,3110,Frozen Heart,-1.4978,384
16.9,All Items,3139,Mercurial Scimitar,-0.4768,352
16.9,All Items,3142,Youmuu's Ghostblade,0.5209,11284
16.9,All Items,3143,Randuin's Omen,1.0201,4304
16.9,All Items,3156,Maw of Malmortius,-0.9662,918
16.9,All Items,3161,Spear of Shojin,-0.1907,28422
16.9,All Items,3181,Hullbreaker,-1.6398,2019
16.9,All Items,3742,Dead Man's Plate,0.553,51113
16.9,All Items,3814,Edge of Night,-0.3825,607
16.9,All Items,4401,Force of Nature,-0.6683,19843
16.9,All Items,6333,Death's Dance,0.8741,8693
16.9,All Items,6609,Chempunk Chainsword,-0.1845,869
16.9,All Items,6610,Sundered Sky,2.3397,154
16.9,All Items,6631,Stridebreaker,0.0693,202349
16.9,All Items,6662,Iceborn Gauntlet,-9.1824,107
16.9,All Items,6664,Hollow Radiance,-4.5457,238
16.9,All Items,6665,"Jak'Sho, The Protean",0.0759,997
16.9,All Items,6673,Immortal Shieldbow,0.4097,836
16.9,All Items,6676,The Collector,-2.6824,955
16.9,All Items,6692,Eclipse,-2.6549,434
16.9,All Items,6694,Serylda's Grudge,-4.2835,269
16.9,All Items,6695,Serpent's Fang,0.1313,10710
16.9,All Items,6697,Hubris,-2.3736,174
16.9,All Items,6699,Voltaic Cyclosword,0.6055,4574
16.10,Keystone,8230,Stormraider's Surge,1.3248,33546
16.10,Keystone,8010,Conqueror,-0.1568,191200
16.10,Keystone,8214,Summon Aery,-6.7547,241
16.10,Keystone,8021,Fleet Footwork,-0.1192,332
16.10,Keystone,8005,Press the Attack,-8.6151,104
16.10,Keystone,8360,Unsealed Spellbook,-0.0925,933
16.10,Keystone,8008,Lethal Tempo,-7.1537,124
16.10,Keystone,8437,Grasp of the Undying,-2.3053,2620
16.10,Keystone,8992,Deathfire Touch,-10.0095,163
16.10,Keystone,8112,Electrocute,-8.5093,158
16.10,Spell,3,Exhaust,-1.0193,2190
16.10,Spell,4,Flash,0.0064,228724
16.10,Spell,6,Ghost,-0.9934,4142
16.10,Spell,12,Teleport,-2.6518,9308
16.10,Spell,14,Ignite,0.143,214730
16.10,Spell,21,Barrier,-3.8191,202
16.10,Starter,1036,Long Sword,2.233,603
16.10,Starter,1054,Doran's Shield,-0.2624,146505
16.10,Starter,1055,Doran's Blade,0.6013,62033
16.10,Starter,1083,Cull,-4.1428,669
16.10,Starter,1086,Doran's Bow,2.2506,3553
16.10,Starter,1120,Doran's Helm,-0.3414,15935
16.10,Boots,3006,Berserker's Greaves,-0.2192,147929
16.10,Boots,3008,Gluttonous Greaves,-0.2236,1481
16.10,Boots,3009,Boots of Swiftness,1.1562,37691
16.10,Boots,3047,Plated Steelcaps,-0.1836,29135
16.10,Boots,3111,Mercury's Treads,-0.3686,11784
16.10,Boots,3158,Ionian Boots of Lucidity,1.7205,1412
16.10,1st Item,3033,Mortal Reminder,-4.6806,542
16.10,1st Item,3046,Phantom Dancer,-1.6675,664
16.10,1st Item,3068,Sunfire Aegis,-2.05,237
16.10,1st Item,3071,Black Cleaver,0.0033,2774
16.10,1st Item,3075,Thornmail,-4.055,259
16.10,1st Item,3078,Trinity Force,-2.8061,3805
16.10,1st Item,3084,Heartsteel,-3.8178,173
16.10,1st Item,3142,Youmuu's Ghostblade,-1.3782,428
16.10,1st Item,3143,Randuin's Omen,-4.9898,162
16.10,1st Item,3161,Spear of Shojin,-2.1988,171
16.10,1st Item,3742,Dead Man's Plate,-4.2181,428
16.10,1st Item,4401,Force of Nature,2.6661,388
16.10,1st Item,6631,Stridebreaker,0.1193,213985
16.10,1st Item,6664,Hollow Radiance,-7.7324,131
16.10,1st Item,6692,Eclipse,7.0924,144
16.10,1st Item,6695,Serpent's Fang,-1.9872,749
16.10,1st Item,6699,Voltaic Cyclosword,-3.6499,129
16.10,2nd Item,2504,Kaenic Rookern,-5.2056,148
16.10,2nd Item,3031,Infinity Edge,-3.5298,558
16.10,2nd Item,3033,Mortal Reminder,-0.8565,25604
16.10,2nd Item,3036,Lord Dominik's Regards,-0.3033,1593
16.10,2nd Item,3046,Phantom Dancer,0.2082,122261
16.10,2nd Item,3053,Sterak's Gage,1.7297,1098
16.10,2nd Item,3065,Spirit Visage,-7.6538,108
16.10,2nd Item,3071,Black Cleaver,0.7661,16984
16.10,2nd Item,3075,Thornmail,-0.5909,871
16.10,2nd Item,3078,Trinity Force,-2.8885,767
16.10,2nd Item,3091,Wit's End,-4.6472,141
16.10,2nd Item,3097,Stormrazor,1.9287,325
16.10,2nd Item,3142,Youmuu's Ghostblade,0.2474,10699
16.10,2nd Item,3143,Randuin's Omen,-0.2333,603
16.10,2nd Item,3156,Maw of Malmortius,1.3492,164
16.10,2nd Item,3161,Spear of Shojin,-0.507,4035
16.10,2nd Item,3181,Hullbreaker,-1.5822,607
16.10,2nd Item,3742,Dead Man's Plate,-0.4842,5618
16.10,2nd Item,3814,Edge of Night,-5.2201,228
16.10,2nd Item,4401,Force of Nature,-0.9785,2893
16.10,2nd Item,6333,Death's Dance,0.078,462
16.10,2nd Item,6609,Chempunk Chainsword,0.1638,106
16.10,2nd Item,6631,Stridebreaker,0.4039,4742
16.10,2nd Item,6676,The Collector,-1.6473,106
16.10,2nd Item,6695,Serpent's Fang,-0.8482,3922
16.10,2nd Item,6699,Voltaic Cyclosword,-0.0908,1664
16.10,3rd Item,2504,Kaenic Rookern,-2.9419,232
16.10,3rd Item,2517,Endless Hunger,0.6859,188
16.10,3rd Item,3026,Guardian Angel,-2.4783,135
16.10,3rd Item,3031,Infinity Edge,-1.7942,10126
16.10,3rd Item,3033,Mortal Reminder,0.0009,56680
16.10,3rd Item,3036,Lord Dominik's Regards,-0.431,2775
16.10,3rd Item,3046,Phantom Dancer,0.6,23481
16.10,3rd Item,3053,Sterak's Gage,1.8007,4110
16.10,3rd Item,3065,Spirit Visage,2.1314,129
16.10,3rd Item,3071,Black Cleaver,0.4548,3897
16.10,3rd Item,3075,Thornmail,-0.2908,981
16.10,3rd Item,3078,Trinity Force,-0.438,449
16.10,3rd Item,3091,Wit's End,-2.8296,150
16.10,3rd Item,3097,Stormrazor,-4.6977,409
16.10,3rd Item,3142,Youmuu's Ghostblade,-0.2935,3252
16.10,3rd Item,3143,Randuin's Omen,-1.6094,998
16.10,3rd Item,3156,Maw of Malmortius,0.537,227
16.10,3rd Item,3161,Spear of Shojin,-0.3238,13774
16.10,3rd Item,3181,Hullbreaker,0.4664,881
16.10,3rd Item,3742,Dead Man's Plate,0.503,21523
16.10,3rd Item,3814,Edge of Night,3.7272,155
16.10,3rd Item,4401,Force of Nature,-0.1724,5688
16.10,3rd Item,6333,Death's Dance,-0.7323,1884
16.10,3rd Item,6609,Chempunk Chainsword,2.7773,295
16.10,3rd Item,6631,Stridebreaker,-0.1844,624
16.10,3rd Item,6665,"Jak'Sho, The Protean",-2.5879,200
16.10,3rd Item,6676,The Collector,-3.5904,254
16.10,3rd Item,6694,Serylda's Grudge,-6.2798,104
16.10,3rd Item,6695,Serpent's Fang,0.159,3503
16.10,3rd Item,6699,Voltaic Cyclosword,-0.6815,2552
16.10,4th+ Item,2501,Overlord's Bloodmail,-2.2258,108
16.10,4th+ Item,2504,Kaenic Rookern,0.207,607
16.10,4th+ Item,2517,Endless Hunger,2.0826,449
16.10,4th+ Item,3026,Guardian Angel,1.8106,2161
16.10,4th+ Item,3031,Infinity Edge,-1.3862,15100
16.10,4th+ Item,3033,Mortal Reminder,-0.1932,11208
16.10,4th+ Item,3036,Lord Dominik's Regards,-0.4601,1903
16.10,4th+ Item,3046,Phantom Dancer,0.7503,4473
16.10,4th+ Item,3053,Sterak's Gage,1.2291,10739
16.10,4th+ Item,3065,Spirit Visage,3.4421,221
16.10,4th+ Item,3071,Black Cleaver,0.2622,1938
16.10,4th+ Item,3075,Thornmail,-0.0085,1054
16.10,4th+ Item,3078,Trinity Force,-0.2131,389
16.10,4th+ Item,3091,Wit's End,-5.496,249
16.10,4th+ Item,3097,Stormrazor,-3.5127,410
16.10,4th+ Item,3110,Frozen Heart,5.7438,210
16.10,4th+ Item,3139,Mercurial Scimitar,-0.3932,270
16.10,4th+ Item,3142,Youmuu's Ghostblade,-1.8217,1555
16.10,4th+ Item,3143,Randuin's Omen,0.3881,2916
16.10,4th+ Item,3156,Maw of Malmortius,-3.2201,442
16.10,4th+ Item,3161,Spear of Shojin,0.1156,9130
16.10,4th+ Item,3181,Hullbreaker,1.1086,766
16.10,4th+ Item,3742,Dead Man's Plate,0.187,29605
16.10,4th+ Item,3814,Edge of Night,-2.758,171
16.10,4th+ Item,4401,Force of Nature,0.2749,12459
16.10,4th+ Item,6333,Death's Dance,0.5644,6854
16.10,4th+ Item,6609,Chempunk Chainsword,1.2762,437
16.10,4th+ Item,6631,Stridebreaker,-0.8644,215
16.10,4th+ Item,6665,"Jak'Sho, The Protean",-2.7858,653
16.10,4th+ Item,6673,Immortal Shieldbow,-1.298,770
16.10,4th+ Item,6676,The Collector,-3.779,614
16.10,4th+ Item,6694,Serylda's Grudge,-5.3768,116
16.10,4th+ Item,6695,Serpent's Fang,0.4671,3047
16.10,4th+ Item,6696,Axiom Arc,-8.1534,105
16.10,4th+ Item,6699,Voltaic Cyclosword,-1.029,1152
16.10,All Items,2501,Overlord's Bloodmail,-1.3898,161
16.10,All Items,2502,Unending Despair,-0.7945,133
16.10,All Items,2504,Kaenic Rookern,-1.3259,1089
16.10,All Items,2512,Fiendhunter Bolts,-3.9081,204
16.10,All Items,2517,Endless Hunger,1.4433,680
16.10,All Items,2520,Bastionbreaker,-2.014,126
16.10,All Items,2525,Protoplasm Harness,-0.6949,112
16.10,All Items,3026,Guardian Angel,1.587,2525
16.10,All Items,3031,Infinity Edge,-1.5897,25980
16.10,All Items,3032,Yun Tal Wildarrows,-4.139,115
16.10,All Items,3033,Mortal Reminder,-0.2863,94136
16.10,All Items,3036,Lord Dominik's Regards,-0.4539,6378
16.10,All Items,3046,Phantom Dancer,0.2769,150945
16.10,All Items,3053,Sterak's Gage,1.3853,16171
16.10,All Items,3065,Spirit Visage,-1.4878,542
16.10,All Items,3068,Sunfire Aegis,-0.4067,366
16.10,All Items,3071,Black Cleaver,0.5865,25651
16.10,All Items,3075,Thornmail,-0.5706,3186
16.10,All Items,3078,Trinity Force,-2.4233,5432
16.10,All Items,3083,Warmog's Armor,-4.1879,101
16.10,All Items,3084,Heartsteel,-3.3391,219
16.10,All Items,3091,Wit's End,-3.5071,587
16.10,All Items,3097,Stormrazor,-2.3194,1176
16.10,All Items,3110,Frozen Heart,1.3918,412
16.10,All Items,3139,Mercurial Scimitar,-0.8047,362
16.10,All Items,3142,Youmuu's Ghostblade,-0.1028,15971
16.10,All Items,3143,Randuin's Omen,-0.3369,4743
16.10,All Items,3156,Maw of Malmortius,-1.792,938
16.10,All Items,3161,Spear of Shojin,-0.2053,27192
16.10,All Items,3181,Hullbreaker,0.0716,2372
16.10,All Items,3742,Dead Man's Plate,0.2116,57351
16.10,All Items,3814,Edge of Night,-1.9866,629
16.10,All Items,4401,Force of Nature,0.023,21537
16.10,All Items,6333,Death's Dance,0.2779,9393
16.10,All Items,6609,Chempunk Chainsword,1.8841,855
16.10,All Items,6610,Sundered Sky,-5.3306,148
16.10,All Items,6631,Stridebreaker,0.1232,219575
16.10,All Items,6662,Iceborn Gauntlet,-0.1638,117
16.10,All Items,6664,Hollow Radiance,-6.1955,236
16.10,All Items,6665,"Jak'Sho, The Protean",-2.2086,954
16.10,All Items,6673,Immortal Shieldbow,-0.9925,924
16.10,All Items,6676,The Collector,-3.3508,1029
16.10,All Items,6692,Eclipse,1.4581,254
16.10,All Items,6694,Serylda's Grudge,-5.7181,262
16.10,All Items,6695,Serpent's Fang,-0.2831,11263
16.10,All Items,6696,Axiom Arc,-7.9488,169
16.10,All Items,6697,Hubris,-4.5309,163
16.10,All Items,6699,Voltaic Cyclosword,-0.671,5505
16.11,Keystone,8230,Stormraider's Surge,0.238,34848
16.11,Keystone,8010,Conqueror,0.049,176659
16.11,Keystone,8214,Summon Aery,-13.5092,119
16.11,Keystone,8021,Fleet Footwork,-7.5378,241
16.11,Keystone,8005,Press the Attack,-1.68,101
16.11,Keystone,8008,Lethal Tempo,-8.8547,113
16.11,Keystone,8360,Unsealed Spellbook,-0.5705,760
16.11,Keystone,8437,Grasp of the Undying,-3.0759,2654
16.11,Keystone,8112,Electrocute,-5.8888,114
16.11,Spell,3,Exhaust,-1.587,2098
16.11,Spell,4,Flash,0.1135,210940
16.11,Spell,6,Ghost,-2.535,9274
16.11,Spell,12,Teleport,-3.9974,12706
16.11,Spell,14,Ignite,0.2792,196647
16.11,Spell,21,Barrier,-3.6386,167
16.11,Starter,1036,Long Sword,1.0984,725
16.11,Starter,1054,Doran's Shield,-0.5164,125056
16.11,Starter,1055,Doran's Blade,1.036,63148
16.11,Starter,1083,Cull,-3.6783,5606
16.11,Starter,1086,Doran's Bow,1.8206,4200
16.11,Starter,1120,Doran's Helm,0.7837,16768
16.11,Boots,3006,Berserker's Greaves,-0.0198,141719
16.11,Boots,3008,Gluttonous Greaves,0.0774,988
16.11,Boots,3009,Boots of Swiftness,0.6106,34790
16.11,Boots,3047,Plated Steelcaps,-0.2748,26030
16.11,Boots,3111,Mercury's Treads,1.0202,10658
16.11,Boots,3158,Ionian Boots of Lucidity,0.5147,1609
16.11,1st Item,3033,Mortal Reminder,-4.2717,490
16.11,1st Item,3046,Phantom Dancer,-0.6379,761
16.11,1st Item,3068,Sunfire Aegis,-7.4279,188
16.11,1st Item,3071,Black Cleaver,-0.4014,2580
16.11,1st Item,3075,Thornmail,-3.2103,241
16.11,1st Item,3078,Trinity Force,-1.1383,4641
16.11,1st Item,3084,Heartsteel,-13.9311,189
16.11,1st Item,3142,Youmuu's Ghostblade,2.4398,401
16.11,1st Item,3143,Randuin's Omen,-6.421,145
16.11,1st Item,3161,Spear of Shojin,-7.5014,157
16.11,1st Item,3742,Dead Man's Plate,-6.2683,337
16.11,1st Item,4401,Force of Nature,2.7739,368
16.11,1st Item,6631,Stridebreaker,0.0987,200205
16.11,1st Item,6664,Hollow Radiance,-0.2459,108
16.11,1st Item,6692,Eclipse,-0.3264,107
16.11,1st Item,6695,Serpent's Fang,-2.7178,727
16.11,2nd Item,2504,Kaenic Rookern,5.6961,126
16.11,2nd Item,3031,Infinity Edge,-1.6219,493
16.11,2nd Item,3033,Mortal Reminder,-0.827,26487
16.11,2nd Item,3036,Lord Dominik's Regards,0.601,1843
16.11,2nd Item,3046,Phantom Dancer,0.0769,110161
16.11,2nd Item,3053,Sterak's Gage,1.4452,879
16.11,2nd Item,3071,Black Cleaver,0.5217,16184
16.11,2nd Item,3075,Thornmail,0.2165,719
16.11,2nd Item,3078,Trinity Force,0.7343,657
16.11,2nd Item,3091,Wit's End,4.5349,142
16.11,2nd Item,3097,Stormrazor,-11.2787,185
16.11,2nd Item,3142,Youmuu's Ghostblade,0.6244,14886
16.11,2nd Item,3143,Randuin's Omen,-4.4306,522
16.11,2nd Item,3156,Maw of Malmortius,0.4862,139
16.11,2nd Item,3161,Spear of Shojin,0.1964,2451
16.11,2nd Item,3181,Hullbreaker,-0.5968,987
16.11,2nd Item,3742,Dead Man's Plate,0.7409,4827
16.11,2nd Item,3814,Edge of Night,-1.2975,162
16.11,2nd Item,4401,Force of Nature,-0.7584,2520
16.11,2nd Item,6333,Death's Dance,-3.2119,453
16.11,2nd Item,6631,Stridebreaker,-0.0319,4338
16.11,2nd Item,6676,The Collector,-7.4348,145
16.11,2nd Item,6695,Serpent's Fang,0.473,3670
16.11,2nd Item,6699,Voltaic Cyclosword,-0.4207,773
16.11,3rd Item,2504,Kaenic Rookern,2.506,254
16.11,3rd Item,2517,Endless Hunger,-0.0814,178
16.11,3rd Item,3026,Guardian Angel,4.3385,168
16.11,3rd Item,3031,Infinity Edge,-1.5907,9143
16.11,3rd Item,3033,Mortal Reminder,-0.2539,51874
16.11,3rd Item,3036,Lord Dominik's Regards,1.3574,2911
16.11,3rd Item,3046,Phantom Dancer,0.6532,22787
16.11,3rd Item,3053,Sterak's Gage,1.827,3429
16.11,3rd Item,3065,Spirit Visage,4.2505,113
16.11,3rd Item,3071,Black Cleaver,0.8559,3651
16.11,3rd Item,3075,Thornmail,-1.9662,788
16.11,3rd Item,3078,Trinity Force,-2.092,308
16.11,3rd Item,3091,Wit's End,5.4847,135
16.11,3rd Item,3097,Stormrazor,-5.6792,248
16.11,3rd Item,3142,Youmuu's Ghostblade,0.0956,4454
16.11,3rd Item,3143,Randuin's Omen,1.4885,952
16.11,3rd Item,3156,Maw of Malmortius,-3.314,250
16.11,3rd Item,3161,Spear of Shojin,-0.5472,11573
16.11,3rd Item,3181,Hullbreaker,1.2577,1434
16.11,3rd Item,3742,Dead Man's Plate,0.6968,20088
16.11,3rd Item,3814,Edge of Night,-0.0135,120
16.11,3rd Item,4401,Force of Nature,-0.1076,5407
16.11,3rd Item,6333,Death's Dance,0.6968,1777
16.11,3rd Item,6609,Chempunk Chainsword,-3.5597,290
16.11,3rd Item,6631,Stridebreaker,0.0068,594
16.11,3rd Item,6665,"Jak'Sho, The Protean",1.4492,169
16.11,3rd Item,6676,The Collector,-0.763,240
16.11,3rd Item,6695,Serpent's Fang,-0.9035,3410
16.11,3rd Item,6699,Voltaic Cyclosword,-1.5991,3265
16.11,4th+ Item,2504,Kaenic Rookern,1.5578,549
16.11,4th+ Item,2512,Fiendhunter Bolts,-5.0272,117
16.11,4th+ Item,2517,Endless Hunger,2.5171,428
16.11,4th+ Item,3026,Guardian Angel,1.675,1928
16.11,4th+ Item,3031,Infinity Edge,-1.4114,13969
16.11,4th+ Item,3033,Mortal Reminder,-0.4002,10435
16.11,4th+ Item,3036,Lord Dominik's Regards,1.1206,1872
16.11,4th+ Item,3046,Phantom Dancer,1.4648,4354
16.11,4th+ Item,3053,Sterak's Gage,1.4519,9608
16.11,4th+ Item,3065,Spirit Visage,0.8051,175
16.11,4th+ Item,3071,Black Cleaver,-0.0044,1832
16.11,4th+ Item,3075,Thornmail,1.6678,939
16.11,4th+ Item,3078,Trinity Force,-2.973,364
16.11,4th+ Item,3091,Wit's End,-3.3564,219
16.11,4th+ Item,3097,Stormrazor,-3.7858,338
16.11,4th+ Item,3110,Frozen Heart,3.6293,161
16.11,4th+ Item,3139,Mercurial Scimitar,1.321,273
16.11,4th+ Item,3142,Youmuu's Ghostblade,0.7514,1514
16.11,4th+ Item,3143,Randuin's Omen,0.498,2581
16.11,4th+ Item,3156,Maw of Malmortius,0.0565,504
16.11,4th+ Item,3161,Spear of Shojin,0.1123,7806
16.11,4th+ Item,3181,Hullbreaker,0.8518,836
16.11,4th+ Item,3742,Dead Man's Plate,0.2133,27960
16.11,4th+ Item,3814,Edge of Night,1.1706,218
16.11,4th+ Item,4401,Force of Nature,-0.3814,12098
16.11,4th+ Item,6333,Death's Dance,-0.2097,6661
16.11,4th+ Item,6609,Chempunk Chainsword,2.4553,397
16.11,4th+ Item,6631,Stridebreaker,0.1773,220
16.11,4th+ Item,6665,"Jak'Sho, The Protean",-0.202,571
16.11,4th+ Item,6673,Immortal Shieldbow,-1.3237,699
16.11,4th+ Item,6676,The Collector,-2.0576,575
16.11,4th+ Item,6695,Serpent's Fang,-1.4667,2991
16.11,4th+ Item,6696,Axiom Arc,-3.1719,219
16.11,4th+ Item,6699,Voltaic Cyclosword,-0.7747,925
16.11,All Items,2501,Overlord's Bloodmail,-1.6684,130
16.11,All Items,2502,Unending Despair,-1.3266,105
16.11,All Items,2504,Kaenic Rookern,1.7594,1017
16.11,All Items,2512,Fiendhunter Bolts,-2.1253,242
16.11,All Items,2517,Endless Hunger,1.3827,658
16.11,All Items,2520,Bastionbreaker,-2.2806,143
16.11,All Items,3026,Guardian Angel,1.7868,2314
16.11,All Items,3031,Infinity Edge,-1.4602,23779
16.11,All Items,3032,Yun Tal Wildarrows,1.9571,110
16.11,All Items,3033,Mortal Reminder,-0.4638,89386
16.11,All Items,3036,Lord Dominik's Regards,1.1566,6729
16.11,All Items,3046,Phantom Dancer,0.2092,138143
16.11,All Items,3053,Sterak's Gage,1.5145,14096
16.11,All Items,3065,Spirit Visage,-2.2192,421
16.11,All Items,3068,Sunfire Aegis,-4.1129,295
16.11,All Items,3071,Black Cleaver,0.4317,24295
16.11,All Items,3075,Thornmail,-0.2501,2704
16.11,All Items,3078,Trinity Force,-1.1091,5986
16.11,All Items,3084,Heartsteel,-11.4575,247
16.11,All Items,3091,Wit's End,1.6641,535
16.11,All Items,3097,Stormrazor,-6.0702,804
16.11,All Items,3110,Frozen Heart,-1.0362,344
16.11,All Items,3139,Mercurial Scimitar,1.3339,351
16.11,All Items,3142,Youmuu's Ghostblade,0.5514,21296
16.11,All Items,3143,Randuin's Omen,-0.1935,4267
16.11,All Items,3156,Maw of Malmortius,-0.543,983
16.11,All Items,3161,Spear of Shojin,-0.2682,22054
16.11,All Items,3181,Hullbreaker,0.6148,3356
16.11,All Items,3742,Dead Man's Plate,0.4074,53377
16.11,All Items,3814,Edge of Night,0.3455,559
16.11,All Items,4401,Force of Nature,-0.289,20516
16.11,All Items,6333,Death's Dance,-0.2113,9037
16.11,All Items,6609,Chempunk Chainsword,-0.7024,807
16.11,All Items,6610,Sundered Sky,-2.5048,122
16.11,All Items,6631,Stridebreaker,0.095,205369
16.11,All Items,6662,Iceborn Gauntlet,-2.9064,120
16.11,All Items,6664,Hollow Radiance,-2.1333,210
16.11,All Items,6665,"Jak'Sho, The Protean",-0.6642,810
16.11,All Items,6673,Immortal Shieldbow,-1.5489,818
16.11,All Items,6676,The Collector,-2.6359,1001
16.11,All Items,6692,Eclipse,1.9722,186
16.11,All Items,6694,Serylda's Grudge,-2.6068,192
16.11,All Items,6695,Serpent's Fang,-0.7223,10849
16.11,All Items,6696,Axiom Arc,-2.0445,294
16.11,All Items,6697,Hubris,-2.1878,142
16.11,All Items,6699,Voltaic Cyclosword,-1.2067,5041
16.12,Keystone,8230,Stormraider's Surge,0.5926,45362
16.12,Keystone,8010,Conqueror,-0.0834,192062
16.12,Keystone,8214,Summon Aery,-4.9157,124
16.12,Keystone,8021,Fleet Footwork,-1.7721,288
16.12,Keystone,8360,Unsealed Spellbook,-0.4947,596
16.12,Keystone,8008,Lethal Tempo,-18.3336,163
16.12,Keystone,8437,Grasp of the Undying,-0.5798,2554
16.12,Keystone,8992,Deathfire Touch,0.2462,110
16.12,Keystone,8112,Electrocute,-11.8169,114
16.12,Spell,3,Exhaust,-1.0358,2340
16.12,Spell,4,Flash,0.1632,232813
16.12,Spell,6,Ghost,-2.9854,14944
16.12,Spell,12,Teleport,-4.2826,17192
16.12,Spell,14,Ignite,0.3835,215910
16.12,Spell,21,Barrier,1.2315,216
16.12,Starter,1036,Long Sword,0.3577,789
16.12,Starter,1054,Doran's Shield,-0.4375,131661
16.12,Starter,1055,Doran's Blade,0.8938,68889
16.12,Starter,1083,Cull,-3.0319,10704
16.12,Starter,1086,Doran's Bow,2.649,6882
16.12,Starter,1120,Doran's Helm,0.48,22410
16.12,Boots,3006,Berserker's Greaves,-0.0784,161239
16.12,Boots,3008,Gluttonous Greaves,-0.0161,599
16.12,Boots,3009,Boots of Swiftness,0.9612,38583
16.12,Boots,3047,Plated Steelcaps,0.3563,28199
16.12,Boots,3111,Mercury's Treads,0.6647,11611
16.12,Boots,3158,Ionian Boots of Lucidity,-0.7553,1593
16.12,1st Item,3033,Mortal Reminder,-2.7242,612
16.12,1st Item,3046,Phantom Dancer,0.6228,762
16.12,1st Item,3068,Sunfire Aegis,1.9148,214
16.12,1st Item,3071,Black Cleaver,-1.412,2491
16.12,1st Item,3075,Thornmail,-5.6002,242
16.12,1st Item,3078,Trinity Force,-1.0041,4871
16.12,1st Item,3084,Heartsteel,-8.1982,207
16.12,1st Item,3142,Youmuu's Ghostblade,-3.128,520
16.12,1st Item,3143,Randuin's Omen,-5.5589,165
16.12,1st Item,3161,Spear of Shojin,-6.5709,159
16.12,1st Item,3742,Dead Man's Plate,1.8127,380
16.12,1st Item,4401,Force of Nature,-3.1469,382
16.12,1st Item,6631,Stridebreaker,0.0707,225009
16.12,1st Item,6664,Hollow Radiance,0.3635,133
16.12,1st Item,6695,Serpent's Fang,0.9767,757
16.12,2nd Item,2504,Kaenic Rookern,-5.3617,124
16.12,2nd Item,3031,Infinity Edge,-4.5328,498
16.12,2nd Item,3033,Mortal Reminder,-0.8676,30025
16.12,2nd Item,3036,Lord Dominik's Regards,-1.6853,2089
16.12,2nd Item,3046,Phantom Dancer,0.2415,123964
16.12,2nd Item,3053,Sterak's Gage,-0.4124,1044
16.12,2nd Item,3068,Sunfire Aegis,-6.977,101
16.12,2nd Item,3071,Black Cleaver,0.6835,9686
16.12,2nd Item,3075,Thornmail,-2.2692,744
16.12,2nd Item,3078,Trinity Force,-0.1867,652
16.12,2nd Item,3091,Wit's End,-4.5542,125
16.12,2nd Item,3097,Stormrazor,-7.1088,123
16.12,2nd Item,3142,Youmuu's Ghostblade,-0.028,23924
16.12,2nd Item,3143,Randuin's Omen,1.2761,641
16.12,2nd Item,3156,Maw of Malmortius,0.786,164
16.12,2nd Item,3161,Spear of Shojin,-0.9774,2344
16.12,2nd Item,3181,Hullbreaker,-1.9641,2404
16.12,2nd Item,3742,Dead Man's Plate,1.2189,5989
16.12,2nd Item,3814,Edge of Night,2.3142,211
16.12,2nd Item,4401,Force of Nature,-0.7121,2832
16.12,2nd Item,6333,Death's Dance,-0.3785,239
16.12,2nd Item,6609,Chempunk Chainsword,-2.7184,117
16.12,2nd Item,6631,Stridebreaker,0.8056,4487
16.12,2nd Item,6676,The Collector,-2.4066,120
16.12,2nd Item,6695,Serpent's Fang,0.3286,4040
16.12,2nd Item,6699,Voltaic Cyclosword,-1.5704,511
16.12,3rd Item,2504,Kaenic Rookern,-1.8001,245
16.12,3rd Item,2517,Endless Hunger,5.495,133
16.12,3rd Item,3026,Guardian Angel,2.9644,169
16.12,3rd Item,3031,Infinity Edge,-1.7701,10075
16.12,3rd Item,3033,Mortal Reminder,-0.1316,60597
16.12,3rd Item,3036,Lord Dominik's Regards,2.0357,3270
16.12,3rd Item,3046,Phantom Dancer,0.3805,25745
16.12,3rd Item,3053,Sterak's Gage,0.7193,3895
16.12,3rd Item,3065,Spirit Visage,-0.15,138
16.12,3rd Item,3071,Black Cleaver,1.0825,3543
16.12,3rd Item,3075,Thornmail,-0.5957,864
16.12,3rd Item,3078,Trinity Force,2.9751,343
16.12,3rd Item,3091,Wit's End,-0.7505,156
16.12,3rd Item,3097,Stormrazor,-1.85,218
16.12,3rd Item,3142,Youmuu's Ghostblade,-0.2847,6502
16.12,3rd Item,3143,Randuin's Omen,0.9186,1115
16.12,3rd Item,3156,Maw of Malmortius,-0.7603,243
16.12,3rd Item,3161,Spear of Shojin,0.0336,10316
16.12,3rd Item,3181,Hullbreaker,0.3405,2088
16.12,3rd Item,3742,Dead Man's Plate,0.472,23343
16.12,3rd Item,3814,Edge of Night,-0.4192,137
16.12,3rd Item,4401,Force of Nature,0.2837,5823
16.12,3rd Item,6333,Death's Dance,0.4466,848
16.12,3rd Item,6609,Chempunk Chainsword,-3.5153,202
16.12,3rd Item,6631,Stridebreaker,0.8028,653
16.12,3rd Item,6665,"Jak'Sho, The Protean",-1.9909,165
16.12,3rd Item,6676,The Collector,-6.3687,244
16.12,3rd Item,6695,Serpent's Fang,-0.0349,3752
16.12,3rd Item,6699,Voltaic Cyclosword,-2.2089,3664
16.12,4th+ Item,2504,Kaenic Rookern,-2.4317,600
16.12,4th+ Item,2512,Fiendhunter Bolts,1.3162,124
16.12,4th+ Item,2517,Endless Hunger,1.2635,412
16.12,4th+ Item,3026,Guardian Angel,1.6323,2269
16.12,4th+ Item,3031,Infinity Edge,-0.7291,15910
16.12,4th+ Item,3033,Mortal Reminder,0.5941,13458
16.12,4th+ Item,3036,Lord Dominik's Regards,-0.2626,2104
16.12,4th+ Item,3046,Phantom Dancer,0.5597,5247
16.12,4th+ Item,3053,Sterak's Gage,1.8679,11254
16.12,4th+ Item,3065,Spirit Visage,-2.4321,214
16.12,4th+ Item,3071,Black Cleaver,2.1182,2375
16.12,4th+ Item,3075,Thornmail,-2.5014,1043
16.12,4th+ Item,3078,Trinity Force,-3.6111,319
16.12,4th+ Item,3091,Wit's End,-0.3351,219
16.12,4th+ Item,3097,Stormrazor,-4.2783,319
16.12,4th+ Item,3110,Frozen Heart,2.9205,228
16.12,4th+ Item,3139,Mercurial Scimitar,-1.6727,309
16.12,4th+ Item,3142,Youmuu's Ghostblade,0.127,3464
16.12,4th+ Item,3143,Randuin's Omen,0.9687,3274
16.12,4th+ Item,3156,Maw of Malmortius,-3.0115,436
16.12,4th+ Item,3161,Spear of Shojin,-0.5983,7800
16.12,4th+ Item,3181,Hullbreaker,0.938,1036
16.12,4th+ Item,3742,Dead Man's Plate,-0.0747,32975
16.12,4th+ Item,3814,Edge of Night,-2.9886,202
16.12,4th+ Item,4401,Force of Nature,-0.6363,13467
16.12,4th+ Item,6333,Death's Dance,-0.405,3796
16.12,4th+ Item,6609,Chempunk Chainsword,-0.7387,346
16.12,4th+ Item,6631,Stridebreaker,-1.6423,250
16.12,4th+ Item,6665,"Jak'Sho, The Protean",-1.2314,689
16.12,4th+ Item,6673,Immortal Shieldbow,-0.4475,757
16.12,4th+ Item,6676,The Collector,-1.4163,584
16.12,4th+ Item,6695,Serpent's Fang,0.0788,3758
16.12,4th+ Item,6696,Axiom Arc,-7.1435,143
16.12,4th+ Item,6699,Voltaic Cyclosword,-0.5352,1242
16.12,All Items,2501,Overlord's Bloodmail,-1.4839,156
16.12,All Items,2502,Unending Despair,-0.7195,115
16.12,All Items,2504,Kaenic Rookern,-2.2692,1074
16.12,All Items,2512,Fiendhunter Bolts,-0.5997,258
16.12,All Items,2517,Endless Hunger,1.869,604
16.12,All Items,2520,Bastionbreaker,-3.4887,118
16.12,All Items,3026,Guardian Angel,1.664,2732
16.12,All Items,3031,Infinity Edge,-1.2069,26672
16.12,All Items,3032,Yun Tal Wildarrows,-4.234,107
16.12,All Items,3033,Mortal Reminder,-0.2625,104787
16.12,All Items,3036,Lord Dominik's Regards,0.3583,7584
16.12,All Items,3046,Phantom Dancer,0.2721,155805
16.12,All Items,3053,Sterak's Gage,1.467,16414
16.12,All Items,3065,Spirit Visage,-2.2365,512
16.12,All Items,3068,Sunfire Aegis,-1.6894,358
16.12,All Items,3071,Black Cleaver,0.653,18160
16.12,All Items,3075,Thornmail,-2.1518,2917
16.12,All Items,3078,Trinity Force,-0.8362,6206
16.12,All Items,3083,Warmog's Armor,-4.7887,102
16.12,All Items,3084,Heartsteel,-6.6354,254
16.12,All Items,3091,Wit's End,-1.3544,546
16.12,All Items,3097,Stormrazor,-4.3683,698
16.12,All Items,3110,Frozen Heart,-0.31,448
16.12,All Items,3139,Mercurial Scimitar,-1.1701,397
16.12,All Items,3142,Youmuu's Ghostblade,-0.1087,34494
16.12,All Items,3143,Randuin's Omen,0.8269,5279
16.12,All Items,3156,Maw of Malmortius,-1.4643,923
16.12,All Items,3161,Spear of Shojin,-0.376,20713
16.12,All Items,3181,Hullbreaker,-0.5599,5647
16.12,All Items,3742,Dead Man's Plate,0.2643,62881
16.12,All Items,3814,Edge of Night,0.313,621
16.12,All Items,4401,Force of Nature,-0.431,22632
16.12,All Items,6333,Death's Dance,-0.269,5004
16.12,All Items,6609,Chempunk Chainsword,-1.6408,684
16.12,All Items,6610,Sundered Sky,-4.089,105
16.12,All Items,6631,Stridebreaker,0.0849,230409
16.12,All Items,6662,Iceborn Gauntlet,-1.9022,126
16.12,All Items,6664,Hollow Radiance,1.3723,243
16.12,All Items,6665,"Jak'Sho, The Protean",-1.5458,926
16.12,All Items,6673,Immortal Shieldbow,-0.288,885
16.12,All Items,6676,The Collector,-3.0642,1010
16.12,All Items,6692,Eclipse,4.5127,154
16.12,All Items,6694,Serylda's Grudge,-1.1704,222
16.12,All Items,6695,Serpent's Fang,0.2119,12347
16.12,All Items,6696,Axiom Arc,-5.9058,204
16.12,All Items,6697,Hubris,-4.4523,120
16.12,All Items,6699,Voltaic Cyclosword,-1.666,5497
16.13,Keystone,8005,Press the Attack,-9.1703,137
16.13,Keystone,8008,Lethal Tempo,-19.4478,229
16.13,Keystone,8010,Conqueror,-0.1474,284016
16.13,Keystone,8021,Fleet Footwork,-5.2772,360
16.13,Keystone,8112,Electrocute,-10.2375,153
16.13,Keystone,8128,Dark Harvest,-16.4405,102
16.13,Keystone,8214,Summon Aery,-3.9633,155
16.13,Keystone,8230,Stormraider's Surge,0.9005,67383
16.13,Keystone,8360,Unsealed Spellbook,4.1132,722
16.13,Keystone,8369,First Strike,-3.7156,106
16.13,Keystone,8437,Grasp of the Undying,-2.018,3459
16.13,Keystone,8992,Deathfire Touch,-10.1799,142
16.13,Spell,3,Exhaust,-1.3804,3688
16.13,Spell,4,Flash,0.0792,350788
16.13,Spell,6,Ghost,-2.249,13789
16.13,Spell,12,Teleport,-2.9412,18584
16.13,Spell,14,Ignite,0.1957,327137
16.13,Spell,21,Barrier,-0.2035,267
16.13,Starter,1036,Long Sword,-0.0321,1187
16.13,Starter,1054,Doran's Shield,-0.4294,204770
16.13,Starter,1055,Doran's Blade,0.7612,99517
16.13,Starter,1083,Cull,-1.6505,8633
16.13,Starter,1086,Doran's Bow,1.8485,10750
16.13,Starter,1120,Doran's Helm,0.2495,31704
16.13,Boots,3006,Berserker's Greaves,-0.0446,231137
16.13,Boots,3008,Gluttonous Greaves,-1.8496,785
16.13,Boots,3009,Boots of Swiftness,1.1328,59938
16.13,Boots,3047,Plated Steelcaps,0.221,44913
16.13,Boots,3111,Mercury's Treads,0.0235,18639
16.13,Boots,3158,Ionian Boots of Lucidity,1.6429,1542
16.13,1st Item,2504,Kaenic Rookern,-4.4704,117
16.13,1st Item,3033,Mortal Reminder,-1.4155,855
16.13,1st Item,3036,Lord Dominik's Regards,-6.4831,104
16.13,1st Item,3046,Phantom Dancer,-1.4191,1150
16.13,1st Item,3068,Sunfire Aegis,-5.6878,338
16.13,1st Item,3071,Black Cleaver,-1.0794,3147
16.13,1st Item,3075,Thornmail,-1.5779,344
16.13,1st Item,3078,Trinity Force,-0.3404,6909
16.13,1st Item,3084,Heartsteel,-7.0669,299
16.13,1st Item,3142,Youmuu's Ghostblade,-0.5044,1041
16.13,1st Item,3143,Randuin's Omen,0.7606,348
16.13,1st Item,3156,Maw of Malmortius,-0.6596,132
16.13,1st Item,3161,Spear of Shojin,-2.3546,338
16.13,1st Item,3742,Dead Man's Plate,-1.6619,537
16.13,1st Item,3814,Edge of Night,-2.8398,113
16.13,1st Item,4401,Force of Nature,1.3285,605
16.13,1st Item,6631,Stridebreaker,0.072,332357
16.13,1st Item,6664,Hollow Radiance,-5.8357,176
16.13,1st Item,6692,Eclipse,-4.2837,103
16.13,1st Item,6695,Serpent's Fang,-1.658,1187
16.13,2nd Item,2504,Kaenic Rookern,-1.9632,207
16.13,2nd Item,3031,Infinity Edge,-3.7686,808
16.13,2nd Item,3033,Mortal Reminder,-0.4848,45223
16.13,2nd Item,3036,Lord Dominik's Regards,-0.0744,2972
16.13,2nd Item,3046,Phantom Dancer,0.0829,178852
16.13,2nd Item,3053,Sterak's Gage,1.2158,1645
16.13,2nd Item,3065,Spirit Visage,-3.1052,135
16.13,2nd Item,3068,Sunfire Aegis,-7.7355,133
16.13,2nd Item,3071,Black Cleaver,0.8695,13061
16.13,2nd Item,3075,Thornmail,-0.6591,1146
16.13,2nd Item,3078,Trinity Force,-0.879,948
16.13,2nd Item,3091,Wit's End,-2.3212,213
16.13,2nd Item,3097,Stormrazor,-3.4715,241
16.13,2nd Item,3110,Frozen Heart,5.0304,133
16.13,2nd Item,3142,Youmuu's Ghostblade,0.1822,38912
16.13,2nd Item,3143,Randuin's Omen,-1.0044,1017
16.13,2nd Item,3156,Maw of Malmortius,0.773,253
16.13,2nd Item,3161,Spear of Shojin,-0.5023,3295
16.13,2nd Item,3181,Hullbreaker,-0.5972,2287
16.13,2nd Item,3742,Dead Man's Plate,0.3005,10345
16.13,2nd Item,3814,Edge of Night,-2.5629,270
16.13,2nd Item,4401,Force of Nature,-0.9595,4929
16.13,2nd Item,6333,Death's Dance,-0.7268,325
16.13,2nd Item,6609,Chempunk Chainsword,-1.2493,141
16.13,2nd Item,6631,Stridebreaker,0.3937,6629
16.13,2nd Item,6676,The Collector,-7.8752,200
16.13,2nd Item,6695,Serpent's Fang,0.3286,5927
16.13,2nd Item,6699,Voltaic Cyclosword,-0.5966,823
16.13,3rd Item,2504,Kaenic Rookern,0.5164,411
16.13,3rd Item,2517,Endless Hunger,7.4479,192
16.13,3rd Item,3026,Guardian Angel,-3.7016,214
16.13,3rd Item,3031,Infinity Edge,-1.9959,14515
16.13,3rd Item,3033,Mortal Reminder,-0.2694,86417
16.13,3rd Item,3036,Lord Dominik's Regards,0.6393,5013
16.13,3rd Item,3046,Phantom Dancer,0.7393,38145
16.13,3rd Item,3053,Sterak's Gage,1.163,5499
16.13,3rd Item,3065,Spirit Visage,-2.2961,205
16.13,3rd Item,3071,Black Cleaver,1.4545,4789
16.13,3rd Item,3075,Thornmail,-0.6766,1186
16.13,3rd Item,3078,Trinity Force,-0.0771,477
16.13,3rd Item,3091,Wit's End,-0.4719,241
16.13,3rd Item,3097,Stormrazor,-1.3652,286
16.13,3rd Item,3110,Frozen Heart,1.7574,159
16.13,3rd Item,3142,Youmuu's Ghostblade,-0.4497,9179
16.13,3rd Item,3143,Randuin's Omen,-0.4689,1744
16.13,3rd Item,3156,Maw of Malmortius,-0.4431,420
16.13,3rd Item,3161,Spear of Shojin,-0.5009,8810
16.13,3rd Item,3181,Hullbreaker,2.3519,2373
16.13,3rd Item,3742,Dead Man's Plate,0.2577,42948
16.13,3rd Item,3814,Edge of Night,-7.2314,143
16.13,3rd Item,4401,Force of Nature,-0.3121,10595
16.13,3rd Item,6333,Death's Dance,-1.0705,1206
16.13,3rd Item,6609,Chempunk Chainsword,0.0846,294
16.13,3rd Item,6631,Stridebreaker,2.6688,939
16.13,3rd Item,6665,"Jak'Sho, The Protean",-2.5618,307
16.13,3rd Item,6673,Immortal Shieldbow,3.755,143
16.13,3rd Item,6676,The Collector,0.6135,340
16.13,3rd Item,6694,Serylda's Grudge,-7.276,131
16.13,3rd Item,6695,Serpent's Fang,0.909,5043
16.13,3rd Item,6699,Voltaic Cyclosword,0.1713,7434
16.13,4th+ Item,2501,Overlord's Bloodmail,-2.1297,134
16.13,4th+ Item,2504,Kaenic Rookern,1.0616,1034
16.13,4th+ Item,2512,Fiendhunter Bolts,-5.7248,140
16.13,4th+ Item,2517,Endless Hunger,0.7693,607
16.13,4th+ Item,3026,Guardian Angel,2.8327,3250
16.13,4th+ Item,3031,Infinity Edge,-1.3805,23811
16.13,4th+ Item,3033,Mortal Reminder,0.4579,21014
16.13,4th+ Item,3036,Lord Dominik's Regards,0.021,3953
16.13,4th+ Item,3046,Phantom Dancer,1.118,8186
16.13,4th+ Item,3053,Sterak's Gage,0.9504,16962
16.13,4th+ Item,3065,Spirit Visage,-2.1738,302
16.13,4th+ Item,3071,Black Cleaver,1.325,2275
16.13,4th+ Item,3075,Thornmail,-1.7286,1466
16.13,4th+ Item,3078,Trinity Force,-0.5633,722
16.13,4th+ Item,3091,Wit's End,0.6511,357
16.13,4th+ Item,3097,Stormrazor,0.2715,431
16.13,4th+ Item,3110,Frozen Heart,-1.5221,335
16.13,4th+ Item,3139,Mercurial Scimitar,-0.197,426
16.13,4th+ Item,3142,Youmuu's Ghostblade,0.4072,6141
16.13,4th+ Item,3143,Randuin's Omen,0.7709,4885
16.13,4th+ Item,3156,Maw of Malmortius,-2.0609,782
16.13,4th+ Item,3161,Spear of Shojin,0.3085,9743
16.13,4th+ Item,3181,Hullbreaker,-0.64,1511
16.13,4th+ Item,3742,Dead Man's Plate,0.0646,45884
16.13,4th+ Item,3814,Edge of Night,-0.6535,262
16.13,4th+ Item,4401,Force of Nature,-0.5606,22511
16.13,4th+ Item,6333,Death's Dance,0.6698,5027
16.13,4th+ Item,6609,Chempunk Chainsword,0.478,498
16.13,4th+ Item,6631,Stridebreaker,-2.3891,370
16.13,4th+ Item,6665,"Jak'Sho, The Protean",0.0878,1043
16.13,4th+ Item,6673,Immortal Shieldbow,-1.123,1079
16.13,4th+ Item,6676,The Collector,-3.8144,811
16.13,4th+ Item,6694,Serylda's Grudge,-6.1016,126
16.13,4th+ Item,6695,Serpent's Fang,-0.4114,4928
16.13,4th+ Item,6699,Voltaic Cyclosword,0.1962,1708
16.13,All Items,2501,Overlord's Bloodmail,-1.3764,237
16.13,All Items,2502,Unending Despair,-0.2078,175
16.13,All Items,2504,Kaenic Rookern,0.1053,1794
16.13,All Items,2512,Fiendhunter Bolts,-4.7222,301
16.13,All Items,2517,Endless Hunger,1.6745,872
16.13,All Items,2520,Bastionbreaker,-7.4361,127
16.13,All Items,2525,Protoplasm Harness,0.0172,144
16.13,All Items,3026,Guardian Angel,2.5034,3820
16.13,All Items,3031,Infinity Edge,-1.6584,39510
16.13,All Items,3032,Yun Tal Wildarrows,0.0224,176
16.13,All Items,3033,Mortal Reminder,-0.24,153646
16.13,All Items,3036,Lord Dominik's Regards,0.1969,12096
16.13,All Items,3046,Phantom Dancer,0.2247,226449
16.13,All Items,3053,Sterak's Gage,1.0354,24432
16.13,All Items,3065,Spirit Visage,-2.583,747
16.13,All Items,3068,Sunfire Aegis,-4.7708,551
16.13,All Items,3071,Black Cleaver,0.7674,23339
16.13,All Items,3073,Experimental Hexplate,-0.4168,115
16.13,All Items,3075,Thornmail,-1.1471,4165
16.13,All Items,3078,Trinity Force,-0.4371,9104
16.13,All Items,3083,Warmog's Armor,-0.044,164
16.13,All Items,3084,Heartsteel,-6.7911,379
16.13,All Items,3091,Wit's End,-0.7726,885
16.13,All Items,3097,Stormrazor,-1.5447,1019
16.13,All Items,3110,Frozen Heart,-0.8239,686
16.13,All Items,3139,Mercurial Scimitar,-0.8874,520
16.13,All Items,3142,Youmuu's Ghostblade,0.0846,55401
16.13,All Items,3143,Randuin's Omen,0.2952,8127
16.13,All Items,3156,Maw of Malmortius,-1.135,1603
16.13,All Items,3161,Spear of Shojin,-0.1975,22288
16.13,All Items,3181,Hullbreaker,0.3885,6317
16.13,All Items,3742,Dead Man's Plate,0.1632,99980
16.13,All Items,3814,Edge of Night,-2.758,792
16.13,All Items,4401,Force of Nature,-0.5106,38854
16.13,All Items,6333,Death's Dance,0.3325,6706
16.13,All Items,6609,Chempunk Chainsword,0.2919,955
16.13,All Items,6610,Sundered Sky,-6.7153,141
16.13,All Items,6631,Stridebreaker,0.0826,340319
16.13,All Items,6662,Iceborn Gauntlet,-2.0495,159
16.13,All Items,6664,Hollow Radiance,-3.5409,330
16.13,All Items,6665,"Jak'Sho, The Protean",-0.5356,1498
16.13,All Items,6673,Immortal Shieldbow,-0.9214,1295
16.13,All Items,6675,Navori Flickerblade,0.5007,117
16.13,All Items,6676,The Collector,-3.6532,1440
16.13,All Items,6692,Eclipse,-4.061,214
16.13,All Items,6694,Serylda's Grudge,-4.2219,299
16.13,All Items,6695,Serpent's Fang,0.1217,17151
16.13,All Items,6696,Axiom Arc,-2.387,147
16.13,All Items,6697,Hubris,-0.8796,166
16.13,All Items,6699,Voltaic Cyclosword,0.1395,10049
16.14,Keystone,8230,Stormraider's Surge,1.0163,41008
16.14,Keystone,8010,Conqueror,-0.2404,133688
16.14,Keystone,8021,Fleet Footwork,-1.165,191
16.14,Keystone,8360,Unsealed Spellbook,1.5208,295
16.14,Keystone,8008,Lethal Tempo,-10.4,101
16.14,Keystone,8437,Grasp of the Undying,-2.1876,1955
16.14,Spell,3,Exhaust,-2.9439,1872
16.14,Spell,4,Flash,0.0659,175424
16.14,Spell,6,Ghost,-2.1138,6006
16.14,Spell,12,Teleport,-4.0906,8870
16.14,Spell,14,Ignite,0.2574,163065
16.14,Spell,21,Barrier,5.4703,171
16.14,Starter,1036,Long Sword,-2.1538,697
16.14,Starter,1054,Doran's Shield,-0.352,102920
16.14,Starter,1055,Doran's Blade,0.7557,49492
16.14,Starter,1083,Cull,-2.7354,3227
16.14,Starter,1086,Doran's Bow,2.065,4884
16.14,Starter,1120,Doran's Helm,0.0069,16173
16.14,Boots,3006,Berserker's Greaves,-0.0326,108153
16.14,Boots,3008,Gluttonous Greaves,2.142,316
16.14,Boots,3009,Boots of Swiftness,0.7104,34031
16.14,Boots,3047,Plated Steelcaps,0.134,23754
16.14,Boots,3111,Mercury's Treads,-0.3957,10533
16.14,Boots,3158,Ionian Boots of Lucidity,1.3463,638
16.14,1st Item,3033,Mortal Reminder,-2.4915,454
16.14,1st Item,3046,Phantom Dancer,-1.5424,593
16.14,1st Item,3068,Sunfire Aegis,1.7686,150
16.14,1st Item,3071,Black Cleaver,0.4873,1493
16.14,1st Item,3075,Thornmail,-3.9702,210
16.14,1st Item,3078,Trinity Force,-0.7077,3415
16.14,1st Item,3084,Heartsteel,-7.5765,206
16.14,1st Item,3142,Youmuu's Ghostblade,-1.7022,696
16.14,1st Item,3143,Randuin's Omen,-2.9186,177
16.14,1st Item,3161,Spear of Shojin,-6.5528,134
16.14,1st Item,3181,Hullbreaker,1.5497,118
16.14,1st Item,3742,Dead Man's Plate,-3.1283,252
16.14,1st Item,4401,Force of Nature,-1.7658,299
16.14,1st Item,6631,Stridebreaker,0.0872,164740
16.14,1st Item,6664,Hollow Radiance,-10.8705,110
16.14,1st Item,6695,Serpent's Fang,-1.749,962
16.14,2nd Item,2504,Kaenic Rookern,2.0689,130
16.14,2nd Item,3031,Infinity Edge,-8.0165,467
16.14,2nd Item,3033,Mortal Reminder,-0.6828,22653
16.14,2nd Item,3036,Lord Dominik's Regards,-1.1845,1664
16.14,2nd Item,3046,Phantom Dancer,0.2156,83460
16.14,2nd Item,3053,Sterak's Gage,-1.7517,863
16.14,2nd Item,3071,Black Cleaver,1.0838,6842
16.14,2nd Item,3075,Thornmail,-1.898,654
16.14,2nd Item,3078,Trinity Force,0.1478,522
16.14,2nd Item,3091,Wit's End,-5.4467,117
16.14,2nd Item,3142,Youmuu's Ghostblade,0.3423,21656
16.14,2nd Item,3143,Randuin's Omen,-1.8117,505
16.14,2nd Item,3156,Maw of Malmortius,1.747,156
16.14,2nd Item,3161,Spear of Shojin,-2.034,1466
16.14,2nd Item,3181,Hullbreaker,-0.8566,1035
16.14,2nd Item,3742,Dead Man's Plate,0.1641,5354
16.14,2nd Item,3814,Edge of Night,2.4218,154
16.14,2nd Item,4401,Force of Nature,-0.1758,2929
16.14,2nd Item,6333,Death's Dance,-6.2511,172
16.14,2nd Item,6609,Chempunk Chainsword,-3.1325,103
16.14,2nd Item,6631,Stridebreaker,-0.1735,3578
16.14,2nd Item,6676,The Collector,-5.8481,126
16.14,2nd Item,6695,Serpent's Fang,0.2134,3763
16.14,2nd Item,6699,Voltaic Cyclosword,0.4071,480
16.14,3rd Item,2504,Kaenic Rookern,-1.6177,210
16.14,3rd Item,3031,Infinity Edge,-2.5309,7089
16.14,3rd Item,3033,Mortal Reminder,-0.1432,39630
16.14,3rd Item,3036,Lord Dominik's Regards,-0.0867,2917
16.14,3rd Item,3046,Phantom Dancer,0.9164,19614
16.14,3rd Item,3053,Sterak's Gage,0.1855,2761
16.14,3rd Item,3065,Spirit Visage,-4.2991,107
16.14,3rd Item,3071,Black Cleaver,1.6415,2383
16.14,3rd Item,3075,Thornmail,-1.2268,632
16.14,3rd Item,3078,Trinity Force,-4.4213,201
16.14,3rd Item,3091,Wit's End,0.8686,136
16.14,3rd Item,3142,Youmuu's Ghostblade,0.4285,4873
16.14,3rd Item,3143,Randuin's Omen,0.3591,820
16.14,3rd Item,3156,Maw of Malmortius,-2.8553,213
16.14,3rd Item,3161,Spear of Shojin,-0.3672,3810
16.14,3rd Item,3181,Hullbreaker,0.8049,1033
16.14,3rd Item,3742,Dead Man's Plate,0.1173,20873
16.14,3rd Item,4401,Force of Nature,0.1651,5688
16.14,3rd Item,6333,Death's Dance,-2.8347,549
16.14,3rd Item,6609,Chempunk Chainsword,3.1776,188
16.14,3rd Item,6631,Stridebreaker,-1.8633,532
16.14,3rd Item,6665,"Jak'Sho, The Protean",-0.6885,163
16.14,3rd Item,6676,The Collector,-0.3412,219
16.14,3rd Item,6695,Serpent's Fang,0.407,2666
16.14,3rd Item,6699,Voltaic Cyclosword,0.1844,4350
16.14,4th+ Item,2504,Kaenic Rookern,-1.2805,602
16.14,4th+ Item,2517,Endless Hunger,0.9188,270
16.14,4th+ Item,3026,Guardian Angel,1.7656,1528
16.14,4th+ Item,3031,Infinity Edge,-1.8494,11264
16.14,4th+ Item,3033,Mortal Reminder,0.1366,10100
16.14,4th+ Item,3036,Lord Dominik's Regards,0.332,2212
16.14,4th+ Item,3046,Phantom Dancer,0.9769,4042
16.14,4th+ Item,3053,Sterak's Gage,1.3072,8441
16.14,4th+ Item,3065,Spirit Visage,-2.9723,175
16.14,4th+ Item,3071,Black Cleaver,0.5516,1092
16.14,4th+ Item,3075,Thornmail,-2.0871,693
16.14,4th+ Item,3078,Trinity Force,0.9308,420
16.14,4th+ Item,3091,Wit's End,-0.3632,187
16.14,4th+ Item,3097,Stormrazor,-1.6261,178
16.14,4th+ Item,3110,Frozen Heart,-2.0902,150
16.14,4th+ Item,3139,Mercurial Scimitar,-3.1162,199
16.14,4th+ Item,3142,Youmuu's Ghostblade,0.427,2799
16.14,4th+ Item,3143,Randuin's Omen,0.8513,2172
16.14,4th+ Item,3156,Maw of Malmortius,1.4028,396
16.14,4th+ Item,3161,Spear of Shojin,0.1171,4433
16.14,4th+ Item,3181,Hullbreaker,1.3323,707
16.14,4th+ Item,3742,Dead Man's Plate,0.2068,20769
16.14,4th+ Item,4401,Force of Nature,-0.616,11643
16.14,4th+ Item,6333,Death's Dance,0.1849,2348
16.14,4th+ Item,6609,Chempunk Chainsword,1.8619,310
16.14,4th+ Item,6631,Stridebreaker,5.0371,177
16.14,4th+ Item,6665,"Jak'Sho, The Protean",-0.222,550
16.14,4th+ Item,6673,Immortal Shieldbow,-1.2028,489
16.14,4th+ Item,6676,The Collector,-1.7962,371
16.14,4th+ Item,6695,Serpent's Fang,0.6999,2456
16.14,4th+ Item,6699,Voltaic Cyclosword,-1.3856,1198
16.14,All Items,2501,Overlord's Bloodmail,-0.6236,120
16.14,All Items,2504,Kaenic Rookern,-1.4986,1026
16.14,All Items,2512,Fiendhunter Bolts,-5.6679,151
16.14,All Items,2517,Endless Hunger,0.8173,401
16.14,All Items,3026,Guardian Angel,1.6484,1829
16.14,All Items,3031,Infinity Edge,-2.2673,18980
16.14,All Items,3032,Yun Tal Wildarrows,-10.571,140
16.14,All Items,3033,Mortal Reminder,-0.2894,72911
16.14,All Items,3036,Lord Dominik's Regards,-0.2877,6891
16.14,All Items,3046,Phantom Dancer,0.3591,107771
16.14,All Items,3053,Sterak's Gage,0.862,12240
16.14,All Items,3065,Spirit Visage,-2.1958,446
16.14,All Items,3068,Sunfire Aegis,0.754,262
16.14,All Items,3071,Black Cleaver,1.0569,11848
16.14,All Items,3075,Thornmail,-1.9843,2195
16.14,All Items,3078,Trinity Force,-0.6346,4570
16.14,All Items,3084,Heartsteel,-7.4824,260
16.14,All Items,3091,Wit's End,-1.5059,474
16.14,All Items,3097,Stormrazor,-2.7688,392
16.14,All Items,3110,Frozen Heart,-2.8827,319
16.14,All Items,3139,Mercurial Scimitar,-3.3671,254
16.14,All Items,3142,Youmuu's Ghostblade,0.3179,30094
16.14,All Items,3143,Randuin's Omen,0.2592,3737
16.14,All Items,3156,Maw of Malmortius,0.576,856
16.14,All Items,3161,Spear of Shojin,-0.4428,9903
16.14,All Items,3181,Hullbreaker,0.3675,2912
16.14,All Items,3742,Dead Man's Plate,0.14,47387
16.14,All Items,3814,Edge of Night,5.7323,398
16.14,All Items,4401,Force of Nature,-0.3673,20668
16.14,All Items,6333,Death's Dance,-0.6426,3147
16.14,All Items,6609,Chempunk Chainsword,1.4149,617
16.14,All Items,6631,Stridebreaker,0.08,169038
16.14,All Items,6664,Hollow Radiance,-8.3736,199
16.14,All Items,6665,"Jak'Sho, The Protean",-0.86,776
16.14,All Items,6673,Immortal Shieldbow,-0.9768,589
16.14,All Items,6676,The Collector,-2.4438,754
16.14,All Items,6692,Eclipse,5.2657,107
16.14,All Items,6694,Serylda's Grudge,-0.4307,141
16.14,All Items,6695,Serpent's Fang,0.2262,9890
16.14,All Items,6697,Hubris,3.5995,117
16.14,All Items,6699,Voltaic Cyclosword,-0.0615,6087
16.15,Keystone,8230,Stormraider's Surge,1.1061,44442
16.15,Keystone,8010,Conqueror,-0.2397,137455
16.15,Keystone,8021,Fleet Footwork,-7.3849,222
16.15,Keystone,8360,Unsealed Spellbook,0.8074,269
16.15,Keystone,8437,Grasp of the Undying,-4.512,1862
16.15,Spell,3,Exhaust,-1.392,2087
16.15,Spell,4,Flash,0.0416,182157
16.15,Spell,6,Ghost,-2.0499,6474
16.15,Spell,12,Teleport,-4.062,9737
16.15,Spell,14,Ignite,0.2854,168988
16.15,Spell,21,Barrier,-0.6137,143
16.15,Starter,1036,Long Sword,-0.3642,840
16.15,Starter,1054,Doran's Shield,-0.5816,105802
16.15,Starter,1055,Doran's Blade,0.9094,52576
16.15,Starter,1083,Cull,-0.6301,3595
16.15,Starter,1086,Doran's Bow,2.6711,4968
16.15,Starter,1120,Doran's Helm,0.2016,16734
16.15,Boots,3006,Berserker's Greaves,-0.0658,113167
16.15,Boots,3008,Gluttonous Greaves,-2.1058,294
16.15,Boots,3009,Boots of Swiftness,1.1888,34715
16.15,Boots,3047,Plated Steelcaps,0.021,25055
16.15,Boots,3111,Mercury's Treads,0.0381,10634
16.15,Boots,3158,Ionian Boots of Lucidity,0.4155,673
16.15,1st Item,3033,Mortal Reminder,-1.0223,475
16.15,1st Item,3046,Phantom Dancer,-0.3116,641
16.15,1st Item,3068,Sunfire Aegis,-7.7522,175
16.15,1st Item,3071,Black Cleaver,-1.9545,1597
16.15,1st Item,3075,Thornmail,-3.6813,178
16.15,1st Item,3078,Trinity Force,-1.2903,3587
16.15,1st Item,3084,Heartsteel,-8.211,170
16.15,1st Item,3142,Youmuu's Ghostblade,-0.7817,749
16.15,1st Item,3143,Randuin's Omen,1.3882,180
16.15,1st Item,3161,Spear of Shojin,-2.8754,113
16.15,1st Item,3181,Hullbreaker,-0.9759,149
16.15,1st Item,3742,Dead Man's Plate,-5.7792,275
16.15,1st Item,4401,Force of Nature,-1.2724,313
16.15,1st Item,6631,Stridebreaker,0.119,171665
16.15,1st Item,6695,Serpent's Fang,-0.7842,760
16.15,2nd Item,2504,Kaenic Rookern,0.8358,139
16.15,2nd Item,3031,Infinity Edge,-2.0443,478
16.15,2nd Item,3032,Yun Tal Wildarrows,5.0908,150
16.15,2nd Item,3033,Mortal Reminder,-0.617,23404
16.15,2nd Item,3036,Lord Dominik's Regards,-0.1401,1905
16.15,2nd Item,3046,Phantom Dancer,0.1303,87963
16.15,2nd Item,3053,Sterak's Gage,1.6103,898
16.15,2nd Item,3071,Black Cleaver,0.197,7303
16.15,2nd Item,3075,Thornmail,-0.8911,647
16.15,2nd Item,3078,Trinity Force,-1.3328,557
16.15,2nd Item,3091,Wit's End,-2.7884,115
16.15,2nd Item,3142,Youmuu's Ghostblade,0.7258,22111
16.15,2nd Item,3143,Randuin's Omen,-1.2034,545
16.15,2nd Item,3156,Maw of Malmortius,-2.6507,128
16.15,2nd Item,3161,Spear of Shojin,-2.1578,1523
16.15,2nd Item,3181,Hullbreaker,-1.1292,1130
16.15,2nd Item,3742,Dead Man's Plate,-0.7781,5559
16.15,2nd Item,3814,Edge of Night,-1.8853,139
16.15,2nd Item,4401,Force of Nature,-0.8637,2908
16.15,2nd Item,6333,Death's Dance,1.3415,172
16.15,2nd Item,6609,Chempunk Chainsword,-2.8518,110
16.15,2nd Item,6631,Stridebreaker,-0.1548,3542
16.15,2nd Item,6676,The Collector,-3.423,125
16.15,2nd Item,6695,Serpent's Fang,0.8599,3439
16.15,2nd Item,6699,Voltaic Cyclosword,2.5314,552
16.15,3rd Item,2504,Kaenic Rookern,-2.4914,218
16.15,3rd Item,3026,Guardian Angel,-2.0444,109
16.15,3rd Item,3031,Infinity Edge,-1.1298,7543
16.15,3rd Item,3033,Mortal Reminder,-0.1038,41646
16.15,3rd Item,3036,Lord Dominik's Regards,0.8272,3289
16.15,3rd Item,3046,Phantom Dancer,0.5601,20241
16.15,3rd Item,3053,Sterak's Gage,0.6915,2837
16.15,3rd Item,3065,Spirit Visage,0.2201,120
16.15,3rd Item,3071,Black Cleaver,1.8902,2406
16.15,3rd Item,3075,Thornmail,-1.7549,651
16.15,3rd Item,3078,Trinity Force,-4.3391,265
16.15,3rd Item,3091,Wit's End,-4.6985,121
16.15,3rd Item,3097,Stormrazor,-2.4595,116
16.15,3rd Item,3142,Youmuu's Ghostblade,0.9199,5337
16.15,3rd Item,3143,Randuin's Omen,-1.0377,911
16.15,3rd Item,3156,Maw of Malmortius,-0.3126,234
16.15,3rd Item,3161,Spear of Shojin,0.3165,4058
16.15,3rd Item,3181,Hullbreaker,0.2488,1039
16.15,3rd Item,3742,Dead Man's Plate,-0.0941,21650
16.15,3rd Item,4401,Force of Nature,-0.3562,6265
16.15,3rd Item,6333,Death's Dance,-3.3369,576
16.15,3rd Item,6609,Chempunk Chainsword,-2.5854,204
16.15,3rd Item,6631,Stridebreaker,0.7814,476
16.15,3rd Item,6665,"Jak'Sho, The Protean",0.0079,162
16.15,3rd Item,6676,The Collector,-1.8089,211
16.15,3rd Item,6695,Serpent's Fang,-0.2905,2612
16.15,3rd Item,6699,Voltaic Cyclosword,-0.331,3995
16.15,4th+ Item,2504,Kaenic Rookern,1.1974,603
16.15,4th+ Item,2517,Endless Hunger,0.7833,272
16.15,4th+ Item,3026,Guardian Angel,0.9203,1680
16.15,4th+ Item,3031,Infinity Edge,-1.3114,11725
16.15,4th+ Item,3033,Mortal Reminder,-0.283,10343
16.15,4th+ Item,3036,Lord Dominik's Regards,0.0728,2314
16.15,4th+ Item,3046,Phantom Dancer,0.3624,3948
16.15,4th+ Item,3053,Sterak's Gage,1.1016,8466
16.15,4th+ Item,3065,Spirit Visage,-5.0187,166
16.15,4th+ Item,3071,Black Cleaver,-0.6756,1205
16.15,4th+ Item,3075,Thornmail,0.1338,742
16.15,4th+ Item,3078,Trinity Force,2.6819,361
16.15,4th+ Item,3091,Wit's End,-0.745,172
16.15,4th+ Item,3097,Stormrazor,0.2553,239
16.15,4th+ Item,3110,Frozen Heart,4.4232,147
16.15,4th+ Item,3139,Mercurial Scimitar,-1.9794,223
16.15,4th+ Item,3142,Youmuu's Ghostblade,-0.2396,3057
16.15,4th+ Item,3143,Randuin's Omen,0.9453,2303
16.15,4th+ Item,3156,Maw of Malmortius,0.4205,425
16.15,4th+ Item,3161,Spear of Shojin,0.6024,4527
16.15,4th+ Item,3181,Hullbreaker,2.9012,703
16.15,4th+ Item,3742,Dead Man's Plate,0.2534,21650
16.15,4th+ Item,3814,Edge of Night,-0.071,143
16.15,4th+ Item,4401,Force of Nature,-0.502,11993
16.15,4th+ Item,6333,Death's Dance,0.3336,2538
16.15,4th+ Item,6609,Chempunk Chainsword,-3.0982,291
16.15,4th+ Item,6631,Stridebreaker,-2.8595,175
16.15,4th+ Item,6665,"Jak'Sho, The Protean",-1.0503,566
16.15,4th+ Item,6673,Immortal Shieldbow,1.7257,504
16.15,4th+ Item,6676,The Collector,-0.048,401
16.15,4th+ Item,6695,Serpent's Fang,-0.1635,2486
16.15,4th+ Item,6699,Voltaic Cyclosword,0.0766,1363
16.15,All Items,2501,Overlord's Bloodmail,-4.9685,117
16.15,All Items,2502,Unending Despair,0.3353,114
16.15,All Items,2504,Kaenic Rookern,-0.0309,1039
16.15,All Items,2517,Endless Hunger,0.4383,400
16.15,All Items,2520,Bastionbreaker,0.7649,235
16.15,All Items,3026,Guardian Angel,0.6812,1946
16.15,All Items,3031,Infinity Edge,-1.2088,19902
16.15,All Items,3032,Yun Tal Wildarrows,2.7767,249
16.15,All Items,3033,Mortal Reminder,-0.2954,75933
16.15,All Items,3036,Lord Dominik's Regards,0.3563,7615
16.15,All Items,3046,Phantom Dancer,0.2119,112843
16.15,All Items,3053,Sterak's Gage,1.0384,12362
16.15,All Items,3065,Spirit Visage,-2.8714,427
16.15,All Items,3068,Sunfire Aegis,-5.2995,288
16.15,All Items,3071,Black Cleaver,0.1691,12543
16.15,All Items,3075,Thornmail,-1.0375,2232
16.15,All Items,3078,Trinity Force,-1.1643,4792
16.15,All Items,3084,Heartsteel,-8.1578,256
16.15,All Items,3091,Wit's End,-3.5526,441
16.15,All Items,3097,Stormrazor,-3.4788,462
16.15,All Items,3110,Frozen Heart,3.0287,320
16.15,All Items,3139,Mercurial Scimitar,-2.7342,283
16.15,All Items,3142,Youmuu's Ghostblade,0.6258,31330
16.15,All Items,3143,Randuin's Omen,0.2495,4008
16.15,All Items,3156,Maw of Malmortius,-0.4777,890
16.15,All Items,3161,Spear of Shojin,0.0217,10272
16.15,All Items,3181,Hullbreaker,0.3672,3046
16.15,All Items,3742,Dead Man's Plate,-0.0521,49252
16.15,All Items,3814,Edge of Night,0.8093,424
16.15,All Items,4401,Force of Nature,-0.5168,21577
16.15,All Items,6333,Death's Dance,-0.2702,3373
16.15,All Items,6609,Chempunk Chainsword,-3.0637,628
16.15,All Items,6610,Sundered Sky,-9.2713,106
16.15,All Items,6631,Stridebreaker,0.1121,175866
16.15,All Items,6664,Hollow Radiance,-5.0096,196
16.15,All Items,6665,"Jak'Sho, The Protean",-1.1463,808
16.15,All Items,6673,Immortal Shieldbow,0.6775,586
16.15,All Items,6676,The Collector,-0.8136,791
16.15,All Items,6694,Serylda's Grudge,-0.9843,162
16.15,All Items,6695,Serpent's Fang,0.1212,9333
16.15,All Items,6699,Voltaic Cyclosword,-0.0169,5991
16.16,Keystone,8230,Stormraider's Surge,0.6929,20807
16.16,Keystone,8010,Conqueror,-0.2498,57089
16.16,Keystone,8437,Grasp of the Undying,-0.4182,729
16.16,Spell,3,Exhaust,-0.8859,828
16.16,Spell,4,Flash,0.023,77929
16.16,Spell,6,Ghost,-0.63,2790
16.16,Spell,12,Teleport,-4.0386,4023
16.16,Spell,14,Ignite,0.2378,72494
16.16,Starter,1036,Long Sword,-0.0622,364
16.16,Starter,1054,Doran's Shield,-0.6572,44125
16.16,Starter,1055,Doran's Blade,0.9027,23883
16.16,Starter,1083,Cull,1.065,1630
16.16,Starter,1086,Doran's Bow,1.8699,1960
16.16,Starter,1120,Doran's Helm,0.2963,6960
16.16,Boots,3006,Berserker's Greaves,0.3093,51522
16.16,Boots,3009,Boots of Swiftness,0.3693,13429
16.16,Boots,3047,Plated Steelcaps,-0.1693,9581
16.16,Boots,3111,Mercury's Treads,-0.1675,3950
16.16,Boots,3158,Ionian Boots of Lucidity,3.4018,268
16.16,1st Item,3033,Mortal Reminder,-0.137,233
16.16,1st Item,3046,Phantom Dancer,4.2122,252
16.16,1st Item,3071,Black Cleaver,0.8231,758
16.16,1st Item,3078,Trinity Force,0.2062,1198
16.16,1st Item,3142,Youmuu's Ghostblade,-2.1258,375
16.16,1st Item,3742,Dead Man's Plate,2.7139,102
16.16,1st Item,4401,Force of Nature,2.377,158
16.16,1st Item,6631,Stridebreaker,0.0049,73569
16.16,1st Item,6695,Serpent's Fang,2.2952,278
16.16,2nd Item,3031,Infinity Edge,-3.1166,195
16.16,2nd Item,3033,Mortal Reminder,-0.6392,9680
16.16,2nd Item,3036,Lord Dominik's Regards,-1.2581,791
16.16,2nd Item,3046,Phantom Dancer,0.2567,37226
16.16,2nd Item,3053,Sterak's Gage,1.627,443
16.16,2nd Item,3071,Black Cleaver,0.1017,4263
16.16,2nd Item,3075,Thornmail,1.6051,259
16.16,2nd Item,3078,Trinity Force,-0.3941,197
16.16,2nd Item,3142,Youmuu's Ghostblade,-0.4736,9546
16.16,2nd Item,3143,Randuin's Omen,-4.0177,201
16.16,2nd Item,3161,Spear of Shojin,-2.9424,595
16.16,2nd Item,3181,Hullbreaker,0.2115,515
16.16,2nd Item,3742,Dead Man's Plate,0.1442,2115
16.16,2nd Item,4401,Force of Nature,-0.2538,1076
16.16,2nd Item,6631,Stridebreaker,1.7016,1509
16.16,2nd Item,6695,Serpent's Fang,1.0986,1320
16.16,2nd Item,6699,Voltaic Cyclosword,-0.9601,241
16.16,3rd Item,3031,Infinity Edge,-0.8526,3194
16.16,3rd Item,3033,Mortal Reminder,-0.1022,17663
16.16,3rd Item,3036,Lord Dominik's Regards,2.1703,1349
16.16,3rd Item,3046,Phantom Dancer,0.2521,8520
16.16,3rd Item,3053,Sterak's Gage,2.1492,1865
16.16,3rd Item,3071,Black Cleaver,1.6452,1117
16.16,3rd Item,3075,Thornmail,1.1742,292
16.16,3rd Item,3142,Youmuu's Ghostblade,-0.4718,2281
16.16,3rd Item,3143,Randuin's Omen,2.2132,378
16.16,3rd Item,3161,Spear of Shojin,-0.3087,1551
16.16,3rd Item,3181,Hullbreaker,0.9429,407
16.16,3rd Item,3742,Dead Man's Plate,-0.4379,9046
16.16,3rd Item,4401,Force of Nature,-0.5793,2286
16.16,3rd Item,6333,Death's Dance,-1.1389,225
16.16,3rd Item,6631,Stridebreaker,0.0114,193
16.16,3rd Item,6676,The Collector,-4.429,125
16.16,3rd Item,6695,Serpent's Fang,1.6229,1011
16.16,3rd Item,6699,Voltaic Cyclosword,-1.448,1486
16.16,4th+ Item,2504,Kaenic Rookern,-3.4466,223
16.16,4th+ Item,2517,Endless Hunger,0.4957,117
16.16,4th+ Item,3026,Guardian Angel,1.3777,670
16.16,4th+ Item,3031,Infinity Edge,-2.1476,4796
16.16,4th+ Item,3033,Mortal Reminder,-0.1608,4153
16.16,4th+ Item,3036,Lord Dominik's Regards,1.8318,979
16.16,4th+ Item,3046,Phantom Dancer,0.9356,1645
16.16,4th+ Item,3053,Sterak's Gage,0.7406,3609
16.16,4th+ Item,3071,Black Cleaver,1.7416,475
16.16,4th+ Item,3075,Thornmail,-1.7305,329
16.16,4th+ Item,3078,Trinity Force,-2.1862,128
16.16,4th+ Item,3142,Youmuu's Ghostblade,0.5524,1393
16.16,4th+ Item,3143,Randuin's Omen,0.3334,1017
16.16,4th+ Item,3156,Maw of Malmortius,-0.2886,169
16.16,4th+ Item,3161,Spear of Shojin,-0.2871,1545
16.16,4th+ Item,3181,Hullbreaker,0.4999,321
16.16,4th+ Item,3742,Dead Man's Plate,0.2923,9191
16.16,4th+ Item,4401,Force of Nature,0.1547,5044
16.16,4th+ Item,6333,Death's Dance,-0.7261,990
16.16,4th+ Item,6609,Chempunk Chainsword,4.0837,127
16.16,4th+ Item,6665,"Jak'Sho, The Protean",-0.4001,209
16.16,4th+ Item,6673,Immortal Shieldbow,2.4664,219
16.16,4th+ Item,6676,The Collector,-3.4777,184
16.16,4th+ Item,6695,Serpent's Fang,1.6654,952
16.16,4th+ Item,6699,Voltaic Cyclosword,0.3353,556
16.16,All Items,2504,Kaenic Rookern,-3.8728,395
16.16,All Items,2517,Endless Hunger,-1.4517,149
16.16,All Items,2520,Bastionbreaker,-2.3862,142
16.16,All Items,3026,Guardian Angel,1.2052,763
16.16,All Items,3031,Infinity Edge,-1.6694,8235
16.16,All Items,3033,Mortal Reminder,-0.2752,31753
16.16,All Items,3036,Lord Dominik's Regards,1.1009,3154
16.16,All Items,3046,Phantom Dancer,0.2976,47662
16.16,All Items,3053,Sterak's Gage,1.2472,5978
16.16,All Items,3065,Spirit Visage,-1.2117,134
16.16,All Items,3068,Sunfire Aegis,-1.4779,138
16.16,All Items,3071,Black Cleaver,0.5826,6626
16.16,All Items,3075,Thornmail,0.324,952
16.16,All Items,3078,Trinity Force,-0.1646,1623
16.16,All Items,3084,Heartsteel,2.2858,125
16.16,All Items,3091,Wit's End,-4.8061,179
16.16,All Items,3097,Stormrazor,5.4554,223
16.16,All Items,3110,Frozen Heart,-7.3781,115
16.16,All Items,3139,Mercurial Scimitar,2.9368,115
16.16,All Items,3142,Youmuu's Ghostblade,-0.4093,13628
16.16,All Items,3143,Randuin's Omen,0.104,1674
16.16,All Items,3156,Maw of Malmortius,-3.244,318
16.16,All Items,3161,Spear of Shojin,-0.6772,3765
16.16,All Items,3181,Hullbreaker,0.2019,1331
16.16,All Items,3742,Dead Man's Plate,-0.0353,20506
16.16,All Items,3814,Edge of Night,-2.5695,179
16.16,All Items,4401,Force of Nature,-0.0466,8600
16.16,All Items,6333,Death's Dance,-0.4112,1319
16.16,All Items,6609,Chempunk Chainsword,5.2058,241
16.16,All Items,6631,Stridebreaker,0.0425,75337
16.16,All Items,6665,"Jak'Sho, The Protean",-1.2146,282
16.16,All Items,6673,Immortal Shieldbow,2.5949,252
16.16,All Items,6676,The Collector,-2.488,380
16.16,All Items,6695,Serpent's Fang,1.4592,3582
16.16,All Items,6699,Voltaic Cyclosword,-1.0035,2331
16.17,Keystone,8230,Stormraider's Surge,0.9011,22996
16.17,Keystone,8010,Conqueror,-0.2243,67982
16.17,Keystone,8021,Fleet Footwork,1.8029,193
16.17,Keystone,8360,Unsealed Spellbook,-2.2959,108
16.17,Keystone,8437,Grasp of the Undying,-4.3161,816
16.17,Spell,3,Exhaust,-2.8994,1052
16.17,Spell,4,Flash,0.0409,91294
16.17,Spell,6,Ghost,-0.2375,3158
16.17,Spell,12,Teleport,-2.7802,4110
16.17,Spell,14,Ignite,0.1401,85002
16.17,Starter,1036,Long Sword,-1.0459,442
16.17,Starter,1054,Doran's Shield,-0.959,50452
16.17,Starter,1055,Doran's Blade,1.4834,29933
16.17,Starter,1083,Cull,-0.535,1373
16.17,Starter,1086,Doran's Bow,1.8592,2631
16.17,Starter,1120,Doran's Helm,0.0391,7364
16.17,Boots,3006,Berserker's Greaves,0.0747,61291
16.17,Boots,3008,Gluttonous Greaves,-0.8614,114
16.17,Boots,3009,Boots of Swiftness,0.9859,14779
16.17,Boots,3047,Plated Steelcaps,0.1537,11177
16.17,Boots,3111,Mercury's Treads,-0.1693,4473
16.17,Boots,3158,Ionian Boots of Lucidity,0.9421,293
16.17,1st Item,3033,Mortal Reminder,-2.2859,303
16.17,1st Item,3046,Phantom Dancer,-4.8014,565
16.17,1st Item,3068,Sunfire Aegis,-5.6456,104
16.17,1st Item,3071,Black Cleaver,0.6349,938
16.17,1st Item,3078,Trinity Force,0.7006,1245
16.17,1st Item,3142,Youmuu's Ghostblade,3.148,465
16.17,1st Item,3742,Dead Man's Plate,1.5625,126
16.17,1st Item,4401,Force of Nature,-3.2354,182
16.17,1st Item,6631,Stridebreaker,0.0673,85896
16.17,1st Item,6695,Serpent's Fang,-1.9986,303
16.17,2nd Item,3031,Infinity Edge,-0.7759,236
16.17,2nd Item,3033,Mortal Reminder,-0.7087,12145
16.17,2nd Item,3036,Lord Dominik's Regards,0.6868,1006
16.17,2nd Item,3046,Phantom Dancer,-0.0566,42677
16.17,2nd Item,3053,Sterak's Gage,0.4403,507
16.17,2nd Item,3071,Black Cleaver,0.9088,4699
16.17,2nd Item,3075,Thornmail,-1.1952,327
16.17,2nd Item,3078,Trinity Force,6.916,236
16.17,2nd Item,3097,Stormrazor,-6.4084,142
16.17,2nd Item,3142,Youmuu's Ghostblade,0.5757,11735
16.17,2nd Item,3143,Randuin's Omen,4.0225,257
16.17,2nd Item,3161,Spear of Shojin,-0.0275,669
16.17,2nd Item,3181,Hullbreaker,0.6389,491
16.17,2nd Item,3742,Dead Man's Plate,-0.8664,2413
16.17,2nd Item,4401,Force of Nature,-0.8118,1161
16.17,2nd Item,6631,Stridebreaker,1.6048,1754
16.17,2nd Item,6695,Serpent's Fang,0.2364,1536
16.17,2nd Item,6699,Voltaic Cyclosword,0.683,294
16.17,3rd Item,2504,Kaenic Rookern,-1.3756,105
16.17,3rd Item,2520,Bastionbreaker,-1.9958,154
16.17,3rd Item,3031,Infinity Edge,-0.8358,3625
16.17,3rd Item,3033,Mortal Reminder,-0.6239,20070
16.17,3rd Item,3036,Lord Dominik's Regards,1.4739,1665
16.17,3rd Item,3046,Phantom Dancer,0.4237,10666
16.17,3rd Item,3053,Sterak's Gage,1.6527,2080
16.17,3rd Item,3071,Black Cleaver,1.9878,1333
16.17,3rd Item,3075,Thornmail,-3.5555,314
16.17,3rd Item,3142,Youmuu's Ghostblade,0.1096,2829
16.17,3rd Item,3143,Randuin's Omen,1.248,503
16.17,3rd Item,3156,Maw of Malmortius,7.6514,101
16.17,3rd Item,3161,Spear of Shojin,1.1559,1703
16.17,3rd Item,3181,Hullbreaker,5.1597,383
16.17,3rd Item,3742,Dead Man's Plate,-0.0357,10587
16.17,3rd Item,4401,Force of Nature,-0.3157,2705
16.17,3rd Item,6333,Death's Dance,-1.1129,328
16.17,3rd Item,6631,Stridebreaker,-0.8197,248
16.17,3rd Item,6676,The Collector,-2.0986,106
16.17,3rd Item,6695,Serpent's Fang,1.0913,1236
16.17,3rd Item,6699,Voltaic Cyclosword,-0.0673,1630
16.17,4th+ Item,2504,Kaenic Rookern,0.0741,241
16.17,4th+ Item,2517,Endless Hunger,3.3154,109
16.17,4th+ Item,3026,Guardian Angel,1.0006,718
16.17,4th+ Item,3031,Infinity Edge,-1.9316,5430
16.17,4th+ Item,3033,Mortal Reminder,1.1291,4901
16.17,4th+ Item,3036,Lord Dominik's Regards,0.1632,1057
16.17,4th+ Item,3046,Phantom Dancer,-1.7766,1998
16.17,4th+ Item,3053,Sterak's Gage,2.6435,4251
16.17,4th+ Item,3071,Black Cleaver,-1.1416,591
16.17,4th+ Item,3075,Thornmail,0.9431,394
16.17,4th+ Item,3078,Trinity Force,-1.8816,145
16.17,4th+ Item,3097,Stormrazor,-3.2017,122
16.17,4th+ Item,3142,Youmuu's Ghostblade,0.1553,1731
16.17,4th+ Item,3143,Randuin's Omen,-1.5367,1274
16.17,4th+ Item,3156,Maw of Malmortius,1.2403,145
16.17,4th+ Item,3161,Spear of Shojin,-0.9872,1614
16.17,4th+ Item,3181,Hullbreaker,1.254,334
16.17,4th+ Item,3742,Dead Man's Plate,0.2173,10832
16.17,4th+ Item,4401,Force of Nature,-0.4795,5869
16.17,4th+ Item,6333,Death's Dance,0.3272,1202
16.17,4th+ Item,6609,Chempunk Chainsword,0.1399,121
16.17,4th+ Item,6665,"Jak'Sho, The Protean",-1.589,287
16.17,4th+ Item,6673,Immortal Shieldbow,-1.1433,248
16.17,4th+ Item,6676,The Collector,0.5214,182
16.17,4th+ Item,6695,Serpent's Fang,0.4599,1079
16.17,4th+ Item,6699,Voltaic Cyclosword,-0.1591,609
16.17,All Items,2504,Kaenic Rookern,-0.5727,428
16.17,All Items,2517,Endless Hunger,0.1587,192
16.17,All Items,2520,Bastionbreaker,-0.4413,297
16.17,All Items,3026,Guardian Angel,0.3862,840
16.17,All Items,3031,Infinity Edge,-1.4503,9366
16.17,All Items,3033,Mortal Reminder,-0.441,37457
16.17,All Items,3036,Lord Dominik's Regards,0.901,3767
16.17,All Items,3046,Phantom Dancer,-0.0743,55931
16.17,All Items,3053,Sterak's Gage,2.1213,6926
16.17,All Items,3065,Spirit Visage,-0.041,164
16.17,All Items,3068,Sunfire Aegis,-4.7129,145
16.17,All Items,3071,Black Cleaver,0.8933,7580
16.17,All Items,3075,Thornmail,-1.2066,1115
16.17,All Items,3078,Trinity Force,1.5398,1728
16.17,All Items,3091,Wit's End,-4.1276,194
16.17,All Items,3097,Stormrazor,-4.1696,381
16.17,All Items,3110,Frozen Heart,0.7728,161
16.17,All Items,3139,Mercurial Scimitar,-0.9626,125
16.17,All Items,3142,Youmuu's Ghostblade,0.5164,16787
16.17,All Items,3143,Randuin's Omen,-0.2627,2141
16.17,All Items,3156,Maw of Malmortius,1.967,339
16.17,All Items,3161,Spear of Shojin,0.0215,4063
16.17,All Items,3181,Hullbreaker,2.4079,1239
16.17,All Items,3742,Dead Man's Plate,0.0041,23996
16.17,All Items,3814,Edge of Night,-3.0833,173
16.17,All Items,4401,Force of Nature,-0.5235,9968
16.17,All Items,6333,Death's Dance,-0.2727,1675
16.17,All Items,6609,Chempunk Chainsword,-0.9434,266
16.17,All Items,6631,Stridebreaker,0.0951,87991
16.17,All Items,6665,"Jak'Sho, The Protean",-0.5789,383
16.17,All Items,6673,Immortal Shieldbow,-1.9779,284
16.17,All Items,6676,The Collector,-1.4649,374
16.17,All Items,6695,Serpent's Fang,0.3981,4165
16.17,All Items,6699,Voltaic Cyclosword,0.0095,2563
