patch,category,id,name,wpa,sample_size
16.1,Keystone,8369,First Strike,1.9722,788
16.1,Keystone,8214,Summon Aery,-0.0946,69169
16.1,Keystone,8465,Guardian,3.1444,13016
16.1,Keystone,8360,Unsealed Spellbook,-5.2161,130
16.1,Keystone,8229,Arcane Comet,-2.47,14118
16.1,Keystone,8128,Dark Harvest,-2.0393,415
16.1,Keystone,8112,Electrocute,-3.1644,817
16.1,Keystone,8351,Glacial Augment,5.0033,719
16.1,Spell,3,Exhaust,-0.5894,13634
16.1,Spell,4,Flash,0.0064,99392
16.1,Spell,7,Heal,0.3062,81105
16.1,Spell,12,Teleport,-1.7105,154
16.1,Spell,14,Ignite,-3.3311,4314
16.1,Spell,21,Barrier,-10.2853,208
16.1,Starter,3865,World Atlas,-0.0,99438
16.1,Boots,3009,Boots of Swiftness,-0.7639,4066
16.1,Boots,3020,Sorcerer's Shoes,-2.2892,3724
16.1,Boots,3047,Plated Steelcaps,-1.1313,552
16.1,Boots,3111,Mercury's Treads,0.5776,879
16.1,Boots,3158,Ionian Boots of Lucidity,0.1212,82997
16.1,2nd Item,2065,Shurelya's Battlesong,1.9732,573
16.1,2nd Item,2503,Blackfire Torch,-3.4605,3676
16.1,2nd Item,2522,Actualizer,-10.302,109
16.1,2nd Item,2524,Bandlepipes,0.5886,555
16.1,2nd Item,2526,Whispering Circlet,-0.7137,10303
16.1,2nd Item,3003,Archangel's Staff,-1.783,3507
16.1,2nd Item,3107,Redemption,-0.3497,7893
16.1,2nd Item,3116,Rylai's Crystal Scepter,-1.404,22652
16.1,2nd Item,3118,Malignance,-2.1235,634
16.1,2nd Item,3190,Locket of the Iron Solari,2.8683,126
16.1,2nd Item,3222,Mikael's Blessing,-3.0046,839
16.1,2nd Item,3504,Ardent Censer,0.8062,319
16.1,2nd Item,4005,Imperial Mandate,-0.323,478
16.1,2nd Item,6616,Staff of Flowing Water,-6.2291,103
16.1,2nd Item,6617,Moonstone Renewer,-0.2418,7595
16.1,2nd Item,6620,Echoes of Helia,2.1503,34087
16.1,2nd Item,6653,Liandry's Torment,-3.3395,424
16.1,2nd Item,6655,Luden's Echo,-3.7734,1181
16.1,3rd Item,2065,Shurelya's Battlesong,-1.3273,455
16.1,3rd Item,2503,Blackfire Torch,-3.6617,2625
16.1,3rd Item,2522,Actualizer,-2.391,147
16.1,3rd Item,2524,Bandlepipes,-0.4215,1482
16.1,3rd Item,2526,Whispering Circlet,1.4443,29593
16.1,3rd Item,3003,Archangel's Staff,-0.7703,4210
16.1,3rd Item,3107,Redemption,-0.6797,9647
16.1,3rd Item,3116,Rylai's Crystal Scepter,-1.0887,7787
16.1,3rd Item,3118,Malignance,-7.0886,522
16.1,3rd Item,3157,Zhonya's Hourglass,-2.0737,859
16.1,3rd Item,3165,Morellonomicon,-2.2823,583
16.1,3rd Item,3190,Locket of the Iron Solari,3.0611,347
16.1,3rd Item,3222,Mikael's Blessing,-1.3458,1459
16.1,3rd Item,3504,Ardent Censer,1.3956,658
16.1,3rd Item,4005,Imperial Mandate,-0.0045,602
16.1,3rd Item,4628,Horizon Focus,0.0229,187
16.1,3rd Item,4645,Shadowflame,-4.8363,290
16.1,3rd Item,4646,Stormsurge,-8.4524,116
16.1,3rd Item,6616,Staff of Flowing Water,1.7567,219
16.1,3rd Item,6617,Moonstone Renewer,-0.0641,10906
16.1,3rd Item,6620,Echoes of Helia,0.509,6647
16.1,3rd Item,6621,Dawncore,-0.9721,363
16.1,3rd Item,6653,Liandry's Torment,-4.8209,737
16.1,3rd Item,6655,Luden's Echo,-5.1099,294
16.1,4th+ Item,2065,Shurelya's Battlesong,2.6078,662
16.1,4th+ Item,2503,Blackfire Torch,-0.164,1432
16.1,4th+ Item,2522,Actualizer,-3.302,146
16.1,4th+ Item,2524,Bandlepipes,-0.5738,1228
16.1,4th+ Item,2526,Whispering Circlet,0.1755,2975
16.1,4th+ Item,3003,Archangel's Staff,-2.7916,1222
16.1,4th+ Item,3041,Mejai's Soulstealer,-4.9236,218
16.1,4th+ Item,3089,Rabadon's Deathcap,-5.2862,351
16.1,4th+ Item,3102,Banshee's Veil,2.2247,202
16.1,4th+ Item,3107,Redemption,0.0197,8375
16.1,4th+ Item,3116,Rylai's Crystal Scepter,-1.2279,3943
16.1,4th+ Item,3118,Malignance,-2.9637,255
16.1,4th+ Item,3137,Cryptbloom,-1.9187,269
16.1,4th+ Item,3157,Zhonya's Hourglass,-2.2495,1135
16.1,4th+ Item,3165,Morellonomicon,-2.1555,2419
16.1,4th+ Item,3190,Locket of the Iron Solari,2.2845,646
16.1,4th+ Item,3222,Mikael's Blessing,-0.2507,1682
16.1,4th+ Item,3504,Ardent Censer,0.5752,1214
16.1,4th+ Item,4005,Imperial Mandate,-1.1708,541
16.1,4th+ Item,4628,Horizon Focus,0.3366,255
16.1,4th+ Item,4645,Shadowflame,-2.7021,254
16.1,4th+ Item,6616,Staff of Flowing Water,1.2467,635
16.1,4th+ Item,6617,Moonstone Renewer,0.913,14039
16.1,4th+ Item,6620,Echoes of Helia,1.8943,3569
16.1,4th+ Item,6621,Dawncore,-0.2458,4089
16.1,4th+ Item,6653,Liandry's Torment,-0.3299,662
16.1,4th+ Item,6655,Luden's Echo,-1.9401,157
16.1,All Items,2065,Shurelya's Battlesong,1.307,1699
16.1,All Items,2503,Blackfire Torch,-2.9183,7734
16.1,All Items,2522,Actualizer,-4.829,404
16.1,All Items,2524,Bandlepipes,-0.2968,3271
16.1,All Items,2526,Whispering Circlet,0.8376,42876
16.1,All Items,3003,Archangel's Staff,-1.4438,8940
16.1,All Items,3041,Mejai's Soulstealer,-4.2646,344
16.1,All Items,3089,Rabadon's Deathcap,-5.1299,411
16.1,All Items,3102,Banshee's Veil,0.2826,248
16.1,All Items,3107,Redemption,-0.3513,25936
16.1,All Items,3109,Knight's Vow,-1.8944,106
16.1,All Items,3110,Frozen Heart,6.8836,152
16.1,All Items,3116,Rylai's Crystal Scepter,-1.312,34397
16.1,All Items,3118,Malignance,-4.1507,1414
16.1,All Items,3135,Void Staff,2.0863,119
16.1,All Items,3137,Cryptbloom,-3.8148,361
16.1,All Items,3157,Zhonya's Hourglass,-2.2154,2047
16.1,All Items,3165,Morellonomicon,-2.0451,3088
16.1,All Items,3190,Locket of the Iron Solari,2.5725,1124
16.1,All Items,3222,Mikael's Blessing,-1.2314,3989
16.1,All Items,3504,Ardent Censer,0.8703,2197
16.1,All Items,4005,Imperial Mandate,-0.4825,1625
16.1,All Items,4628,Horizon Focus,-0.2503,457
16.1,All Items,4629,Cosmic Drive,0.4218,152
16.1,All Items,4645,Shadowflame,-3.9909,558
16.1,All Items,4646,Stormsurge,-7.7381,196
16.1,All Items,6616,Staff of Flowing Water,0.5565,961
16.1,All Items,6617,Moonstone Renewer,0.3162,32556
16.1,All Items,6620,Echoes of Helia,1.8831,44312
16.1,All Items,6621,Dawncore,-0.2994,4524
16.1,All Items,6653,Liandry's Torment,-2.8346,1830
16.1,All Items,6655,Luden's Echo,-3.8354,1633
16.1,All Items,8010,Bloodletter's Curse,-3.6632,155
16.2,Keystone,8369,First Strike,0.3692,706
16.2,Keystone,8214,Summon Aery,0.1015,72808
16.2,Keystone,8465,Guardian,2.3441,9865
16.2,Keystone,8229,Arcane Comet,-1.9744,14263
16.2,Keystone,8128,Dark Harvest,-4.9792,412
16.2,Keystone,8112,Electrocute,-1.8466,834
16.2,Keystone,8351,Glacial Augment,6.2457,614
16.2,Spell,3,Exhaust,-1.1221,13230
16.2,Spell,4,Flash,-0.0003,99797
16.2,Spell,7,Heal,0.3372,82311
16.2,Spell,12,Teleport,-3.9236,113
16.2,Spell,14,Ignite,-3.1975,3933
16.2,Spell,21,Barrier,-3.0244,204
16.2,Starter,3865,World Atlas,-0.0,99826
16.2,Boots,3009,Boots of Swiftness,-0.098,4113
16.2,Boots,3020,Sorcerer's Shoes,-3.3081,3794
16.2,Boots,3047,Plated Steelcaps,-0.1567,579
16.2,Boots,3111,Mercury's Treads,-1.9485,832
16.2,Boots,3158,Ionian Boots of Lucidity,0.1928,83972
16.2,2nd Item,2065,Shurelya's Battlesong,-0.8963,553
16.2,2nd Item,2503,Blackfire Torch,-3.5745,3388
16.2,2nd Item,2524,Bandlepipes,-3.9135,254
16.2,2nd Item,2526,Whispering Circlet,-1.615,9539
16.2,2nd Item,3003,Archangel's Staff,-1.2158,2010
16.2,2nd Item,3107,Redemption,2.0976,3811
16.2,2nd Item,3116,Rylai's Crystal Scepter,-0.8377,21808
16.2,2nd Item,3118,Malignance,-2.5313,515
16.2,2nd Item,3190,Locket of the Iron Solari,1.7672,172
16.2,2nd Item,3222,Mikael's Blessing,-0.2476,883
16.2,2nd Item,3504,Ardent Censer,-0.0518,317
16.2,2nd Item,4005,Imperial Mandate,2.6672,568
16.2,2nd Item,6617,Moonstone Renewer,-1.1122,5716
16.2,2nd Item,6620,Echoes of Helia,1.2556,44078
16.2,2nd Item,6653,Liandry's Torment,-0.3573,474
16.2,2nd Item,6655,Luden's Echo,-4.7389,1295
16.2,3rd Item,2065,Shurelya's Battlesong,-1.7741,544
16.2,3rd Item,2503,Blackfire Torch,-2.8899,2429
16.2,3rd Item,2524,Bandlepipes,-1.4733,1192
16.2,3rd Item,2526,Whispering Circlet,0.7469,36032
16.2,3rd Item,3003,Archangel's Staff,0.2427,2923
16.2,3rd Item,3041,Mejai's Soulstealer,1.3554,117
16.2,3rd Item,3107,Redemption,-0.2964,7807
16.2,3rd Item,3116,Rylai's Crystal Scepter,-1.1297,8132
16.2,3rd Item,3118,Malignance,-2.4124,441
16.2,3rd Item,3157,Zhonya's Hourglass,-2.9033,552
16.2,3rd Item,3165,Morellonomicon,0.5289,628
16.2,3rd Item,3190,Locket of the Iron Solari,2.7506,312
16.2,3rd Item,3222,Mikael's Blessing,0.6045,1269
16.2,3rd Item,3504,Ardent Censer,-0.0898,530
16.2,3rd Item,4005,Imperial Mandate,0.2598,530
16.2,3rd Item,4628,Horizon Focus,0.1214,145
16.2,3rd Item,4645,Shadowflame,-6.1734,261
16.2,3rd Item,4646,Stormsurge,-3.6551,102
16.2,3rd Item,6616,Staff of Flowing Water,-0.2108,229
16.2,3rd Item,6617,Moonstone Renewer,0.1547,8896
16.2,3rd Item,6620,Echoes of Helia,0.214,6729
16.2,3rd Item,6621,Dawncore,-1.2711,291
16.2,3rd Item,6653,Liandry's Torment,-3.5491,1007
16.2,3rd Item,6655,Luden's Echo,-1.7156,499
16.2,4th+ Item,2065,Shurelya's Battlesong,-1.5197,665
16.2,4th+ Item,2503,Blackfire Torch,-0.7922,1138
16.2,4th+ Item,2524,Bandlepipes,1.7063,749
16.2,4th+ Item,2526,Whispering Circlet,-0.3014,4091
16.2,4th+ Item,3003,Archangel's Staff,-1.776,938
16.2,4th+ Item,3041,Mejai's Soulstealer,1.997,232
16.2,4th+ Item,3089,Rabadon's Deathcap,-3.8201,262
16.2,4th+ Item,3102,Banshee's Veil,1.2601,190
16.2,4th+ Item,3107,Redemption,-0.0002,9236
16.2,4th+ Item,3116,Rylai's Crystal Scepter,0.2402,4861
16.2,4th+ Item,3118,Malignance,-0.7038,213
16.2,4th+ Item,3137,Cryptbloom,-1.6125,210
16.2,4th+ Item,3157,Zhonya's Hourglass,-1.634,698
16.2,4th+ Item,3165,Morellonomicon,-1.8468,2442
16.2,4th+ Item,3190,Locket of the Iron Solari,2.1038,587
16.2,4th+ Item,3222,Mikael's Blessing,-0.5108,1316
16.2,4th+ Item,3504,Ardent Censer,0.3356,1080
16.2,4th+ Item,4005,Imperial Mandate,-1.3656,453
16.2,4th+ Item,4628,Horizon Focus,2.1139,222
16.2,4th+ Item,4645,Shadowflame,-1.3385,251
16.2,4th+ Item,6616,Staff of Flowing Water,0.812,531
16.2,4th+ Item,6617,Moonstone Renewer,0.76,15273
16.2,4th+ Item,6620,Echoes of Helia,0.6527,3195
16.2,4th+ Item,6621,Dawncore,-0.2142,2807
16.2,4th+ Item,6653,Liandry's Torment,-3.1625,1100
16.2,4th+ Item,6655,Luden's Echo,-2.4561,284
16.2,4th+ Item,8010,Bloodletter's Curse,-4.7878,141
16.2,All Items,2065,Shurelya's Battlesong,-1.3626,1772
16.2,All Items,2503,Blackfire Torch,-2.8781,6960
16.2,All Items,2522,Actualizer,-3.9285,101
16.2,All Items,2524,Bandlepipes,-0.6701,2197
16.2,All Items,2526,Whispering Circlet,0.2055,49668
16.2,All Items,3003,Archangel's Staff,-0.5784,5874
16.2,All Items,3041,Mejai's Soulstealer,1.7852,374
16.2,All Items,3050,Zeke's Convergence,-0.0889,108
16.2,All Items,3089,Rabadon's Deathcap,-4.6036,307
16.2,All Items,3102,Banshee's Veil,-0.3922,277
16.2,All Items,3107,Redemption,0.2708,20869
16.2,All Items,3109,Knight's Vow,-1.3863,113
16.2,All Items,3110,Frozen Heart,-3.3834,112
16.2,All Items,3116,Rylai's Crystal Scepter,-0.7552,34814
16.2,All Items,3118,Malignance,-2.1481,1173
16.2,All Items,3137,Cryptbloom,-3.0215,291
16.2,All Items,3157,Zhonya's Hourglass,-2.2035,1292
16.2,All Items,3165,Morellonomicon,-1.4641,3163
16.2,All Items,3190,Locket of the Iron Solari,2.2298,1075
16.2,All Items,3222,Mikael's Blessing,-0.0367,3474
16.2,All Items,3504,Ardent Censer,0.1633,1932
16.2,All Items,4005,Imperial Mandate,0.6655,1555
16.2,All Items,4628,Horizon Focus,1.058,371
16.2,All Items,4629,Cosmic Drive,-2.009,123
16.2,All Items,4645,Shadowflame,-3.5999,537
16.2,All Items,4646,Stormsurge,-3.8705,183
16.2,All Items,6616,Staff of Flowing Water,0.645,858
16.2,All Items,6617,Moonstone Renewer,0.2215,29904
16.2,All Items,6620,Echoes of Helia,1.0899,54012
16.2,All Items,6621,Dawncore,-0.4031,3161
16.2,All Items,6653,Liandry's Torment,-2.7852,2593
16.2,All Items,6655,Luden's Echo,-3.7132,2083
16.2,All Items,8010,Bloodletter's Curse,-2.4031,194
16.3,Keystone,8369,First Strike,0.6826,582
16.3,Keystone,8214,Summon Aery,0.126,83182
16.3,Keystone,8465,Guardian,1.7789,9786
16.3,Keystone,8229,Arcane Comet,-1.4551,17587
16.3,Keystone,8128,Dark Harvest,-8.6392,554
16.3,Keystone,8112,Electrocute,-0.4263,1000
16.3,Keystone,8351,Glacial Augment,4.9219,990
16.3,Spell,3,Exhaust,-1.3311,15493
16.3,Spell,4,Flash,0.0053,113988
16.3,Spell,7,Heal,0.4383,92912
16.3,Spell,12,Teleport,-7.8893,136
16.3,Spell,14,Ignite,-3.407,5283
16.3,Spell,21,Barrier,-5.5793,235
16.3,Starter,3865,World Atlas,-0.0,114052
16.3,Boots,3009,Boots of Swiftness,-0.8252,4221
16.3,Boots,3020,Sorcerer's Shoes,-3.1871,4959
16.3,Boots,3047,Plated Steelcaps,2.173,830
16.3,Boots,3111,Mercury's Treads,-0.2655,1035
16.3,Boots,3158,Ionian Boots of Lucidity,0.2922,95074
16.3,2nd Item,2065,Shurelya's Battlesong,-0.0812,678
16.3,2nd Item,2503,Blackfire Torch,-3.9321,3855
16.3,2nd Item,2524,Bandlepipes,-1.4151,144
16.3,2nd Item,2526,Whispering Circlet,-0.6101,7457
16.3,2nd Item,3003,Archangel's Staff,-0.7037,2278
16.3,2nd Item,3107,Redemption,0.8176,2450
16.3,2nd Item,3116,Rylai's Crystal Scepter,-1.3801,24742
16.3,2nd Item,3118,Malignance,-2.8586,719
16.3,2nd Item,3165,Morellonomicon,-0.3775,102
16.3,2nd Item,3190,Locket of the Iron Solari,0.0454,265
16.3,2nd Item,3222,Mikael's Blessing,1.535,1003
16.3,2nd Item,3504,Ardent Censer,2.3986,270
16.3,2nd Item,4005,Imperial Mandate,1.7243,535
16.3,2nd Item,6617,Moonstone Renewer,-0.1175,5357
16.3,2nd Item,6620,Echoes of Helia,1.0877,56442
16.3,2nd Item,6653,Liandry's Torment,-5.166,666
16.3,2nd Item,6655,Luden's Echo,-3.0915,1617
16.3,2nd Item,6657,Rod of Ages,-3.575,149
16.3,3rd Item,2065,Shurelya's Battlesong,-1.8818,618
16.3,3rd Item,2503,Blackfire Torch,-2.027,1722
16.3,3rd Item,2524,Bandlepipes,0.2387,846
16.3,3rd Item,2526,Whispering Circlet,0.9218,40839
16.3,3rd Item,3003,Archangel's Staff,-1.409,2480
16.3,3rd Item,3041,Mejai's Soulstealer,-5.9369,193
16.3,3rd Item,3102,Banshee's Veil,-7.6097,104
16.3,3rd Item,3107,Redemption,0.129,4209
16.3,3rd Item,3116,Rylai's Crystal Scepter,-1.3711,10777
16.3,3rd Item,3118,Malignance,-2.7919,481
16.3,3rd Item,3157,Zhonya's Hourglass,-6.1912,599
16.3,3rd Item,3165,Morellonomicon,-1.4185,988
16.3,3rd Item,3190,Locket of the Iron Solari,0.9876,359
16.3,3rd Item,3222,Mikael's Blessing,0.6795,1348
16.3,3rd Item,3504,Ardent Censer,1.2455,595
16.3,3rd Item,4005,Imperial Mandate,0.5423,645
16.3,3rd Item,4628,Horizon Focus,0.7287,165
16.3,3rd Item,4645,Shadowflame,-3.3112,360
16.3,3rd Item,4646,Stormsurge,-7.3728,141
16.3,3rd Item,6616,Staff of Flowing Water,4.8899,190
16.3,3rd Item,6617,Moonstone Renewer,-0.2554,13616
16.3,3rd Item,6620,Echoes of Helia,0.3293,9087
16.3,3rd Item,6621,Dawncore,-0.5676,254
16.3,3rd Item,6653,Liandry's Torment,-2.5282,1604
16.3,3rd Item,6655,Luden's Echo,-2.2826,717
16.3,4th+ Item,2065,Shurelya's Battlesong,-0.8171,736
16.3,4th+ Item,2503,Blackfire Torch,-1.8245,1546
16.3,4th+ Item,2524,Bandlepipes,-0.3984,556
16.3,4th+ Item,2526,Whispering Circlet,0.2551,4606
16.3,4th+ Item,3003,Archangel's Staff,-0.1953,605
16.3,4th+ Item,3041,Mejai's Soulstealer,2.4896,355
16.3,4th+ Item,3089,Rabadon's Deathcap,-0.8474,402
16.3,4th+ Item,3102,Banshee's Veil,2.2519,193
16.3,4th+ Item,3107,Redemption,0.5915,8230
16.3,4th+ Item,3109,Knight's Vow,2.2611,106
16.3,4th+ Item,3110,Frozen Heart,-3.1263,102
16.3,4th+ Item,3116,Rylai's Crystal Scepter,-0.0629,6090
16.3,4th+ Item,3118,Malignance,-3.2904,251
16.3,4th+ Item,3137,Cryptbloom,2.4969,215
16.3,4th+ Item,3157,Zhonya's Hourglass,-1.1203,823
16.3,4th+ Item,3165,Morellonomicon,-0.9298,3706
16.3,4th+ Item,3190,Locket of the Iron Solari,1.5744,633
16.3,4th+ Item,3222,Mikael's Blessing,0.4041,1358
16.3,4th+ Item,3504,Ardent Censer,-0.8448,1010
16.3,4th+ Item,4005,Imperial Mandate,-1.366,455
16.3,4th+ Item,4628,Horizon Focus,-0.6723,226
16.3,4th+ Item,4645,Shadowflame,-5.3182,298
16.3,4th+ Item,6616,Staff of Flowing Water,1.3404,558
16.3,4th+ Item,6617,Moonstone Renewer,0.3966,19370
16.3,4th+ Item,6620,Echoes of Helia,-0.0989,3604
16.3,4th+ Item,6621,Dawncore,-0.0885,2800
16.3,4th+ Item,6653,Liandry's Torment,-1.3911,1384
16.3,4th+ Item,6655,Luden's Echo,-3.6605,341
16.3,4th+ Item,8010,Bloodletter's Curse,-1.3178,106
16.3,All Items,2065,Shurelya's Battlesong,-0.8977,2037
16.3,All Items,2503,Blackfire Torch,-3.005,7136
16.3,All Items,2522,Actualizer,1.5879,137
16.3,All Items,2524,Bandlepipes,-0.1093,1552
16.3,All Items,2526,Whispering Circlet,0.6455,52907
16.3,All Items,3003,Archangel's Staff,-0.9743,5367
16.3,All Items,3041,Mejai's Soulstealer,0.3194,600
16.3,All Items,3089,Rabadon's Deathcap,-1.3131,489
16.3,All Items,3102,Banshee's Veil,-1.2641,306
16.3,All Items,3107,Redemption,0.5002,14915
16.3,All Items,3109,Knight's Vow,-0.6544,135
16.3,All Items,3110,Frozen Heart,-1.7549,176
16.3,All Items,3116,Rylai's Crystal Scepter,-1.1846,41623
16.3,All Items,3118,Malignance,-2.8667,1456
16.3,All Items,3119,Winter's Approach,1.9299,118
16.3,All Items,3135,Void Staff,-10.7022,111
16.3,All Items,3137,Cryptbloom,1.1861,301
16.3,All Items,3157,Zhonya's Hourglass,-3.0835,1484
16.3,All Items,3165,Morellonomicon,-1.0177,4811
16.3,All Items,3190,Locket of the Iron Solari,1.0673,1262
16.3,All Items,3222,Mikael's Blessing,0.8098,3710
16.3,All Items,3504,Ardent Censer,0.2931,1882
16.3,All Items,4005,Imperial Mandate,0.3716,1641
16.3,All Items,4628,Horizon Focus,0.2807,406
16.3,All Items,4629,Cosmic Drive,-2.2236,147
16.3,All Items,4645,Shadowflame,-4.1923,684
16.3,All Items,4646,Stormsurge,-1.3707,256
16.3,All Items,6616,Staff of Flowing Water,2.1027,821
16.3,All Items,6617,Moonstone Renewer,0.0925,38363
16.3,All Items,6620,Echoes of Helia,0.9261,69141
16.3,All Items,6621,Dawncore,-0.1668,3093
16.3,All Items,6653,Liandry's Torment,-2.5795,3669
16.3,All Items,6655,Luden's Echo,-2.9384,2683
16.3,All Items,6657,Rod of Ages,-3.6076,182
16.3,All Items,8010,Bloodletter's Curse,-3.8922,209
16.4,Keystone,8369,First Strike,-1.4234,506
16.4,Keystone,8214,Summon Aery,0.3978,95445
16.4,Keystone,8465,Guardian,0.9484,6787
16.4,Keystone,8360,Unsealed Spellbook,0.7362,129
16.4,Keystone,8229,Arcane Comet,-1.8901,21552
16.4,Keystone,8128,Dark Harvest,-6.1021,564
16.4,Keystone,8112,Electrocute,-0.8658,1282
16.4,Keystone,8351,Glacial Augment,2.4131,1021
16.4,Spell,3,Exhaust,-0.8484,16215
16.4,Spell,4,Flash,-0.004,127480
16.4,Spell,7,Heal,0.2555,105481
16.4,Spell,12,Teleport,4.2001,125
16.4,Spell,14,Ignite,-2.2969,5543
16.4,Spell,21,Barrier,-2.0908,250
16.4,Starter,3865,World Atlas,0.0,127570
16.4,Boots,3009,Boots of Swiftness,0.3436,4290
16.4,Boots,3020,Sorcerer's Shoes,-2.6116,5243
16.4,Boots,3047,Plated Steelcaps,3.3408,959
16.4,Boots,3111,Mercury's Treads,0.3817,1142
16.4,Boots,3158,Ionian Boots of Lucidity,0.3065,107109
16.4,2nd Item,2065,Shurelya's Battlesong,0.5121,511
16.4,2nd Item,2503,Blackfire Torch,-3.7058,3839
16.4,2nd Item,2524,Bandlepipes,-3.1362,112
16.4,2nd Item,2526,Whispering Circlet,0.0227,6728
16.4,2nd Item,3003,Archangel's Staff,-1.8174,1745
16.4,2nd Item,3107,Redemption,0.6815,2016
16.4,2nd Item,3116,Rylai's Crystal Scepter,-1.2098,28604
16.4,2nd Item,3118,Malignance,-2.2466,823
16.4,2nd Item,3165,Morellonomicon,-3.419,123
16.4,2nd Item,3190,Locket of the Iron Solari,2.6344,238
16.4,2nd Item,3222,Mikael's Blessing,-0.3357,1312
16.4,2nd Item,3504,Ardent Censer,-0.1559,350
16.4,2nd Item,4005,Imperial Mandate,-3.049,617
16.4,2nd Item,6617,Moonstone Renewer,-0.9477,5291
16.4,2nd Item,6620,Echoes of Helia,1.0146,65965
16.4,2nd Item,6653,Liandry's Torment,-3.5725,628
16.4,2nd Item,6655,Luden's Echo,-2.5627,2239
16.4,3rd Item,2065,Shurelya's Battlesong,1.4681,647
16.4,3rd Item,2503,Blackfire Torch,-2.058,1872
16.4,3rd Item,2524,Bandlepipes,-0.7545,662
16.4,3rd Item,2526,Whispering Circlet,0.7335,44603
16.4,3rd Item,3003,Archangel's Staff,-0.2194,2457
16.4,3rd Item,3041,Mejai's Soulstealer,-2.877,184
16.4,3rd Item,3102,Banshee's Veil,-3.9081,108
16.4,3rd Item,3107,Redemption,-0.0223,4081
16.4,3rd Item,3116,Rylai's Crystal Scepter,-0.5586,12070
16.4,3rd Item,3118,Malignance,-1.7913,617
16.4,3rd Item,3157,Zhonya's Hourglass,-3.5406,560
16.4,3rd Item,3165,Morellonomicon,-1.8828,1153
16.4,3rd Item,3190,Locket of the Iron Solari,3.2664,396
16.4,3rd Item,3222,Mikael's Blessing,-0.3909,1889
16.4,3rd Item,3504,Ardent Censer,-2.2068,582
16.4,3rd Item,4005,Imperial Mandate,1.1449,861
16.4,3rd Item,4628,Horizon Focus,-2.9289,135
16.4,3rd Item,4645,Shadowflame,-4.611,423
16.4,3rd Item,4646,Stormsurge,-4.6917,191
16.4,3rd Item,6616,Staff of Flowing Water,-1.7483,210
16.4,3rd Item,6617,Moonstone Renewer,-0.2282,16080
16.4,3rd Item,6620,Echoes of Helia,-0.2527,10723
16.4,3rd Item,6621,Dawncore,5.2481,245
16.4,3rd Item,6653,Liandry's Torment,-1.8748,1807
16.4,3rd Item,6655,Luden's Echo,-3.1741,773
16.4,4th+ Item,2065,Shurelya's Battlesong,-0.0642,911
16.4,4th+ Item,2503,Blackfire Torch,-1.6454,2206
16.4,4th+ Item,2524,Bandlepipes,-0.4623,496
16.4,4th+ Item,2526,Whispering Circlet,-0.342,5423
16.4,4th+ Item,3003,Archangel's Staff,-0.085,627
16.4,4th+ Item,3041,Mejai's Soulstealer,-1.6469,348
16.4,4th+ Item,3089,Rabadon's Deathcap,-4.2565,360
16.4,4th+ Item,3102,Banshee's Veil,-3.3918,262
16.4,4th+ Item,3107,Redemption,0.1546,9198
16.4,4th+ Item,3109,Knight's Vow,2.8737,118
16.4,4th+ Item,3110,Frozen Heart,1.4159,111
16.4,4th+ Item,3116,Rylai's Crystal Scepter,0.4408,6956
16.4,4th+ Item,3118,Malignance,-3.3385,301
16.4,4th+ Item,3137,Cryptbloom,-0.3605,213
16.4,4th+ Item,3157,Zhonya's Hourglass,-0.3682,951
16.4,4th+ Item,3165,Morellonomicon,-0.7282,4227
16.4,4th+ Item,3190,Locket of the Iron Solari,3.2341,707
16.4,4th+ Item,3222,Mikael's Blessing,0.5199,1826
16.4,4th+ Item,3504,Ardent Censer,2.0172,1265
16.4,4th+ Item,4005,Imperial Mandate,0.6082,486
16.4,4th+ Item,4628,Horizon Focus,2.4014,191
16.4,4th+ Item,4645,Shadowflame,-3.8508,362
16.4,4th+ Item,6616,Staff of Flowing Water,-0.8997,503
16.4,4th+ Item,6617,Moonstone Renewer,0.5037,21461
16.4,4th+ Item,6620,Echoes of Helia,0.1812,3727
16.4,4th+ Item,6621,Dawncore,-0.1258,2510
16.4,4th+ Item,6653,Liandry's Torment,-2.5653,1492
16.4,4th+ Item,6655,Luden's Echo,-2.1918,413
16.4,4th+ Item,8010,Bloodletter's Curse,-3.8063,126
16.4,All Items,2065,Shurelya's Battlesong,0.5374,2079
16.4,All Items,2503,Blackfire Torch,-2.7245,7933
16.4,All Items,2504,Kaenic Rookern,-0.6621,116
16.4,All Items,2524,Bandlepipes,-0.8471,1275
16.4,All Items,2526,Whispering Circlet,0.5463,56765
16.4,All Items,3003,Archangel's Staff,-0.7792,4830
16.4,All Items,3041,Mejai's Soulstealer,-2.2769,580
16.4,All Items,3050,Zeke's Convergence,-2.5104,125
16.4,All Items,3089,Rabadon's Deathcap,-3.9746,454
16.4,All Items,3102,Banshee's Veil,-3.5926,382
16.4,All Items,3107,Redemption,0.1791,15319
16.4,All Items,3109,Knight's Vow,3.9571,159
16.4,All Items,3110,Frozen Heart,-1.9343,219
16.4,All Items,3116,Rylai's Crystal Scepter,-0.8036,47656
16.4,All Items,3118,Malignance,-2.2659,1745
16.4,All Items,3135,Void Staff,-2.8407,138
16.4,All Items,3137,Cryptbloom,0.2666,298
16.4,All Items,3157,Zhonya's Hourglass,-1.6806,1567
16.4,All Items,3165,Morellonomicon,-1.0248,5522
16.4,All Items,3190,Locket of the Iron Solari,3.1256,1346
16.4,All Items,3222,Mikael's Blessing,-0.0456,5032
16.4,All Items,3504,Ardent Censer,0.5516,2199
16.4,All Items,4005,Imperial Mandate,-0.3051,1966
16.4,All Items,4628,Horizon Focus,0.2088,342
16.4,All Items,4629,Cosmic Drive,1.9184,137
16.4,All Items,4645,Shadowflame,-4.2015,818
16.4,All Items,4646,Stormsurge,-5.5847,317
16.4,All Items,6616,Staff of Flowing Water,0.2302,801
16.4,All Items,6617,Moonstone Renewer,0.0485,42849
16.4,All Items,6620,Echoes of Helia,0.807,80427
16.4,All Items,6621,Dawncore,0.3137,2800
16.4,All Items,6653,Liandry's Torment,-2.4051,3938
16.4,All Items,6655,Luden's Echo,-2.6642,3438
16.4,All Items,6657,Rod of Ages,-0.8629,122
16.4,All Items,8010,Bloodletter's Curse,-4.0395,194
16.5,Keystone,8369,First Strike,-1.2941,699
16.5,Keystone,8010,Conqueror,-6.7809,120
16.5,Keystone,8214,Summon Aery,0.2439,115215
16.5,Keystone,8465,Guardian,2.3672,6681
16.5,Keystone,8360,Unsealed Spellbook,0.7754,151
16.5,Keystone,8229,Arcane Comet,-1.5099,22922
16.5,Keystone,8128,Dark Harvest,-4.7132,639
16.5,Keystone,8112,Electrocute,-2.8613,1651
16.5,Keystone,8351,Glacial Augment,0.6897,885
16.5,Spell,3,Exhaust,-1.1599,17982
16.5,Spell,4,Flash,0.0019,149130
16.5,Spell,7,Heal,0.3062,124330
16.5,Spell,12,Teleport,-7.0452,120
16.5,Spell,14,Ignite,-2.3689,6548
16.5,Spell,21,Barrier,-1.9584,251
16.5,Starter,3865,World Atlas,-0.0,149209
16.5,Boots,3009,Boots of Swiftness,-0.6369,6415
16.5,Boots,3020,Sorcerer's Shoes,-2.6834,6009
16.5,Boots,3047,Plated Steelcaps,2.4884,998
16.5,Boots,3111,Mercury's Treads,-0.4108,1421
16.5,Boots,3158,Ionian Boots of Lucidity,0.1271,123733
16.5,2nd Item,2065,Shurelya's Battlesong,1.3434,859
16.5,2nd Item,2503,Blackfire Torch,-1.8791,5935
16.5,2nd Item,2526,Whispering Circlet,-0.1446,6212
16.5,2nd Item,3003,Archangel's Staff,-1.6838,3007
16.5,2nd Item,3107,Redemption,0.1309,3982
16.5,2nd Item,3116,Rylai's Crystal Scepter,-1.3732,38421
16.5,2nd Item,3118,Malignance,-0.236,1171
16.5,2nd Item,3165,Morellonomicon,-4.7481,127
16.5,2nd Item,3190,Locket of the Iron Solari,-1.9089,209
16.5,2nd Item,3222,Mikael's Blessing,-0.194,1797
16.5,2nd Item,3504,Ardent Censer,-3.1245,457
16.5,2nd Item,4005,Imperial Mandate,1.8169,768
16.5,2nd Item,6616,Staff of Flowing Water,-5.0091,132
16.5,2nd Item,6617,Moonstone Renewer,-0.4705,9480
16.5,2nd Item,6620,Echoes of Helia,1.2858,66067
16.5,2nd Item,6653,Liandry's Torment,-1.4058,742
16.5,2nd Item,6655,Luden's Echo,-3.6184,1799
16.5,3rd Item,2065,Shurelya's Battlesong,-0.5381,693
16.5,3rd Item,2503,Blackfire Torch,-2.6675,4916
16.5,3rd Item,2524,Bandlepipes,-1.2276,821
16.5,3rd Item,2526,Whispering Circlet,1.1108,47016
16.5,3rd Item,3003,Archangel's Staff,-0.802,6548
16.5,3rd Item,3041,Mejai's Soulstealer,-2.3941,225
16.5,3rd Item,3102,Banshee's Veil,-7.1152,108
16.5,3rd Item,3107,Redemption,0.1288,10382
16.5,3rd Item,3116,Rylai's Crystal Scepter,-0.9011,12358
16.5,3rd Item,3118,Malignance,-0.8814,840
16.5,3rd Item,3157,Zhonya's Hourglass,-2.4579,1043
16.5,3rd Item,3165,Morellonomicon,-2.59,1080
16.5,3rd Item,3190,Locket of the Iron Solari,-1.1622,456
16.5,3rd Item,3222,Mikael's Blessing,-0.5982,3150
16.5,3rd Item,3504,Ardent Censer,-1.5904,808
16.5,3rd Item,4005,Imperial Mandate,-1.0958,855
16.5,3rd Item,4628,Horizon Focus,-0.1263,207
16.5,3rd Item,4645,Shadowflame,-3.3144,452
16.5,3rd Item,4646,Stormsurge,-3.7653,252
16.5,3rd Item,6616,Staff of Flowing Water,-3.3736,262
16.5,3rd Item,6617,Moonstone Renewer,-0.4654,16524
16.5,3rd Item,6620,Echoes of Helia,0.4198,8918
16.5,3rd Item,6621,Dawncore,-2.3559,272
16.5,3rd Item,6653,Liandry's Torment,-1.7176,1303
16.5,3rd Item,6655,Luden's Echo,1.4672,396
16.5,4th+ Item,2065,Shurelya's Battlesong,-1.8951,972
16.5,4th+ Item,2503,Blackfire Torch,-2.8983,2386
16.5,4th+ Item,2524,Bandlepipes,2.4884,479
16.5,4th+ Item,2526,Whispering Circlet,0.4628,6897
16.5,4th+ Item,3003,Archangel's Staff,-0.4217,2308
16.5,4th+ Item,3041,Mejai's Soulstealer,0.9622,386
16.5,4th+ Item,3089,Rabadon's Deathcap,-1.8361,498
16.5,4th+ Item,3102,Banshee's Veil,3.2735,300
16.5,4th+ Item,3107,Redemption,0.0286,12924
16.5,4th+ Item,3109,Knight's Vow,-1.6991,109
16.5,4th+ Item,3110,Frozen Heart,5.5055,136
16.5,4th+ Item,3116,Rylai's Crystal Scepter,-0.1584,6746
16.5,4th+ Item,3118,Malignance,0.5413,349
16.5,4th+ Item,3135,Void Staff,6.4903,112
16.5,4th+ Item,3137,Cryptbloom,-2.081,353
16.5,4th+ Item,3157,Zhonya's Hourglass,-0.5655,1924
16.5,4th+ Item,3165,Morellonomicon,-0.3207,3841
16.5,4th+ Item,3190,Locket of the Iron Solari,1.685,869
16.5,4th+ Item,3222,Mikael's Blessing,0.3099,3579
16.5,4th+ Item,3504,Ardent Censer,1.1629,1567
16.5,4th+ Item,4005,Imperial Mandate,-3.1316,642
16.5,4th+ Item,4628,Horizon Focus,-0.2519,273
16.5,4th+ Item,4629,Cosmic Drive,7.6915,124
16.5,4th+ Item,4645,Shadowflame,-4.6627,448
16.5,4th+ Item,4646,Stormsurge,-0.2659,119
16.5,4th+ Item,6616,Staff of Flowing Water,0.8226,592
16.5,4th+ Item,6617,Moonstone Renewer,0.4396,21110
16.5,4th+ Item,6620,Echoes of Helia,-0.3673,4367
16.5,4th+ Item,6621,Dawncore,0.0295,2969
16.5,4th+ Item,6653,Liandry's Torment,-1.9956,1038
16.5,4th+ Item,6655,Luden's Echo,0.8981,185
16.5,4th+ Item,8010,Bloodletter's Curse,-3.0073,161
16.5,All Items,2065,Shurelya's Battlesong,-0.3754,2532
16.5,All Items,2503,Blackfire Torch,-2.3501,13245
16.5,All Items,2504,Kaenic Rookern,3.4818,104
16.5,All Items,2524,Bandlepipes,0.1649,1387
16.5,All Items,2526,Whispering Circlet,0.9067,60131
16.5,All Items,3003,Archangel's Staff,-0.9514,11865
16.5,All Items,3041,Mejai's Soulstealer,-0.4168,672
16.5,All Items,3089,Rabadon's Deathcap,-2.3444,582
16.5,All Items,3102,Banshee's Veil,0.5278,420
16.5,All Items,3107,Redemption,0.0795,27324
16.5,All Items,3109,Knight's Vow,1.1275,148
16.5,All Items,3110,Frozen Heart,3.8862,264
16.5,All Items,3116,Rylai's Crystal Scepter,-1.1285,57549
16.5,All Items,3118,Malignance,-0.3507,2361
16.5,All Items,3119,Winter's Approach,-1.0751,143
16.5,All Items,3135,Void Staff,5.028,133
16.5,All Items,3137,Cryptbloom,-3.4824,451
16.5,All Items,3157,Zhonya's Hourglass,-1.2402,3045
16.5,All Items,3165,Morellonomicon,-0.9022,5063
16.5,All Items,3190,Locket of the Iron Solari,0.3167,1540
16.5,All Items,3222,Mikael's Blessing,-0.1204,8537
16.5,All Items,3504,Ardent Censer,-0.3111,2835
16.5,All Items,4005,Imperial Mandate,-0.7063,2269
16.5,All Items,4628,Horizon Focus,-0.2731,501
16.5,All Items,4629,Cosmic Drive,3.3137,185
16.5,All Items,4645,Shadowflame,-4.3165,927
16.5,All Items,4646,Stormsurge,-3.1642,397
16.5,All Items,6616,Staff of Flowing Water,-1.0656,993
16.5,All Items,6617,Moonstone Renewer,-0.0639,47143
16.5,All Items,6620,Echoes of Helia,1.0968,79363
16.5,All Items,6621,Dawncore,-0.3371,3300
16.5,All Items,6653,Liandry's Torment,-1.7341,3089
16.5,All Items,6655,Luden's Echo,-2.4217,2383
16.5,All Items,6657,Rod of Ages,-6.397,128
16.5,All Items,8010,Bloodletter's Curse,-1.9003,256
16.6,Keystone,8369,First Strike,1.2918,637
16.6,Keystone,8010,Conqueror,-1.9041,154
16.6,Keystone,8214,Summon Aery,0.2109,134274
16.6,Keystone,8465,Guardian,2.3422,6770
16.6,Keystone,8360,Unsealed Spellbook,0.3079,155
16.6,Keystone,8229,Arcane Comet,-1.3942,25606
16.6,Keystone,8128,Dark Harvest,-3.2018,752
16.6,Keystone,8112,Electrocute,-4.3421,1842
16.6,Keystone,8351,Glacial Augment,4.0881,722
16.6,Spell,3,Exhaust,-0.9566,19180
16.6,Spell,4,Flash,-0.0019,171116
16.6,Spell,7,Heal,0.3133,144509
16.6,Spell,12,Teleport,-4.1039,241
16.6,Spell,14,Ignite,-3.4761,6970
16.6,Spell,21,Barrier,-3.9187,300
16.6,Starter,3865,World Atlas,0.0,171193
16.6,Boots,3009,Boots of Swiftness,-0.557,5220
16.6,Boots,3020,Sorcerer's Shoes,-2.5868,6765
16.6,Boots,3047,Plated Steelcaps,2.1854,1162
16.6,Boots,3111,Mercury's Treads,-1.4317,1515
16.6,Boots,3158,Ionian Boots of Lucidity,0.0344,144439
16.6,2nd Item,2065,Shurelya's Battlesong,-1.3003,925
16.6,2nd Item,2503,Blackfire Torch,-3.3967,5357
16.6,2nd Item,2526,Whispering Circlet,-0.497,6482
16.6,2nd Item,3003,Archangel's Staff,-1.7993,2179
16.6,2nd Item,3107,Redemption,0.7924,2183
16.6,2nd Item,3116,Rylai's Crystal Scepter,-1.4912,35576
16.6,2nd Item,3118,Malignance,-2.8098,1100
16.6,2nd Item,3165,Morellonomicon,-6.4788,163
16.6,2nd Item,3190,Locket of the Iron Solari,0.8883,205
16.6,2nd Item,3222,Mikael's Blessing,-0.9522,1887
16.6,2nd Item,3504,Ardent Censer,2.0658,532
16.6,2nd Item,4005,Imperial Mandate,0.1959,830
16.6,2nd Item,6616,Staff of Flowing Water,-1.04,132
16.6,2nd Item,6617,Moonstone Renewer,-0.169,8330
16.6,2nd Item,6620,Echoes of Helia,1.0775,93278
16.6,2nd Item,6653,Liandry's Torment,-4.0334,1000
16.6,2nd Item,6655,Luden's Echo,-3.7653,2520
16.6,3rd Item,2065,Shurelya's Battlesong,0.5006,771
16.6,3rd Item,2503,Blackfire Torch,-2.2637,2773
16.6,3rd Item,2524,Bandlepipes,-0.9417,567
16.6,3rd Item,2526,Whispering Circlet,0.8676,59546
16.6,3rd Item,3003,Archangel's Staff,-0.8352,3459
16.6,3rd Item,3041,Mejai's Soulstealer,-1.9097,259
16.6,3rd Item,3102,Banshee's Veil,-1.7198,117
16.6,3rd Item,3107,Redemption,0.4301,4861
16.6,3rd Item,3116,Rylai's Crystal Scepter,-0.9086,16128
16.6,3rd Item,3118,Malignance,-2.9513,919
16.6,3rd Item,3157,Zhonya's Hourglass,-0.9772,745
16.6,3rd Item,3165,Morellonomicon,-2.1001,1520
16.6,3rd Item,3190,Locket of the Iron Solari,2.0342,406
16.6,3rd Item,3222,Mikael's Blessing,-0.2135,2999
16.6,3rd Item,3504,Ardent Censer,-1.3394,1006
16.6,3rd Item,4005,Imperial Mandate,-0.1426,791
16.6,3rd Item,4628,Horizon Focus,-3.1015,178
16.6,3rd Item,4645,Shadowflame,-7.6378,527
16.6,3rd Item,4646,Stormsurge,-2.504,278
16.6,3rd Item,6616,Staff of Flowing Water,-1.1725,218
16.6,3rd Item,6617,Moonstone Renewer,-0.0943,26022
16.6,3rd Item,6620,Echoes of Helia,-0.3777,12208
16.6,3rd Item,6621,Dawncore,-2.6434,226
16.6,3rd Item,6653,Liandry's Torment,-2.1111,2148
16.6,3rd Item,6655,Luden's Echo,-3.4998,1002
16.6,4th+ Item,2065,Shurelya's Battlesong,1.6282,1149
16.6,4th+ Item,2503,Blackfire Torch,-0.83,2969
16.6,4th+ Item,2524,Bandlepipes,1.8654,458
16.6,4th+ Item,2526,Whispering Circlet,0.3216,8344
16.6,4th+ Item,3003,Archangel's Staff,-2.2734,1021
16.6,4th+ Item,3041,Mejai's Soulstealer,0.808,469
16.6,4th+ Item,3089,Rabadon's Deathcap,-2.0436,494
16.6,4th+ Item,3102,Banshee's Veil,2.2053,314
16.6,4th+ Item,3107,Redemption,0.3295,12753
16.6,4th+ Item,3109,Knight's Vow,4.6,112
16.6,4th+ Item,3110,Frozen Heart,3.5457,148
16.6,4th+ Item,3116,Rylai's Crystal Scepter,-0.0483,9418
16.6,4th+ Item,3118,Malignance,-1.7961,332
16.6,4th+ Item,3135,Void Staff,-2.6656,128
16.6,4th+ Item,3137,Cryptbloom,-2.9253,322
16.6,4th+ Item,3157,Zhonya's Hourglass,-2.3453,1356
16.6,4th+ Item,3165,Morellonomicon,-1.1754,5632
16.6,4th+ Item,3190,Locket of the Iron Solari,2.698,1026
16.6,4th+ Item,3222,Mikael's Blessing,0.763,3002
16.6,4th+ Item,3504,Ardent Censer,1.1068,1808
16.6,4th+ Item,4005,Imperial Mandate,-2.2771,613
16.6,4th+ Item,4628,Horizon Focus,0.2231,201
16.6,4th+ Item,4629,Cosmic Drive,-2.5639,137
16.6,4th+ Item,4645,Shadowflame,-3.1818,471
16.6,4th+ Item,4646,Stormsurge,-3.2146,115
16.6,4th+ Item,6616,Staff of Flowing Water,0.7289,595
16.6,4th+ Item,6617,Moonstone Renewer,0.3112,29212
16.6,4th+ Item,6620,Echoes of Helia,-0.2736,4913
16.6,4th+ Item,6621,Dawncore,0.6611,3314
16.6,4th+ Item,6653,Liandry's Torment,-3.2569,1957
16.6,4th+ Item,6655,Luden's Echo,-0.9391,534
16.6,4th+ Item,8010,Bloodletter's Curse,-0.6656,163
16.6,All Items,2065,Shurelya's Battlesong,0.3494,2851
16.6,All Items,2503,Blackfire Torch,-2.425,11119
16.6,All Items,2504,Kaenic Rookern,0.6014,111
16.6,All Items,2524,Bandlepipes,-0.3662,1080
16.6,All Items,2526,Whispering Circlet,0.6875,74379
16.6,All Items,3003,Archangel's Staff,-1.3708,6661
16.6,All Items,3041,Mejai's Soulstealer,-0.2157,777
16.6,All Items,3089,Rabadon's Deathcap,-1.9122,604
16.6,All Items,3102,Banshee's Veil,1.1443,440
16.6,All Items,3107,Redemption,0.4038,19839
16.6,All Items,3109,Knight's Vow,2.9577,152
16.6,All Items,3110,Frozen Heart,3.1938,224
16.6,All Items,3116,Rylai's Crystal Scepter,-1.1156,61160
16.6,All Items,3118,Malignance,-2.7201,2354
16.6,All Items,3119,Winter's Approach,6.3716,111
16.6,All Items,3135,Void Staff,-2.6743,159
16.6,All Items,3137,Cryptbloom,-3.808,411
16.6,All Items,3157,Zhonya's Hourglass,-1.9027,2178
16.6,All Items,3165,Morellonomicon,-1.482,7339
16.6,All Items,3190,Locket of the Iron Solari,2.3688,1649
16.6,All Items,3222,Mikael's Blessing,-0.0202,7902
16.6,All Items,3504,Ardent Censer,0.5235,3353
16.6,All Items,4005,Imperial Mandate,-0.6017,2237
16.6,All Items,4628,Horizon Focus,-1.338,389
16.6,All Items,4629,Cosmic Drive,-3.3767,197
16.6,All Items,4645,Shadowflame,-5.6093,1029
16.6,All Items,4646,Stormsurge,-3.4265,413
16.6,All Items,6616,Staff of Flowing Water,0.043,948
16.6,All Items,6617,Moonstone Renewer,0.0837,63590
16.6,All Items,6620,Echoes of Helia,0.8557,110420
16.6,All Items,6621,Dawncore,0.3606,3597
16.6,All Items,6653,Liandry's Torment,-2.9202,5121
16.6,All Items,6655,Luden's Echo,-3.3434,4065
16.6,All Items,6657,Rod of Ages,-9.2772,132
16.6,All Items,8010,Bloodletter's Curse,1.0201,246
16.7,Keystone,8369,First Strike,0.4525,733
16.7,Keystone,8214,Summon Aery,0.2597,161850
16.7,Keystone,8465,Guardian,1.6879,7612
16.7,Keystone,8360,Unsealed Spellbook,-3.4024,124
16.7,Keystone,8229,Arcane Comet,-1.5363,28778
16.7,Keystone,8128,Dark Harvest,-5.8997,794
16.7,Keystone,8112,Electrocute,-2.518,1824
16.7,Keystone,8351,Glacial Augment,2.1565,850
16.7,Spell,3,Exhaust,-1.2286,22001
16.7,Spell,4,Flash,0.0014,202894
16.7,Spell,7,Heal,0.3024,172669
16.7,Spell,12,Teleport,-4.0905,245
16.7,Spell,14,Ignite,-2.8543,7739
16.7,Spell,21,Barrier,-2.3815,387
16.7,Starter,3865,World Atlas,0.0,203016
16.7,Boots,3009,Boots of Swiftness,-0.8476,6007
16.7,Boots,3020,Sorcerer's Shoes,-2.1048,7479
16.7,Boots,3047,Plated Steelcaps,0.4917,1417
16.7,Boots,3111,Mercury's Treads,-1.4419,1753
16.7,Boots,3158,Ionian Boots of Lucidity,0.3422,172246
16.7,2nd Item,2065,Shurelya's Battlesong,1.0681,808
16.7,2nd Item,2503,Blackfire Torch,-1.6434,5991
16.7,2nd Item,2526,Whispering Circlet,-0.565,7307
16.7,2nd Item,3003,Archangel's Staff,-0.809,2082
16.7,2nd Item,3107,Redemption,0.3864,1931
16.7,2nd Item,3116,Rylai's Crystal Scepter,-1.6039,40159
16.7,2nd Item,3118,Malignance,-3.1408,1151
16.7,2nd Item,3165,Morellonomicon,-2.6495,188
16.7,2nd Item,3190,Locket of the Iron Solari,3.4717,194
16.7,2nd Item,3222,Mikael's Blessing,-0.1285,2527
16.7,2nd Item,3504,Ardent Censer,1.8717,496
16.7,2nd Item,4005,Imperial Mandate,0.338,865
16.7,2nd Item,6616,Staff of Flowing Water,0.7101,153
16.7,2nd Item,6617,Moonstone Renewer,-0.6793,9027
16.7,2nd Item,6620,Echoes of Helia,0.9028,115925
16.7,2nd Item,6653,Liandry's Torment,-1.9252,926
16.7,2nd Item,6655,Luden's Echo,-4.1756,3217
16.7,2nd Item,6657,Rod of Ages,0.3778,145
16.7,3rd Item,2065,Shurelya's Battlesong,0.5966,787
16.7,3rd Item,2503,Blackfire Torch,-2.4395,2893
16.7,3rd Item,2524,Bandlepipes,-2.025,410
16.7,3rd Item,2526,Whispering Circlet,0.955,72874
16.7,3rd Item,3003,Archangel's Staff,-0.9907,3441
16.7,3rd Item,3041,Mejai's Soulstealer,-0.8892,287
16.7,3rd Item,3089,Rabadon's Deathcap,-8.4603,103
16.7,3rd Item,3102,Banshee's Veil,-5.3039,152
16.7,3rd Item,3107,Redemption,0.3172,4772
16.7,3rd Item,3116,Rylai's Crystal Scepter,-0.963,19133
16.7,3rd Item,3118,Malignance,-3.2714,987
16.7,3rd Item,3137,Cryptbloom,4.188,114
16.7,3rd Item,3157,Zhonya's Hourglass,-1.5059,778
16.7,3rd Item,3165,Morellonomicon,-1.9608,1729
16.7,3rd Item,3190,Locket of the Iron Solari,0.0868,564
16.7,3rd Item,3222,Mikael's Blessing,-0.6455,3795
16.7,3rd Item,3504,Ardent Censer,1.8846,1126
16.7,3rd Item,4005,Imperial Mandate,-0.8388,809
16.7,3rd Item,4628,Horizon Focus,2.4112,137
16.7,3rd Item,4645,Shadowflame,-3.6959,573
16.7,3rd Item,4646,Stormsurge,-5.5425,203
16.7,3rd Item,6616,Staff of Flowing Water,-2.2158,298
16.7,3rd Item,6617,Moonstone Renewer,-0.5192,31258
16.7,3rd Item,6620,Echoes of Helia,0.1181,14876
16.7,3rd Item,6621,Dawncore,-6.1807,266
16.7,3rd Item,6653,Liandry's Torment,-3.3709,2632
16.7,3rd Item,6655,Luden's Echo,-1.8181,1287
16.7,4th+ Item,2065,Shurelya's Battlesong,-2.1533,1343
16.7,4th+ Item,2503,Blackfire Torch,-2.7992,3712
16.7,4th+ Item,2524,Bandlepipes,2.7,495
16.7,4th+ Item,2526,Whispering Circlet,0.2633,10677
16.7,4th+ Item,3003,Archangel's Staff,1.3259,947
16.7,4th+ Item,3041,Mejai's Soulstealer,0.0045,566
16.7,4th+ Item,3089,Rabadon's Deathcap,-1.1289,609
16.7,4th+ Item,3102,Banshee's Veil,-0.2689,397
16.7,4th+ Item,3107,Redemption,0.5958,13332
16.7,4th+ Item,3109,Knight's Vow,5.4153,151
16.7,4th+ Item,3110,Frozen Heart,-1.2315,145
16.7,4th+ Item,3116,Rylai's Crystal Scepter,0.2915,13073
16.7,4th+ Item,3118,Malignance,-3.2035,410
16.7,4th+ Item,3135,Void Staff,-0.2632,128
16.7,4th+ Item,3137,Cryptbloom,-2.5197,407
16.7,4th+ Item,3157,Zhonya's Hourglass,-1.6417,1679
16.7,4th+ Item,3165,Morellonomicon,-0.6591,6646
16.7,4th+ Item,3190,Locket of the Iron Solari,2.5316,1187
16.7,4th+ Item,3222,Mikael's Blessing,0.2956,3653
16.7,4th+ Item,3504,Ardent Censer,0.0525,2052
16.7,4th+ Item,4005,Imperial Mandate,-0.7533,678
16.7,4th+ Item,4628,Horizon Focus,-5.2142,218
16.7,4th+ Item,4629,Cosmic Drive,1.9614,131
16.7,4th+ Item,4645,Shadowflame,-3.4348,526
16.7,4th+ Item,4646,Stormsurge,-6.2118,163
16.7,4th+ Item,6616,Staff of Flowing Water,-0.7453,750
16.7,4th+ Item,6617,Moonstone Renewer,0.3835,35528
16.7,4th+ Item,6620,Echoes of Helia,0.3314,5514
16.7,4th+ Item,6621,Dawncore,0.6321,3907
16.7,4th+ Item,6653,Liandry's Torment,-2.8973,2363
16.7,4th+ Item,6655,Luden's Echo,-3.5529,936
16.7,4th+ Item,8010,Bloodletter's Curse,0.7694,194
16.7,All Items,2065,Shurelya's Battlesong,-0.5332,2949
16.7,All Items,2503,Blackfire Torch,-2.1724,12618
16.7,All Items,2504,Kaenic Rookern,-7.2101,111
16.7,All Items,2524,Bandlepipes,-0.0189,958
16.7,All Items,2526,Whispering Circlet,0.7514,90866
16.7,All Items,3003,Archangel's Staff,-0.5931,6470
16.7,All Items,3041,Mejai's Soulstealer,-0.5987,933
16.7,All Items,3089,Rabadon's Deathcap,-2.3269,737
16.7,All Items,3102,Banshee's Veil,-1.509,566
16.7,All Items,3107,Redemption,0.5072,20080
16.7,All Items,3109,Knight's Vow,4.1363,207
16.7,All Items,3110,Frozen Heart,-2.7147,218
16.7,All Items,3116,Rylai's Crystal Scepter,-1.0913,72399
16.7,All Items,3118,Malignance,-3.1925,2554
16.7,All Items,3119,Winter's Approach,4.3534,104
16.7,All Items,3135,Void Staff,0.0936,168
16.7,All Items,3137,Cryptbloom,-1.0404,537
16.7,All Items,3143,Randuin's Omen,-2.3717,104
16.7,All Items,3157,Zhonya's Hourglass,-1.5396,2569
16.7,All Items,3165,Morellonomicon,-0.9489,8591
16.7,All Items,3190,Locket of the Iron Solari,1.9067,1957
16.7,All Items,3222,Mikael's Blessing,-0.1633,9989
16.7,All Items,3504,Ardent Censer,0.8289,3681
16.7,All Items,4005,Imperial Mandate,-0.3803,2354
16.7,All Items,4628,Horizon Focus,-2.5439,367
16.7,All Items,4629,Cosmic Drive,-0.1014,207
16.7,All Items,4645,Shadowflame,-3.7519,1126
16.7,All Items,4646,Stormsurge,-6.248,400
16.7,All Items,6616,Staff of Flowing Water,-0.9101,1207
16.7,All Items,6617,Moonstone Renewer,-0.1147,75849
16.7,All Items,6620,Echoes of Helia,0.794,136324
16.7,All Items,6621,Dawncore,0.0177,4252
16.7,All Items,6653,Liandry's Torment,-2.926,5943
16.7,All Items,6655,Luden's Echo,-3.4926,5454
16.7,All Items,6657,Rod of Ages,-0.1019,174
16.7,All Items,8010,Bloodletter's Curse,1.186,299
16.8,Keystone,8369,First Strike,-3.7797,372
16.8,Keystone,8214,Summon Aery,0.1952,118638
16.8,Keystone,8465,Guardian,3.4812,5034
16.8,Keystone,8229,Arcane Comet,-1.5528,20970
16.8,Keystone,8128,Dark Harvest,-3.614,609
16.8,Keystone,8112,Electrocute,-3.3438,1162
16.8,Keystone,8351,Glacial Augment,1.9565,559
16.8,Spell,3,Exhaust,-1.8352,15594
16.8,Spell,4,Flash,-0.0014,147701
16.8,Spell,7,Heal,0.3103,126417
16.8,Spell,12,Teleport,-0.1387,141
16.8,Spell,14,Ignite,-1.7782,5386
16.8,Spell,21,Barrier,-1.7927,233
16.8,Starter,3865,World Atlas,-0.0,147769
16.8,Boots,3009,Boots of Swiftness,-0.247,4298
16.8,Boots,3020,Sorcerer's Shoes,-3.2679,5396
16.8,Boots,3047,Plated Steelcaps,0.6833,1023
16.8,Boots,3111,Mercury's Treads,-1.6251,1352
16.8,Boots,3158,Ionian Boots of Lucidity,0.238,129833
16.8,2nd Item,2065,Shurelya's Battlesong,-1.446,485
16.8,2nd Item,2503,Blackfire Torch,-4.3398,4224
16.8,2nd Item,2526,Whispering Circlet,-0.393,5597
16.8,2nd Item,3003,Archangel's Staff,-1.3432,1338
16.8,2nd Item,3107,Redemption,0.5245,1091
16.8,2nd Item,3116,Rylai's Crystal Scepter,-1.8045,29150
16.8,2nd Item,3118,Malignance,-3.1892,924
16.8,2nd Item,3165,Morellonomicon,5.0039,140
16.8,2nd Item,3190,Locket of the Iron Solari,-1.4237,139
16.8,2nd Item,3222,Mikael's Blessing,0.8024,1971
16.8,2nd Item,3504,Ardent Censer,1.0919,422
16.8,2nd Item,4005,Imperial Mandate,1.8863,670
16.8,2nd Item,6617,Moonstone Renewer,-0.844,5110
16.8,2nd Item,6620,Echoes of Helia,1.0326,90374
16.8,2nd Item,6653,Liandry's Torment,-2.263,891
16.8,2nd Item,6655,Luden's Echo,-4.4433,2517
16.8,2nd Item,6657,Rod of Ages,-4.3749,113
16.8,3rd Item,2065,Shurelya's Battlesong,0.2969,599
16.8,3rd Item,2503,Blackfire Torch,-1.5114,2078
16.8,3rd Item,2524,Bandlepipes,-4.5089,232
16.8,3rd Item,2526,Whispering Circlet,0.9585,58184
16.8,3rd Item,3003,Archangel's Staff,-1.7336,2252
16.8,3rd Item,3041,Mejai's Soulstealer,0.2324,225
16.8,3rd Item,3102,Banshee's Veil,-3.488,108
16.8,3rd Item,3107,Redemption,-0.1553,3364
16.8,3rd Item,3116,Rylai's Crystal Scepter,-1.3324,14642
16.8,3rd Item,3118,Malignance,-1.7641,748
16.8,3rd Item,3157,Zhonya's Hourglass,-3.5274,588
16.8,3rd Item,3165,Morellonomicon,-3.0591,1275
16.8,3rd Item,3190,Locket of the Iron Solari,-0.6398,466
16.8,3rd Item,3222,Mikael's Blessing,0.3177,3044
16.8,3rd Item,3504,Ardent Censer,-0.3199,877
16.8,3rd Item,4005,Imperial Mandate,0.7025,552
16.8,3rd Item,4628,Horizon Focus,-0.9949,127
16.8,3rd Item,4645,Shadowflame,-3.7597,395
16.8,3rd Item,4646,Stormsurge,-7.3894,240
16.8,3rd Item,6616,Staff of Flowing Water,-2.2375,175
16.8,3rd Item,6617,Moonstone Renewer,-0.3651,20989
16.8,3rd Item,6620,Echoes of Helia,0.0053,10668
16.8,3rd Item,6621,Dawncore,1.1351,203
16.8,3rd Item,6653,Liandry's Torment,-2.5866,1859
16.8,3rd Item,6655,Luden's Echo,-2.6444,1069
16.8,4th+ Item,2065,Shurelya's Battlesong,-1.7273,964
16.8,4th+ Item,2503,Blackfire Torch,-2.3601,2755
16.8,4th+ Item,2524,Bandlepipes,-1.9292,395
16.8,4th+ Item,2526,Whispering Circlet,0.3031,7498
16.8,4th+ Item,3003,Archangel's Staff,-1.5209,733
16.8,4th+ Item,3041,Mejai's Soulstealer,-0.7671,460
16.8,4th+ Item,3089,Rabadon's Deathcap,-0.8307,446
16.8,4th+ Item,3102,Banshee's Veil,-1.0435,275
16.8,4th+ Item,3107,Redemption,0.6981,9452
16.8,4th+ Item,3109,Knight's Vow,3.1275,120
16.8,4th+ Item,3110,Frozen Heart,-3.209,110
16.8,4th+ Item,3116,Rylai's Crystal Scepter,0.247,9841
16.8,4th+ Item,3118,Malignance,-0.6907,332
16.8,4th+ Item,3135,Void Staff,-4.1447,102
16.8,4th+ Item,3137,Cryptbloom,-2.5763,257
16.8,4th+ Item,3157,Zhonya's Hourglass,-0.5193,1170
16.8,4th+ Item,3165,Morellonomicon,-0.4158,4919
16.8,4th+ Item,3190,Locket of the Iron Solari,2.2569,895
16.8,4th+ Item,3222,Mikael's Blessing,1.5434,3024
16.8,4th+ Item,3504,Ardent Censer,1.1323,1492
16.8,4th+ Item,4005,Imperial Mandate,-1.6012,485
16.8,4th+ Item,4628,Horizon Focus,-2.7984,146
16.8,4th+ Item,4629,Cosmic Drive,3.0422,103
16.8,4th+ Item,4645,Shadowflame,-1.348,398
16.8,4th+ Item,4646,Stormsurge,-3.6632,128
16.8,4th+ Item,6616,Staff of Flowing Water,0.2575,488
16.8,4th+ Item,6617,Moonstone Renewer,0.2492,28512
16.8,4th+ Item,6620,Echoes of Helia,-1.0138,4070
16.8,4th+ Item,6621,Dawncore,-0.3124,2913
16.8,4th+ Item,6653,Liandry's Torment,-0.885,1690
16.8,4th+ Item,6655,Luden's Echo,-2.5275,746
16.8,4th+ Item,8010,Bloodletter's Curse,-5.2507,142
16.8,All Items,2065,Shurelya's Battlesong,-1.0448,2056
16.8,All Items,2503,Blackfire Torch,-3.0792,9064
16.8,All Items,2524,Bandlepipes,-3.0001,683
16.8,All Items,2526,Whispering Circlet,0.7824,71284
16.8,All Items,3003,Archangel's Staff,-1.5756,4326
16.8,All Items,3041,Mejai's Soulstealer,-0.4659,743
16.8,All Items,3089,Rabadon's Deathcap,-1.5652,548
16.8,All Items,3102,Banshee's Veil,-1.4348,394
16.8,All Items,3107,Redemption,0.4804,13932
16.8,All Items,3109,Knight's Vow,-0.3291,158
16.8,All Items,3110,Frozen Heart,-4.8332,171
16.8,All Items,3116,Rylai's Crystal Scepter,-1.2987,53654
16.8,All Items,3118,Malignance,-2.2151,2005
16.8,All Items,3135,Void Staff,-4.3959,127
16.8,All Items,3137,Cryptbloom,-3.3626,339
16.8,All Items,3157,Zhonya's Hourglass,-1.6765,1848
16.8,All Items,3165,Morellonomicon,-0.8255,6353
16.8,All Items,3190,Locket of the Iron Solari,1.0073,1508
16.8,All Items,3222,Mikael's Blessing,0.8972,8043
16.8,All Items,3504,Ardent Censer,0.6603,2802
16.8,All Items,4005,Imperial Mandate,0.5019,1709
16.8,All Items,4628,Horizon Focus,-2.1915,285
16.8,All Items,4629,Cosmic Drive,4.2206,185
16.8,All Items,4645,Shadowflame,-2.4933,810
16.8,All Items,4646,Stormsurge,-5.4888,404
16.8,All Items,6616,Staff of Flowing Water,-1.383,741
16.8,All Items,6617,Moonstone Renewer,-0.0883,54628
16.8,All Items,6620,Echoes of Helia,0.8489,105125
16.8,All Items,6621,Dawncore,-0.2136,3164
16.8,All Items,6653,Liandry's Torment,-1.9017,4463
16.8,All Items,6655,Luden's Echo,-3.6643,4336
16.8,All Items,6657,Rod of Ages,-3.6669,134
16.8,All Items,8010,Bloodletter's Curse,-6.0995,183
16.9,Keystone,8369,First Strike,2.7913,546
16.9,Keystone,8230,Stormraider's Surge,-0.076,162
16.9,Keystone,8010,Conqueror,-1.8938,114
16.9,Keystone,8214,Summon Aery,0.2539,235103
16.9,Keystone,8465,Guardian,1.3659,7035
16.9,Keystone,8360,Unsealed Spellbook,-4.4395,122
16.9,Keystone,8229,Arcane Comet,-1.3351,35714
16.9,Keystone,8992,Deathfire Touch,-1.2941,10366
16.9,Keystone,8128,Dark Harvest,-2.4604,1044
16.9,Keystone,8112,Electrocute,-3.0199,1855
16.9,Keystone,8439,Aftershock,-2.7763,126
16.9,Keystone,8351,Glacial Augment,0.7949,681
16.9,Spell,3,Exhaust,-1.2218,28447
16.9,Spell,4,Flash,0.0019,293056
16.9,Spell,7,Heal,0.2251,254270
16.9,Spell,12,Teleport,-5.7034,253
16.9,Spell,14,Ignite,-2.0224,9614
16.9,Spell,21,Barrier,-3.2062,511
16.9,Starter,3865,World Atlas,0.0,293132
16.9,Boots,3008,Gluttonous Greaves,-7.4501,107
16.9,Boots,3009,Boots of Swiftness,-0.7307,7627
16.9,Boots,3020,Sorcerer's Shoes,-3.1445,11113
16.9,Boots,3047,Plated Steelcaps,1.1266,1957
16.9,Boots,3111,Mercury's Treads,-2.8167,2119
16.9,Boots,3158,Ionian Boots of Lucidity,0.1499,259528
16.9,2nd Item,2065,Shurelya's Battlesong,0.1556,808
16.9,2nd Item,2503,Blackfire Torch,-2.7484,10952
16.9,2nd Item,2526,Whispering Circlet,-1.2116,9319
16.9,2nd Item,3003,Archangel's Staff,-0.7938,2137
16.9,2nd Item,3041,Mejai's Soulstealer,-7.008,107
16.9,2nd Item,3107,Redemption,1.2658,1473
16.9,2nd Item,3116,Rylai's Crystal Scepter,-1.406,44086
16.9,2nd Item,3118,Malignance,-3.3574,1544
16.9,2nd Item,3157,Zhonya's Hourglass,-0.4832,104
16.9,2nd Item,3165,Morellonomicon,-4.8998,218
16.9,2nd Item,3190,Locket of the Iron Solari,0.154,165
16.9,2nd Item,3222,Mikael's Blessing,-0.9707,3459
16.9,2nd Item,3504,Ardent Censer,0.0087,569
16.9,2nd Item,4005,Imperial Mandate,-0.0338,1043
16.9,2nd Item,6616,Staff of Flowing Water,2.8741,367
16.9,2nd Item,6617,Moonstone Renewer,-0.5448,6773
16.9,2nd Item,6620,Echoes of Helia,0.6736,198437
16.9,2nd Item,6653,Liandry's Torment,-1.6946,1281
16.9,2nd Item,6655,Luden's Echo,-2.3075,5884
16.9,3rd Item,2065,Shurelya's Battlesong,-0.7506,955
16.9,3rd Item,2503,Blackfire Torch,-1.4092,3966
16.9,3rd Item,2524,Bandlepipes,3.782,364
16.9,3rd Item,2526,Whispering Circlet,0.689,132358
16.9,3rd Item,3003,Archangel's Staff,-0.9642,4046
16.9,3rd Item,3041,Mejai's Soulstealer,-0.5819,426
16.9,3rd Item,3089,Rabadon's Deathcap,0.2912,166
16.9,3rd Item,3102,Banshee's Veil,-2.0968,128
16.9,3rd Item,3107,Redemption,0.1401,5622
16.9,3rd Item,3116,Rylai's Crystal Scepter,-1.0871,28382
16.9,3rd Item,3118,Malignance,-2.0845,1000
16.9,3rd Item,3137,Cryptbloom,-5.8693,145
16.9,3rd Item,3157,Zhonya's Hourglass,-0.6814,1037
16.9,3rd Item,3165,Morellonomicon,-1.3547,1994
16.9,3rd Item,3190,Locket of the Iron Solari,1.6152,660
16.9,3rd Item,3222,Mikael's Blessing,0.4019,5426
16.9,3rd Item,3504,Ardent Censer,-0.3115,1221
16.9,3rd Item,4005,Imperial Mandate,-0.6501,1226
16.9,3rd Item,4628,Horizon Focus,-3.3431,241
16.9,3rd Item,4645,Shadowflame,-4.4526,1056
16.9,3rd Item,4646,Stormsurge,-2.0559,766
16.9,3rd Item,6616,Staff of Flowing Water,2.1259,641
16.9,3rd Item,6617,Moonstone Renewer,-0.4142,34497
16.9,3rd Item,6620,Echoes of Helia,-0.4279,17844
16.9,3rd Item,6621,Dawncore,-2.5413,360
16.9,3rd Item,6653,Liandry's Torment,-2.1193,4095
16.9,3rd Item,6655,Luden's Echo,-4.123,2176
16.9,4th+ Item,2065,Shurelya's Battlesong,-0.4009,1999
16.9,4th+ Item,2503,Blackfire Torch,-1.8259,4455
16.9,4th+ Item,2504,Kaenic Rookern,4.7886,111
16.9,4th+ Item,2524,Bandlepipes,0.1811,487
16.9,4th+ Item,2526,Whispering Circlet,0.406,14691
16.9,4th+ Item,3003,Archangel's Staff,0.3659,1340
16.9,4th+ Item,3041,Mejai's Soulstealer,-1.0614,945
16.9,4th+ Item,3089,Rabadon's Deathcap,-2.3833,1012
16.9,4th+ Item,3102,Banshee's Veil,-2.6611,560
16.9,4th+ Item,3107,Redemption,0.2329,17649
16.9,4th+ Item,3109,Knight's Vow,2.8393,243
16.9,4th+ Item,3110,Frozen Heart,-5.1462,236
16.9,4th+ Item,3116,Rylai's Crystal Scepter,-0.1386,23231
16.9,4th+ Item,3118,Malignance,-0.9684,557
16.9,4th+ Item,3135,Void Staff,-1.1289,184
16.9,4th+ Item,3137,Cryptbloom,-0.6172,585
16.9,4th+ Item,3143,Randuin's Omen,1.2624,117
16.9,4th+ Item,3157,Zhonya's Hourglass,-0.9873,2412
16.9,4th+ Item,3165,Morellonomicon,-1.1055,10130
16.9,4th+ Item,3190,Locket of the Iron Solari,-0.0932,1721
16.9,4th+ Item,3222,Mikael's Blessing,0.516,5787
16.9,4th+ Item,3504,Ardent Censer,0.0142,2467
16.9,4th+ Item,4005,Imperial Mandate,-1.1637,771
16.9,4th+ Item,4628,Horizon Focus,-5.079,361
16.9,4th+ Item,4629,Cosmic Drive,0.1797,166
16.9,4th+ Item,4645,Shadowflame,-2.5751,882
16.9,4th+ Item,4646,Stormsurge,-0.4332,366
16.9,4th+ Item,6616,Staff of Flowing Water,2.5964,1979
16.9,4th+ Item,6617,Moonstone Renewer,0.2588,63922
16.9,4th+ Item,6620,Echoes of Helia,0.4465,6588
16.9,4th+ Item,6621,Dawncore,1.3163,5080
16.9,4th+ Item,6653,Liandry's Torment,-0.6829,3856
16.9,4th+ Item,6655,Luden's Echo,-3.2925,1549
16.9,4th+ Item,8010,Bloodletter's Curse,-0.954,296
16.9,All Items,2065,Shurelya's Battlesong,-0.388,3772
16.9,All Items,2503,Blackfire Torch,-2.2575,19401
16.9,All Items,2504,Kaenic Rookern,6.2778,141
16.9,All Items,2524,Bandlepipes,1.1586,896
16.9,All Items,2526,Whispering Circlet,0.5491,156378
16.9,All Items,3003,Archangel's Staff,-0.6756,7528
16.9,All Items,3041,Mejai's Soulstealer,-1.3519,1480
16.9,All Items,3089,Rabadon's Deathcap,-1.9474,1231
16.9,All Items,3102,Banshee's Veil,-2.6117,706
16.9,All Items,3107,Redemption,0.2697,24795
16.9,All Items,3109,Knight's Vow,1.7061,296
16.9,All Items,3110,Frozen Heart,-3.7171,324
16.9,All Items,3116,Rylai's Crystal Scepter,-1.0029,95756
16.9,All Items,3118,Malignance,-2.4926,3106
16.9,All Items,3135,Void Staff,-1.8438,219
16.9,All Items,3137,Cryptbloom,-1.5821,743
16.9,All Items,3143,Randuin's Omen,2.1328,146
16.9,All Items,3157,Zhonya's Hourglass,-0.8452,3611
16.9,All Items,3165,Morellonomicon,-1.2057,12393
16.9,All Items,3190,Locket of the Iron Solari,0.3547,2557
16.9,All Items,3222,Mikael's Blessing,0.1233,14682
16.9,All Items,3504,Ardent Censer,-0.0787,4271
16.9,All Items,4005,Imperial Mandate,-0.5561,3045
16.9,All Items,4628,Horizon Focus,-3.9935,626
16.9,All Items,4629,Cosmic Drive,2.0099,263
16.9,All Items,4645,Shadowflame,-3.5702,1998
16.9,All Items,4646,Stormsurge,-1.7162,1186
16.9,All Items,6616,Staff of Flowing Water,2.4953,3002
16.9,All Items,6617,Moonstone Renewer,-0.0134,105248
16.9,All Items,6620,Echoes of Helia,0.5787,222883
16.9,All Items,6621,Dawncore,1.0272,5523
16.9,All Items,6653,Liandry's Torment,-1.4507,9291
16.9,All Items,6655,Luden's Echo,-2.8736,9633
16.9,All Items,6657,Rod of Ages,-5.2477,125
16.9,All Items,8010,Bloodletter's Curse,-1.7886,417
16.10,Keystone,8369,First Strike,1.3511,508
16.10,Keystone,8230,Stormraider's Surge,1.6763,133
16.10,Keystone,8010,Conqueror,-3.5655,131
16.10,Keystone,8214,Summon Aery,0.2085,284285
16.10,Keystone,8465,Guardian,0.8996,6833
16.10,Keystone,8360,Unsealed Spellbook,1.196,139
16.10,Keystone,8229,Arcane Comet,-0.8723,45737
16.10,Keystone,8992,Deathfire Touch,-2.4854,8139
16.10,Keystone,8128,Dark Harvest,0.605,1366
16.10,Keystone,8112,Electrocute,-2.9399,1970
16.10,Keystone,8439,Aftershock,-2.7155,125
16.10,Keystone,8351,Glacial Augment,1.3117,674
16.10,Spell,3,Exhaust,-0.9265,32206
16.10,Spell,4,Flash,-0.0016,350287
16.10,Spell,7,Heal,0.2068,306622
16.10,Spell,12,Teleport,-3.8336,289
16.10,Spell,14,Ignite,-2.7985,10707
16.10,Spell,21,Barrier,-2.5519,570
16.10,Starter,3865,World Atlas,0.0,350413
16.10,Boots,3009,Boots of Swiftness,-0.8825,9270
16.10,Boots,3020,Sorcerer's Shoes,-2.5294,12963
16.10,Boots,3047,Plated Steelcaps,0.5408,2629
16.10,Boots,3111,Mercury's Treads,-0.11,2501
16.10,Boots,3158,Ionian Boots of Lucidity,0.13,310008
16.10,2nd Item,2065,Shurelya's Battlesong,-2.2936,807
16.10,2nd Item,2503,Blackfire Torch,-2.2584,9804
16.10,2nd Item,2526,Whispering Circlet,-1.3122,11707
16.10,2nd Item,3003,Archangel's Staff,-0.5465,2581
16.10,2nd Item,3041,Mejai's Soulstealer,-3.1964,107
16.10,2nd Item,3107,Redemption,1.2178,1704
16.10,2nd Item,3116,Rylai's Crystal Scepter,-1.1736,53192
16.10,2nd Item,3118,Malignance,-4.6727,1758
16.10,2nd Item,3157,Zhonya's Hourglass,-1.5302,155
16.10,2nd Item,3165,Morellonomicon,-1.828,287
16.10,2nd Item,3190,Locket of the Iron Solari,0.7804,239
16.10,2nd Item,3222,Mikael's Blessing,-0.7022,4413
16.10,2nd Item,3504,Ardent Censer,-3.7213,713
16.10,2nd Item,4005,Imperial Mandate,0.5382,1356
16.10,2nd Item,6616,Staff of Flowing Water,3.8872,469
16.10,2nd Item,6617,Moonstone Renewer,-0.6303,7835
16.10,2nd Item,6620,Echoes of Helia,0.6101,239406
16.10,2nd Item,6653,Liandry's Torment,-2.745,1555
16.10,2nd Item,6655,Luden's Echo,-2.9877,7050
16.10,2nd Item,6657,Rod of Ages,-3.5014,137
16.10,3rd Item,2065,Shurelya's Battlesong,-0.6531,1297
16.10,3rd Item,2503,Blackfire Torch,-1.7274,4381
16.10,3rd Item,2524,Bandlepipes,-2.3813,339
16.10,3rd Item,2526,Whispering Circlet,0.6957,154937
16.10,3rd Item,3003,Archangel's Staff,-0.2858,4516
16.10,3rd Item,3041,Mejai's Soulstealer,-1.7308,563
16.10,3rd Item,3089,Rabadon's Deathcap,-3.2833,250
16.10,3rd Item,3102,Banshee's Veil,1.2124,157
16.10,3rd Item,3107,Redemption,0.1841,6669
16.10,3rd Item,3109,Knight's Vow,-3.2294,111
16.10,3rd Item,3116,Rylai's Crystal Scepter,-0.9733,35576
16.10,3rd Item,3118,Malignance,-0.9624,1272
16.10,3rd Item,3137,Cryptbloom,-4.8918,154
16.10,3rd Item,3152,Hextech Rocketbelt,-1.3483,109
16.10,3rd Item,3157,Zhonya's Hourglass,-1.8366,1335
16.10,3rd Item,3165,Morellonomicon,-2.4095,2640
16.10,3rd Item,3190,Locket of the Iron Solari,-0.6806,874
16.10,3rd Item,3222,Mikael's Blessing,-0.4454,7318
16.10,3rd Item,3504,Ardent Censer,-0.1836,1430
16.10,3rd Item,4005,Imperial Mandate,2.3489,1340
16.10,3rd Item,4628,Horizon Focus,-3.9594,262
16.10,3rd Item,4645,Shadowflame,-4.8583,1242
16.10,3rd Item,4646,Stormsurge,-3.5595,703
16.10,3rd Item,6616,Staff of Flowing Water,-1.1213,701
16.10,3rd Item,6617,Moonstone Renewer,-0.6196,41453
16.10,3rd Item,6620,Echoes of Helia,0.2554,22993
16.10,3rd Item,6621,Dawncore,2.1719,378
16.10,3rd Item,6653,Liandry's Torment,-2.5923,4184
16.10,3rd Item,6655,Luden's Echo,-3.1991,2545
16.10,3rd Item,8010,Bloodletter's Curse,-0.926,111
16.10,4th+ Item,2065,Shurelya's Battlesong,-0.7423,2443
16.10,4th+ Item,2503,Blackfire Torch,-2.2407,5182
16.10,4th+ Item,2504,Kaenic Rookern,0.3629,131
16.10,4th+ Item,2524,Bandlepipes,-1.6585,612
16.10,4th+ Item,2526,Whispering Circlet,-0.022,18714
16.10,4th+ Item,3003,Archangel's Staff,-0.5502,1543
16.10,4th+ Item,3041,Mejai's Soulstealer,-2.2789,1099
16.10,4th+ Item,3089,Rabadon's Deathcap,-2.6553,1201
16.10,4th+ Item,3102,Banshee's Veil,0.9398,643
16.10,4th+ Item,3107,Redemption,0.4414,20457
16.10,4th+ Item,3109,Knight's Vow,-0.9954,420
16.10,4th+ Item,3110,Frozen Heart,-1.4686,253
16.10,4th+ Item,3116,Rylai's Crystal Scepter,-0.0784,28827
16.10,4th+ Item,3118,Malignance,-2.9787,688
16.10,4th+ Item,3135,Void Staff,-2.4123,250
16.10,4th+ Item,3137,Cryptbloom,-1.4292,540
16.10,4th+ Item,3143,Randuin's Omen,1.6323,150
16.10,4th+ Item,3157,Zhonya's Hourglass,-0.6093,2882
16.10,4th+ Item,3165,Morellonomicon,-0.2614,12474
16.10,4th+ Item,3190,Locket of the Iron Solari,1.2896,2102
16.10,4th+ Item,3222,Mikael's Blessing,0.502,7574
16.10,4th+ Item,3504,Ardent Censer,0.269,3157
16.10,4th+ Item,4005,Imperial Mandate,-1.8546,1110
16.10,4th+ Item,4628,Horizon Focus,-4.7836,372
16.10,4th+ Item,4629,Cosmic Drive,-4.9833,234
16.10,4th+ Item,4645,Shadowflame,-4.2934,988
16.10,4th+ Item,4646,Stormsurge,-1.9767,411
16.10,4th+ Item,6616,Staff of Flowing Water,0.6081,2027
16.10,4th+ Item,6617,Moonstone Renewer,0.4572,75325
16.10,4th+ Item,6620,Echoes of Helia,-0.1178,8115
16.10,4th+ Item,6621,Dawncore,0.9892,5563
16.10,4th+ Item,6653,Liandry's Torment,-1.6905,3879
16.10,4th+ Item,6655,Luden's Echo,-2.9001,1983
16.10,4th+ Item,8010,Bloodletter's Curse,-2.5579,305
16.10,All Items,2065,Shurelya's Battlesong,-1.0184,4570
16.10,All Items,2503,Blackfire Torch,-2.1226,19407
16.10,All Items,2504,Kaenic Rookern,2.8979,180
16.10,All Items,2524,Bandlepipes,-2.1857,1002
16.10,All Items,2526,Whispering Circlet,0.4961,185380
16.10,All Items,3003,Archangel's Staff,-0.421,8643
16.10,All Items,3041,Mejai's Soulstealer,-2.1478,1770
16.10,All Items,3089,Rabadon's Deathcap,-2.5749,1516
16.10,All Items,3102,Banshee's Veil,0.9282,833
16.10,All Items,3107,Redemption,0.4372,28915
16.10,All Items,3109,Knight's Vow,-1.293,564
16.10,All Items,3110,Frozen Heart,-2.7153,356
16.10,All Items,3116,Rylai's Crystal Scepter,-0.8453,117652
16.10,All Items,3118,Malignance,-3.0827,3723
16.10,All Items,3119,Winter's Approach,-4.703,114
16.10,All Items,3135,Void Staff,-3.3268,301
16.10,All Items,3137,Cryptbloom,-2.5309,707
16.10,All Items,3143,Randuin's Omen,-1.452,194
16.10,All Items,3152,Hextech Rocketbelt,1.5867,183
16.10,All Items,3157,Zhonya's Hourglass,-0.9793,4430
16.10,All Items,3165,Morellonomicon,-0.6469,15462
16.10,All Items,3190,Locket of the Iron Solari,0.6775,3233
16.10,All Items,3222,Mikael's Blessing,-0.1299,19321
16.10,All Items,3504,Ardent Censer,-0.3887,5319
16.10,All Items,4005,Imperial Mandate,0.4727,3808
16.10,All Items,4628,Horizon Focus,-4.2535,642
16.10,All Items,4629,Cosmic Drive,-3.4461,327
16.10,All Items,4645,Shadowflame,-4.9606,2287
16.10,All Items,4646,Stormsurge,-2.9181,1180
16.10,All Items,6616,Staff of Flowing Water,0.7264,3207
16.10,All Items,6617,Moonstone Renewer,0.0277,124685
16.10,All Items,6620,Echoes of Helia,0.5582,270533
16.10,All Items,6621,Dawncore,0.9792,6047
16.10,All Items,6653,Liandry's Torment,-2.2474,9670
16.10,All Items,6655,Luden's Echo,-3.0242,11604
16.10,All Items,6657,Rod of Ages,-5.9314,190
16.10,All Items,8010,Bloodletter's Curse,-1.7235,433
16.11,Keystone,8369,First Strike,0.1767,626
16.11,Keystone,8230,Stormraider's Surge,-0.4809,132
16.11,Keystone,8010,Conqueror,2.8419,121
16.11,Keystone,8214,Summon Aery,0.0054,222497
16.11,Keystone,8465,Guardian,1.4834,6279
16.11,Keystone,8360,Unsealed Spellbook,2.1306,144
16.11,Keystone,8229,Arcane Comet,0.0028,58432
16.11,Keystone,8992,Deathfire Touch,-1.2507,4980
16.11,Keystone,8128,Dark Harvest,-0.8166,1224
16.11,Keystone,8112,Electrocute,-1.6844,1927
16.11,Keystone,8439,Aftershock,-2.3251,126
16.11,Keystone,8351,Glacial Augment,1.6901,853
16.11,Spell,3,Exhaust,-0.7717,29451
16.11,Spell,4,Flash,0.0006,297522
16.11,Spell,7,Heal,0.2151,258057
16.11,Spell,12,Teleport,-4.0467,261
16.11,Spell,14,Ignite,-3.2856,9403
16.11,Spell,21,Barrier,-1.1994,510
16.11,Starter,3865,World Atlas,0.0,297647
16.11,Boots,3009,Boots of Swiftness,0.0881,7522
16.11,Boots,3020,Sorcerer's Shoes,-2.6504,11331
16.11,Boots,3047,Plated Steelcaps,-0.1465,2345
16.11,Boots,3111,Mercury's Treads,0.6498,2562
16.11,Boots,3158,Ionian Boots of Lucidity,0.1239,262864
16.11,2nd Item,2065,Shurelya's Battlesong,-0.0725,708
16.11,2nd Item,2503,Blackfire Torch,-1.5222,8225
16.11,2nd Item,2526,Whispering Circlet,-1.4576,8998
16.11,2nd Item,3003,Archangel's Staff,-0.7744,2205
16.11,2nd Item,3041,Mejai's Soulstealer,-1.5209,116
16.11,2nd Item,3107,Redemption,1.3593,1543
16.11,2nd Item,3116,Rylai's Crystal Scepter,-0.8965,51121
16.11,2nd Item,3118,Malignance,-3.2553,1517
16.11,2nd Item,3165,Morellonomicon,-3.525,247
16.11,2nd Item,3190,Locket of the Iron Solari,2.9315,331
16.11,2nd Item,3222,Mikael's Blessing,-0.8115,3850
16.11,2nd Item,3504,Ardent Censer,-1.3277,567
16.11,2nd Item,4005,Imperial Mandate,0.8047,28918
16.11,2nd Item,6616,Staff of Flowing Water,3.0737,419
16.11,2nd Item,6617,Moonstone Renewer,-0.1264,6746
16.11,2nd Item,6620,Echoes of Helia,0.5082,169653
16.11,2nd Item,6653,Liandry's Torment,-4.8381,1163
16.11,2nd Item,6655,Luden's Echo,-3.4033,6764
16.11,3rd Item,2065,Shurelya's Battlesong,-0.6778,1231
16.11,3rd Item,2503,Blackfire Torch,-1.7847,3522
16.11,3rd Item,2524,Bandlepipes,-3.247,303
16.11,3rd Item,2526,Whispering Circlet,0.5862,105541
16.11,3rd Item,3003,Archangel's Staff,-0.7227,4074
16.11,3rd Item,3041,Mejai's Soulstealer,-1.3701,493
16.11,3rd Item,3089,Rabadon's Deathcap,-9.6805,193
16.11,3rd Item,3102,Banshee's Veil,-3.8684,151
16.11,3rd Item,3107,Redemption,0.5317,5309
16.11,3rd Item,3109,Knight's Vow,1.8128,411
16.11,3rd Item,3116,Rylai's Crystal Scepter,0.0844,51134
16.11,3rd Item,3118,Malignance,-1.8006,1424
16.11,3rd Item,3137,Cryptbloom,1.6248,115
16.11,3rd Item,3157,Zhonya's Hourglass,-0.0608,1110
16.11,3rd Item,3165,Morellonomicon,-1.3581,2411
16.11,3rd Item,3190,Locket of the Iron Solari,2.0839,973
16.11,3rd Item,3222,Mikael's Blessing,-0.2177,5850
16.11,3rd Item,3504,Ardent Censer,-1.4316,1260
16.11,3rd Item,4005,Imperial Mandate,-0.4388,9433
16.11,3rd Item,4628,Horizon Focus,-1.9268,223
16.11,3rd Item,4645,Shadowflame,-1.0757,1065
16.11,3rd Item,4646,Stormsurge,-6.2073,464
16.11,3rd Item,6616,Staff of Flowing Water,-0.1767,753
16.11,3rd Item,6617,Moonstone Renewer,-0.7926,31448
16.11,3rd Item,6620,Echoes of Helia,-0.2014,18501
16.11,3rd Item,6621,Dawncore,0.7697,284
16.11,3rd Item,6653,Liandry's Torment,-1.6421,3426
16.11,3rd Item,6655,Luden's Echo,-2.2033,2135
16.11,3rd Item,8010,Bloodletter's Curse,-2.7687,113
16.11,4th+ Item,2065,Shurelya's Battlesong,-0.8375,4547
16.11,4th+ Item,2503,Blackfire Torch,-2.342,4636
16.11,4th+ Item,2504,Kaenic Rookern,-4.0011,116
16.11,4th+ Item,2524,Bandlepipes,0.0528,731
16.11,4th+ Item,2526,Whispering Circlet,0.3218,15693
16.11,4th+ Item,3003,Archangel's Staff,-1.5808,1748
16.11,4th+ Item,3041,Mejai's Soulstealer,0.0446,982
16.11,4th+ Item,3089,Rabadon's Deathcap,-3.1913,1044
16.11,4th+ Item,3102,Banshee's Veil,1.1352,600
16.11,4th+ Item,3107,Redemption,0.2784,16506
16.11,4th+ Item,3109,Knight's Vow,-0.278,1052
16.11,4th+ Item,3110,Frozen Heart,-1.1295,234
16.11,4th+ Item,3116,Rylai's Crystal Scepter,0.3763,23115
16.11,4th+ Item,3118,Malignance,-0.9756,939
16.11,4th+ Item,3135,Void Staff,-3.086,198
16.11,4th+ Item,3137,Cryptbloom,-0.9255,567
16.11,4th+ Item,3143,Randuin's Omen,-1.031,110
16.11,4th+ Item,3157,Zhonya's Hourglass,-1.7365,2651
16.11,4th+ Item,3165,Morellonomicon,-0.0083,11292
16.11,4th+ Item,3190,Locket of the Iron Solari,1.5035,2231
16.11,4th+ Item,3222,Mikael's Blessing,-0.1242,6017
16.11,4th+ Item,3504,Ardent Censer,0.6826,2462
16.11,4th+ Item,4005,Imperial Mandate,-0.5868,3390
16.11,4th+ Item,4628,Horizon Focus,0.1068,1144
16.11,4th+ Item,4629,Cosmic Drive,-0.4977,274
16.11,4th+ Item,4645,Shadowflame,-2.69,927
16.11,4th+ Item,4646,Stormsurge,1.4385,292
16.11,4th+ Item,6616,Staff of Flowing Water,1.6694,2075
16.11,4th+ Item,6617,Moonstone Renewer,0.2186,51006
16.11,4th+ Item,6620,Echoes of Helia,0.1056,8344
16.11,4th+ Item,6621,Dawncore,0.3262,4016
16.11,4th+ Item,6653,Liandry's Torment,-0.2145,3438
16.11,4th+ Item,6655,Luden's Echo,-3.2289,1671
16.11,4th+ Item,8010,Bloodletter's Curse,-0.5992,521
16.11,All Items,2065,Shurelya's Battlesong,-0.7272,6500
16.11,All Items,2503,Blackfire Torch,-1.822,16422
16.11,All Items,2504,Kaenic Rookern,-2.9713,149
16.11,All Items,2524,Bandlepipes,-0.8092,1079
16.11,All Items,2526,Whispering Circlet,0.4124,130252
16.11,All Items,3003,Archangel's Staff,-0.9284,8032
16.11,All Items,3041,Mejai's Soulstealer,-0.5079,1591
16.11,All Items,3089,Rabadon's Deathcap,-3.7917,1303
16.11,All Items,3102,Banshee's Veil,0.3832,772
16.11,All Items,3107,Redemption,0.4129,23417
16.11,All Items,3109,Knight's Vow,0.189,1558
16.11,All Items,3110,Frozen Heart,1.4604,344
16.11,All Items,3116,Rylai's Crystal Scepter,-0.2629,125424
16.11,All Items,3118,Malignance,-2.1432,3891
16.11,All Items,3119,Winter's Approach,-5.9056,115
16.11,All Items,3135,Void Staff,-3.0992,239
16.11,All Items,3137,Cryptbloom,-0.4353,698
16.11,All Items,3143,Randuin's Omen,-2.5874,141
16.11,All Items,3152,Hextech Rocketbelt,-3.5815,160
16.11,All Items,3157,Zhonya's Hourglass,-1.4181,3900
16.11,All Items,3165,Morellonomicon,-0.313,14007
16.11,All Items,3190,Locket of the Iron Solari,1.8022,3553
16.11,All Items,3222,Mikael's Blessing,-0.3255,15727
16.11,All Items,3504,Ardent Censer,-0.1768,4306
16.11,All Items,4005,Imperial Mandate,0.4091,41754
16.11,All Items,4628,Horizon Focus,-0.0938,1389
16.11,All Items,4629,Cosmic Drive,-0.1076,378
16.11,All Items,4645,Shadowflame,-2.0234,2043
16.11,All Items,4646,Stormsurge,-3.4538,783
16.11,All Items,6616,Staff of Flowing Water,1.4383,3254
16.11,All Items,6617,Moonstone Renewer,-0.1618,89245
16.11,All Items,6620,Echoes of Helia,0.4257,196516
16.11,All Items,6621,Dawncore,0.18,4381
16.11,All Items,6653,Liandry's Torment,-1.4616,8086
16.11,All Items,6655,Luden's Echo,-3.1283,10594
16.11,All Items,8010,Bloodletter's Curse,-1.0273,651
16.12,Keystone,8008,Lethal Tempo,-9.7971,107
16.12,Keystone,8010,Conqueror,-8.5201,194
16.12,Keystone,8112,Electrocute,-1.6687,2011
16.12,Keystone,8128,Dark Harvest,-4.5612,1239
16.12,Keystone,8214,Summon Aery,0.0975,234254
16.12,Keystone,8229,Arcane Comet,-0.2123,64997
16.12,Keystone,8351,Glacial Augment,6.1456,958
16.12,Keystone,8360,Unsealed Spellbook,-0.1283,142
16.12,Keystone,8369,First Strike,2.3593,641
16.12,Keystone,8439,Aftershock,-5.1014,165
16.12,Keystone,8465,Guardian,1.1244,6551
16.12,Keystone,8992,Deathfire Touch,-1.9721,4463
16.12,Spell,3,Exhaust,-0.5327,32467
16.12,Spell,4,Flash,-0.0,315882
16.12,Spell,7,Heal,0.2007,271634
16.12,Spell,12,Teleport,-8.9986,319
16.12,Spell,14,Ignite,-2.9132,11080
16.12,Spell,21,Barrier,-2.8112,595
16.12,Starter,3865,World Atlas,-0.0,316046
16.12,Boots,3009,Boots of Swiftness,-0.5837,7938
16.12,Boots,3020,Sorcerer's Shoes,-2.1281,12681
16.12,Boots,3047,Plated Steelcaps,1.2956,2437
16.12,Boots,3111,Mercury's Treads,-0.4974,2822
16.12,Boots,3158,Ionian Boots of Lucidity,0.2158,278753
16.12,2nd Item,2065,Shurelya's Battlesong,-0.5088,598
16.12,2nd Item,2503,Blackfire Torch,-2.4877,8667
16.12,2nd Item,2526,Whispering Circlet,-1.6303,8774
16.12,2nd Item,3003,Archangel's Staff,-0.6798,2508
16.12,2nd Item,3041,Mejai's Soulstealer,1.6844,108
16.12,2nd Item,3107,Redemption,-0.7069,1399
16.12,2nd Item,3116,Rylai's Crystal Scepter,-0.4494,64602
16.12,2nd Item,3118,Malignance,-2.8353,1514
16.12,2nd Item,3157,Zhonya's Hourglass,-3.5641,129
16.12,2nd Item,3165,Morellonomicon,-1.9437,227
16.12,2nd Item,3190,Locket of the Iron Solari,0.3425,209
16.12,2nd Item,3222,Mikael's Blessing,-0.2774,3557
16.12,2nd Item,3504,Ardent Censer,-1.023,499
16.12,2nd Item,4005,Imperial Mandate,0.7575,31275
16.12,2nd Item,6616,Staff of Flowing Water,4.3566,518
16.12,2nd Item,6617,Moonstone Renewer,-1.0482,6529
16.12,2nd Item,6620,Echoes of Helia,0.5218,171721
16.12,2nd Item,6653,Liandry's Torment,-2.9199,1290
16.12,2nd Item,6655,Luden's Echo,-4.2136,6995
16.12,3rd Item,2065,Shurelya's Battlesong,-0.8013,1089
16.12,3rd Item,2503,Blackfire Torch,-1.5505,3927
16.12,3rd Item,2524,Bandlepipes,1.0742,297
16.12,3rd Item,2526,Whispering Circlet,0.522,105932
16.12,3rd Item,3003,Archangel's Staff,0.108,3920
16.12,3rd Item,3041,Mejai's Soulstealer,1.3001,566
16.12,3rd Item,3089,Rabadon's Deathcap,-3.4293,184
16.12,3rd Item,3102,Banshee's Veil,-6.9268,173
16.12,3rd Item,3107,Redemption,0.7766,4401
16.12,3rd Item,3109,Knight's Vow,4.2818,297
16.12,3rd Item,3116,Rylai's Crystal Scepter,0.0254,56701
16.12,3rd Item,3118,Malignance,-1.7389,1077
16.12,3rd Item,3137,Cryptbloom,-0.8396,113
16.12,3rd Item,3152,Hextech Rocketbelt,-1.958,135
16.12,3rd Item,3157,Zhonya's Hourglass,-0.1108,1188
16.12,3rd Item,3165,Morellonomicon,-2.117,2648
16.12,3rd Item,3190,Locket of the Iron Solari,2.0653,863
16.12,3rd Item,3222,Mikael's Blessing,-0.3705,5260
16.12,3rd Item,3504,Ardent Censer,-3.6568,1036
16.12,3rd Item,4005,Imperial Mandate,0.3587,18148
16.12,3rd Item,4628,Horizon Focus,-1.7119,224
16.12,3rd Item,4645,Shadowflame,-2.8829,960
16.12,3rd Item,4646,Stormsurge,-2.4448,432
16.12,3rd Item,6616,Staff of Flowing Water,1.5536,668
16.12,3rd Item,6617,Moonstone Renewer,-0.8652,31703
16.12,3rd Item,6620,Echoes of Helia,-0.2413,20046
16.12,3rd Item,6621,Dawncore,-0.9372,247
16.12,3rd Item,6653,Liandry's Torment,-2.4253,3679
16.12,3rd Item,6655,Luden's Echo,-1.1769,2372
16.12,4th+ Item,2065,Shurelya's Battlesong,0.3246,3402
16.12,4th+ Item,2503,Blackfire Torch,-0.8201,4995
16.12,4th+ Item,2504,Kaenic Rookern,-3.1135,108
16.12,4th+ Item,2524,Bandlepipes,1.5629,587
16.12,4th+ Item,2526,Whispering Circlet,0.3024,16656
16.12,4th+ Item,3003,Archangel's Staff,-1.0565,1776
16.12,4th+ Item,3041,Mejai's Soulstealer,0.9364,1170
16.12,4th+ Item,3089,Rabadon's Deathcap,-3.1632,1059
16.12,4th+ Item,3102,Banshee's Veil,1.7767,642
16.12,4th+ Item,3107,Redemption,0.4364,14883
16.12,4th+ Item,3109,Knight's Vow,0.9182,986
16.12,4th+ Item,3110,Frozen Heart,1.0748,232
16.12,4th+ Item,3116,Rylai's Crystal Scepter,-0.0574,25557
16.12,4th+ Item,3118,Malignance,-0.9112,881
16.12,4th+ Item,3135,Void Staff,-5.0356,208
16.12,4th+ Item,3137,Cryptbloom,-3.8103,629
16.12,4th+ Item,3143,Randuin's Omen,-7.267,130
16.12,4th+ Item,3157,Zhonya's Hourglass,-0.8865,2939
16.12,4th+ Item,3165,Morellonomicon,-0.3417,12364
16.12,4th+ Item,3190,Locket of the Iron Solari,2.1529,1994
16.12,4th+ Item,3222,Mikael's Blessing,-0.0793,5432
16.12,4th+ Item,3504,Ardent Censer,0.1494,1973
16.12,4th+ Item,4005,Imperial Mandate,-0.8122,8342
16.12,4th+ Item,4628,Horizon Focus,-0.5851,1139
16.12,4th+ Item,4629,Cosmic Drive,-0.1703,246
16.12,4th+ Item,4645,Shadowflame,-2.9506,917
16.12,4th+ Item,4646,Stormsurge,-0.2087,304
16.12,4th+ Item,6616,Staff of Flowing Water,1.6918,2039
16.12,4th+ Item,6617,Moonstone Renewer,0.2057,52602
16.12,4th+ Item,6620,Echoes of Helia,0.2858,10545
16.12,4th+ Item,6621,Dawncore,0.9082,3371
16.12,4th+ Item,6653,Liandry's Torment,-0.2729,3768
16.12,4th+ Item,6655,Luden's Echo,-3.7319,1686
16.12,4th+ Item,8010,Bloodletter's Curse,0.7577,454
16.12,All Items,2065,Shurelya's Battlesong,-0.0285,5110
16.12,All Items,2503,Blackfire Torch,-1.8143,17613
16.12,All Items,2504,Kaenic Rookern,-0.4057,146
16.12,All Items,2524,Bandlepipes,1.6144,923
16.12,All Items,2526,Whispering Circlet,0.3496,131374
16.12,All Items,3003,Archangel's Staff,-0.3881,8206
16.12,All Items,3041,Mejai's Soulstealer,1.0365,1847
16.12,All Items,3089,Rabadon's Deathcap,-3.0047,1311
16.12,All Items,3102,Banshee's Veil,-0.0719,842
16.12,All Items,3107,Redemption,0.4394,20744
16.12,All Items,3109,Knight's Vow,2.1107,1326
16.12,All Items,3110,Frozen Heart,-0.0094,329
16.12,All Items,3116,Rylai's Crystal Scepter,-0.1988,146909
16.12,All Items,3118,Malignance,-1.9648,3482
16.12,All Items,3119,Winter's Approach,-3.6228,136
16.12,All Items,3135,Void Staff,-5.2993,251
16.12,All Items,3137,Cryptbloom,-3.662,751
16.12,All Items,3143,Randuin's Omen,-8.819,151
16.12,All Items,3152,Hextech Rocketbelt,-1.8508,290
16.12,All Items,3157,Zhonya's Hourglass,-0.8136,4309
16.12,All Items,3165,Morellonomicon,-0.6758,15300
16.12,All Items,3190,Locket of the Iron Solari,2.0699,3081
16.12,All Items,3222,Mikael's Blessing,-0.2389,14272
16.12,All Items,3504,Ardent Censer,-1.1244,3520
16.12,All Items,4005,Imperial Mandate,0.4074,57789
16.12,All Items,4628,Horizon Focus,-0.6657,1393
16.12,All Items,4629,Cosmic Drive,-0.9198,322
16.12,All Items,4645,Shadowflame,-2.911,1911
16.12,All Items,4646,Stormsurge,-1.6597,778
16.12,All Items,6616,Staff of Flowing Water,2.1027,3233
16.12,All Items,6617,Moonstone Renewer,-0.2587,90901
16.12,All Items,6620,Echoes of Helia,0.433,202341
16.12,All Items,6621,Dawncore,0.6448,3703
16.12,All Items,6653,Liandry's Torment,-1.5643,8778
16.12,All Items,6655,Luden's Echo,-3.4731,11070
16.12,All Items,8010,Bloodletter's Curse,-0.1961,561
16.12,All Items,8020,Abyssal Mask,1.7806,103
16.13,Keystone,8005,Press the Attack,-8.0997,140
16.13,Keystone,8008,Lethal Tempo,-11.9934,170
16.13,Keystone,8010,Conqueror,-3.5315,207
16.13,Keystone,8112,Electrocute,-2.0809,3148
16.13,Keystone,8128,Dark Harvest,-2.8212,1703
16.13,Keystone,8214,Summon Aery,-0.0172,329193
16.13,Keystone,8229,Arcane Comet,0.1037,114204
16.13,Keystone,8230,Stormraider's Surge,-5.5356,136
16.13,Keystone,8351,Glacial Augment,4.0892,1348
16.13,Keystone,8360,Unsealed Spellbook,1.0673,165
16.13,Keystone,8369,First Strike,3.6829,866
16.13,Keystone,8439,Aftershock,-4.2401,190
16.13,Keystone,8465,Guardian,1.2348,8218
16.13,Keystone,8992,Deathfire Touch,-1.2295,5506
16.13,Spell,3,Exhaust,-0.8061,52121
16.13,Spell,4,Flash,0.001,465226
16.13,Spell,7,Heal,0.2202,395839
16.13,Spell,12,Teleport,-7.8163,497
16.13,Spell,14,Ignite,-2.4862,16163
16.13,Spell,21,Barrier,-0.169,834
16.13,Starter,3865,World Atlas,-0.0,465427
16.13,Boots,3009,Boots of Swiftness,-0.5048,11747
16.13,Boots,3020,Sorcerer's Shoes,-1.9402,19570
16.13,Boots,3047,Plated Steelcaps,2.143,3388
16.13,Boots,3111,Mercury's Treads,-0.4752,4403
16.13,Boots,3158,Ionian Boots of Lucidity,0.0964,409922
16.13,2nd Item,2065,Shurelya's Battlesong,-1.3383,889
16.13,2nd Item,2503,Blackfire Torch,-1.8486,12548
16.13,2nd Item,2526,Whispering Circlet,-1.149,11400
16.13,2nd Item,3003,Archangel's Staff,-0.8681,3726
16.13,2nd Item,3041,Mejai's Soulstealer,-0.9839,160
16.13,2nd Item,3107,Redemption,-0.3701,1307
16.13,2nd Item,3116,Rylai's Crystal Scepter,-0.2231,104007
16.13,2nd Item,3118,Malignance,-3.018,2352
16.13,2nd Item,3152,Hextech Rocketbelt,-0.02,153
16.13,2nd Item,3157,Zhonya's Hourglass,-1.6434,154
16.13,2nd Item,3165,Morellonomicon,-2.0452,373
16.13,2nd Item,3190,Locket of the Iron Solari,0.5142,283
16.13,2nd Item,3222,Mikael's Blessing,0.6521,4484
16.13,2nd Item,3504,Ardent Censer,-0.3201,781
16.13,2nd Item,4005,Imperial Mandate,0.5414,66534
16.13,2nd Item,6616,Staff of Flowing Water,1.4013,701
16.13,2nd Item,6617,Moonstone Renewer,-0.6728,9227
16.13,2nd Item,6620,Echoes of Helia,0.3204,227640
16.13,2nd Item,6653,Liandry's Torment,-1.541,1435
16.13,2nd Item,6655,Luden's Echo,-2.9554,10339
16.13,2nd Item,6657,Rod of Ages,-4.026,116
16.13,3rd Item,2065,Shurelya's Battlesong,-0.1848,1546
16.13,3rd Item,2503,Blackfire Torch,-1.7983,5245
16.13,3rd Item,2524,Bandlepipes,3.2312,397
16.13,3rd Item,2526,Whispering Circlet,0.3778,136382
16.13,3rd Item,3003,Archangel's Staff,-0.4191,5883
16.13,3rd Item,3041,Mejai's Soulstealer,-0.8093,779
16.13,3rd Item,3089,Rabadon's Deathcap,-0.7735,253
16.13,3rd Item,3102,Banshee's Veil,-2.3128,243
16.13,3rd Item,3107,Redemption,1.0499,5491
16.13,3rd Item,3109,Knight's Vow,6.4743,380
16.13,3rd Item,3116,Rylai's Crystal Scepter,0.0634,98559
16.13,3rd Item,3118,Malignance,-2.7366,1621
16.13,3rd Item,3119,Winter's Approach,-2.3695,204
16.13,3rd Item,3137,Cryptbloom,-2.2081,176
16.13,3rd Item,3152,Hextech Rocketbelt,0.6491,1002
16.13,3rd Item,3157,Zhonya's Hourglass,-0.9252,1914
16.13,3rd Item,3165,Morellonomicon,-0.772,3675
16.13,3rd Item,3190,Locket of the Iron Solari,1.4746,1398
16.13,3rd Item,3222,Mikael's Blessing,-0.1846,6728
16.13,3rd Item,3504,Ardent Censer,-0.8643,1678
16.13,3rd Item,4005,Imperial Mandate,0.2222,35081
16.13,3rd Item,4628,Horizon Focus,-2.1193,319
16.13,3rd Item,4645,Shadowflame,-3.9656,1290
16.13,3rd Item,4646,Stormsurge,-4.2978,614
16.13,3rd Item,6616,Staff of Flowing Water,1.991,1069
16.13,3rd Item,6617,Moonstone Renewer,-0.7565,43334
16.13,3rd Item,6620,Echoes of Helia,0.268,30234
16.13,3rd Item,6621,Dawncore,1.5193,359
16.13,3rd Item,6653,Liandry's Torment,-1.4944,5035
16.13,3rd Item,6655,Luden's Echo,-3.0237,4060
16.13,3rd Item,8010,Bloodletter's Curse,3.0716,141
16.13,4th+ Item,2065,Shurelya's Battlesong,0.1875,5381
16.13,4th+ Item,2503,Blackfire Torch,-1.6201,4345
16.13,4th+ Item,2504,Kaenic Rookern,6.714,250
16.13,4th+ Item,2524,Bandlepipes,-0.0291,1023
16.13,4th+ Item,2526,Whispering Circlet,0.2098,24868
16.13,4th+ Item,3003,Archangel's Staff,-0.5953,3092
16.13,4th+ Item,3041,Mejai's Soulstealer,-1.0229,1717
16.13,4th+ Item,3065,Spirit Visage,-6.4264,101
16.13,4th+ Item,3089,Rabadon's Deathcap,-2.6407,1652
16.13,4th+ Item,3102,Banshee's Veil,0.4833,1054
16.13,4th+ Item,3107,Redemption,0.9515,20539
16.13,4th+ Item,3109,Knight's Vow,1.0674,1182
16.13,4th+ Item,3110,Frozen Heart,-0.0675,376
16.13,4th+ Item,3116,Rylai's Crystal Scepter,0.121,36887
16.13,4th+ Item,3118,Malignance,-2.1887,1403
16.13,4th+ Item,3119,Winter's Approach,0.6684,394
16.13,4th+ Item,3135,Void Staff,-2.5693,323
16.13,4th+ Item,3137,Cryptbloom,-0.7881,995
16.13,4th+ Item,3143,Randuin's Omen,0.6585,236
16.13,4th+ Item,3152,Hextech Rocketbelt,-1.2312,432
16.13,4th+ Item,3157,Zhonya's Hourglass,-1.2676,4854
16.13,4th+ Item,3165,Morellonomicon,0.0293,19426
16.13,4th+ Item,3190,Locket of the Iron Solari,1.3821,3251
16.13,4th+ Item,3222,Mikael's Blessing,0.0297,7473
16.13,4th+ Item,3504,Ardent Censer,-0.5026,2989
16.13,4th+ Item,4005,Imperial Mandate,-0.3957,15754
16.13,4th+ Item,4628,Horizon Focus,1.4263,1531
16.13,4th+ Item,4629,Cosmic Drive,-0.4521,387
16.13,4th+ Item,4645,Shadowflame,-2.5886,1335
16.13,4th+ Item,4646,Stormsurge,0.1151,417
16.13,4th+ Item,6616,Staff of Flowing Water,0.3137,3293
16.13,4th+ Item,6617,Moonstone Renewer,0.0653,71519
16.13,4th+ Item,6620,Echoes of Helia,0.4596,18428
16.13,4th+ Item,6621,Dawncore,-0.075,4231
16.13,4th+ Item,6653,Liandry's Torment,-0.7381,5942
16.13,4th+ Item,6655,Luden's Echo,-1.7079,6863
16.13,4th+ Item,8010,Bloodletter's Curse,-0.089,686
16.13,4th+ Item,8020,Abyssal Mask,1.2345,166
16.13,All Items,2065,Shurelya's Battlesong,-0.0329,7848
16.13,All Items,2503,Blackfire Torch,-1.7795,22200
16.13,All Items,2504,Kaenic Rookern,5.9554,340
16.13,All Items,2524,Bandlepipes,0.7066,1488
16.13,All Items,2526,Whispering Circlet,0.2517,172678
16.13,All Items,3003,Archangel's Staff,-0.5916,12708
16.13,All Items,3041,Mejai's Soulstealer,-0.9777,2659
16.13,All Items,3050,Zeke's Convergence,2.8546,133
16.13,All Items,3065,Spirit Visage,-8.2639,130
16.13,All Items,3089,Rabadon's Deathcap,-2.5494,1993
16.13,All Items,3102,Banshee's Veil,-0.0658,1334
16.13,All Items,3107,Redemption,0.9208,27419
16.13,All Items,3109,Knight's Vow,2.3486,1606
16.13,All Items,3110,Frozen Heart,-1.6233,501
16.13,All Items,3116,Rylai's Crystal Scepter,-0.0517,239532
16.13,All Items,3118,Malignance,-2.7368,5400
16.13,All Items,3119,Winter's Approach,0.006,648
16.13,All Items,3135,Void Staff,-3.1302,410
16.13,All Items,3137,Cryptbloom,-0.7042,1221
16.13,All Items,3143,Randuin's Omen,-0.0227,283
16.13,All Items,3152,Hextech Rocketbelt,0.0951,1591
16.13,All Items,3157,Zhonya's Hourglass,-1.199,7011
16.13,All Items,3165,Morellonomicon,-0.1261,23583
16.13,All Items,3190,Locket of the Iron Solari,1.4222,4961
16.13,All Items,3222,Mikael's Blessing,0.1107,18706
16.13,All Items,3504,Ardent Censer,-0.6273,5474
16.13,All Items,4005,Imperial Mandate,0.3203,117447
16.13,All Items,4628,Horizon Focus,0.8343,1885
16.13,All Items,4629,Cosmic Drive,-1.0739,497
16.13,All Items,4645,Shadowflame,-3.1636,2670
16.13,All Items,4646,Stormsurge,-2.78,1084
16.13,All Items,6616,Staff of Flowing Water,0.8008,5083
16.13,All Items,6617,Moonstone Renewer,-0.2736,124171
16.13,All Items,6620,Echoes of Helia,0.323,276341
16.13,All Items,6621,Dawncore,0.0317,4684
16.13,All Items,6653,Liandry's Torment,-1.1406,12467
16.13,All Items,6655,Luden's Echo,-2.5685,21300
16.13,All Items,6657,Rod of Ages,-4.5527,173
16.13,All Items,6695,Serpent's Fang,-8.9604,101
16.13,All Items,8010,Bloodletter's Curse,0.3109,856
16.13,All Items,8020,Abyssal Mask,-0.8593,216
16.14,Keystone,8008,Lethal Tempo,-11.8693,109
16.14,Keystone,8010,Conqueror,-0.8404,127
16.14,Keystone,8112,Electrocute,-1.4318,1875
16.14,Keystone,8128,Dark Harvest,-4.9092,920
16.14,Keystone,8214,Summon Aery,0.0873,183229
16.14,Keystone,8229,Arcane Comet,-0.1582,76328
16.14,Keystone,8351,Glacial Augment,5.1374,984
16.14,Keystone,8360,Unsealed Spellbook,2.76,132
16.14,Keystone,8369,First Strike,-4.5442,499
16.14,Keystone,8439,Aftershock,-9.3227,124
16.14,Keystone,8465,Guardian,1.7048,4754
16.14,Keystone,8992,Deathfire Touch,-1.3026,2721
16.14,Spell,3,Exhaust,-0.8063,32145
16.14,Spell,4,Flash,0.0025,272004
16.14,Spell,7,Heal,0.2123,229123
16.14,Spell,12,Teleport,-8.0648,368
16.14,Spell,14,Ignite,-1.8701,9988
16.14,Spell,21,Barrier,-4.3272,484
16.14,Starter,3865,World Atlas,0.0,272118
16.14,Boots,3009,Boots of Swiftness,-0.8039,7721
16.14,Boots,3020,Sorcerer's Shoes,-2.1608,11241
16.14,Boots,3047,Plated Steelcaps,-0.1063,2101
16.14,Boots,3111,Mercury's Treads,1.1041,3024
16.14,Boots,3158,Ionian Boots of Lucidity,0.1896,237964
16.14,2nd Item,2065,Shurelya's Battlesong,1.1612,464
16.14,2nd Item,2503,Blackfire Torch,-1.9368,7643
16.14,2nd Item,2526,Whispering Circlet,-0.4911,6560
16.14,2nd Item,3003,Archangel's Staff,-1.3424,2132
16.14,2nd Item,3107,Redemption,-0.251,827
16.14,2nd Item,3116,Rylai's Crystal Scepter,-0.45,67635
16.14,2nd Item,3118,Malignance,-3.3222,1229
16.14,2nd Item,3119,Winter's Approach,-2.8494,175
16.14,2nd Item,3165,Morellonomicon,-2.9806,207
16.14,2nd Item,3190,Locket of the Iron Solari,1.65,173
16.14,2nd Item,3222,Mikael's Blessing,1.3073,2719
16.14,2nd Item,3504,Ardent Censer,-4.1821,434
16.14,2nd Item,4005,Imperial Mandate,0.5935,43445
16.14,2nd Item,6616,Staff of Flowing Water,0.243,566
16.14,2nd Item,6617,Moonstone Renewer,-1.1669,6221
16.14,2nd Item,6620,Echoes of Helia,0.5085,119719
16.14,2nd Item,6653,Liandry's Torment,-1.8108,896
16.14,2nd Item,6655,Luden's Echo,-3.2096,6395
16.14,3rd Item,2065,Shurelya's Battlesong,-1.52,1185
16.14,3rd Item,2503,Blackfire Torch,-2.0935,3007
16.14,3rd Item,2524,Bandlepipes,3.6917,176
16.14,3rd Item,2526,Whispering Circlet,0.4211,69915
16.14,3rd Item,3003,Archangel's Staff,-1.2381,3495
16.14,3rd Item,3041,Mejai's Soulstealer,-3.2683,431
16.14,3rd Item,3089,Rabadon's Deathcap,-7.017,113
16.14,3rd Item,3102,Banshee's Veil,-0.5312,146
16.14,3rd Item,3107,Redemption,0.2022,3310
16.14,3rd Item,3109,Knight's Vow,1.7293,177
16.14,3rd Item,3116,Rylai's Crystal Scepter,0.3044,63097
16.14,3rd Item,3118,Malignance,-0.3645,1188
16.14,3rd Item,3119,Winter's Approach,0.5526,423
16.14,3rd Item,3137,Cryptbloom,-8.0734,118
16.14,3rd Item,3152,Hextech Rocketbelt,-2.3576,407
16.14,3rd Item,3157,Zhonya's Hourglass,-2.3932,1018
16.14,3rd Item,3165,Morellonomicon,-0.5592,2458
16.14,3rd Item,3190,Locket of the Iron Solari,2.1019,758
16.14,3rd Item,3222,Mikael's Blessing,-1.1179,3689
16.14,3rd Item,3504,Ardent Censer,-0.71,1151
16.14,3rd Item,4005,Imperial Mandate,-0.1546,23047
16.14,3rd Item,4628,Horizon Focus,0.3889,160
16.14,3rd Item,4645,Shadowflame,-3.2314,802
16.14,3rd Item,4646,Stormsurge,-2.8046,406
16.14,3rd Item,6616,Staff of Flowing Water,1.5813,950
16.14,3rd Item,6617,Moonstone Renewer,-0.1299,24631
16.14,3rd Item,6620,Echoes of Helia,-0.199,17966
16.14,3rd Item,6621,Dawncore,1.7045,199
16.14,3rd Item,6653,Liandry's Torment,-2.2063,2768
16.14,3rd Item,6655,Luden's Echo,-3.0737,2574
16.14,4th+ Item,2065,Shurelya's Battlesong,-0.2652,3333
16.14,4th+ Item,2503,Blackfire Torch,-1.533,2213
16.14,4th+ Item,2504,Kaenic Rookern,7.2254,119
16.14,4th+ Item,2524,Bandlepipes,-3.838,557
16.14,4th+ Item,2526,Whispering Circlet,0.0873,13759
16.14,4th+ Item,3003,Archangel's Staff,0.3369,1822
16.14,4th+ Item,3041,Mejai's Soulstealer,-1.3223,988
16.14,4th+ Item,3089,Rabadon's Deathcap,-3.5791,870
16.14,4th+ Item,3102,Banshee's Veil,0.1743,618
16.14,4th+ Item,3107,Redemption,0.2821,11233
16.14,4th+ Item,3109,Knight's Vow,1.0354,793
16.14,4th+ Item,3110,Frozen Heart,-1.531,223
16.14,4th+ Item,3116,Rylai's Crystal Scepter,0.2957,19424
16.14,4th+ Item,3118,Malignance,-0.5948,860
16.14,4th+ Item,3119,Winter's Approach,0.4239,740
16.14,4th+ Item,3135,Void Staff,-3.0267,153
16.14,4th+ Item,3137,Cryptbloom,-0.6122,681
16.14,4th+ Item,3143,Randuin's Omen,5.7172,128
16.14,4th+ Item,3152,Hextech Rocketbelt,-7.9557,206
16.14,4th+ Item,3157,Zhonya's Hourglass,-0.5391,2902
16.14,4th+ Item,3165,Morellonomicon,-0.4399,11431
16.14,4th+ Item,3190,Locket of the Iron Solari,3.3061,1998
16.14,4th+ Item,3222,Mikael's Blessing,-0.493,4065
16.14,4th+ Item,3504,Ardent Censer,1.0512,1776
16.14,4th+ Item,4005,Imperial Mandate,-0.6234,11295
16.14,4th+ Item,4628,Horizon Focus,-1.349,687
16.14,4th+ Item,4629,Cosmic Drive,-5.1315,235
16.14,4th+ Item,4645,Shadowflame,-2.531,760
16.14,4th+ Item,4646,Stormsurge,-6.2394,226
16.14,4th+ Item,6616,Staff of Flowing Water,0.9786,2497
16.14,4th+ Item,6617,Moonstone Renewer,0.2839,37573
16.14,4th+ Item,6620,Echoes of Helia,0.4831,11824
16.14,4th+ Item,6621,Dawncore,1.0195,2269
16.14,4th+ Item,6653,Liandry's Torment,-0.5653,3521
16.14,4th+ Item,6655,Luden's Echo,-1.1873,3970
16.14,4th+ Item,8010,Bloodletter's Curse,-2.3983,497
16.14,All Items,2065,Shurelya's Battlesong,-0.4252,5000
16.14,All Items,2503,Blackfire Torch,-1.8938,12893
16.14,All Items,2504,Kaenic Rookern,6.6715,187
16.14,All Items,2524,Bandlepipes,-2.4654,753
16.14,All Items,2526,Whispering Circlet,0.3036,90247
16.14,All Items,3003,Archangel's Staff,-0.8757,7450
16.14,All Items,3041,Mejai's Soulstealer,-1.9792,1505
16.14,All Items,3089,Rabadon's Deathcap,-3.7755,1042
16.14,All Items,3102,Banshee's Veil,-0.1411,786
16.14,All Items,3107,Redemption,0.2329,15422
16.14,All Items,3109,Knight's Vow,1.108,997
16.14,All Items,3110,Frozen Heart,-0.5393,327
16.14,All Items,3116,Rylai's Crystal Scepter,-0.0352,150206
16.14,All Items,3118,Malignance,-1.5495,3287
16.14,All Items,3119,Winter's Approach,0.0365,1338
16.14,All Items,3135,Void Staff,-3.0021,204
16.14,All Items,3137,Cryptbloom,-1.9207,820
16.14,All Items,3143,Randuin's Omen,4.4249,159
16.14,All Items,3152,Hextech Rocketbelt,-5.0307,682
16.14,All Items,3157,Zhonya's Hourglass,-1.1182,4064
16.14,All Items,3165,Morellonomicon,-0.4719,14150
16.14,All Items,3190,Locket of the Iron Solari,2.8871,2946
16.14,All Items,3222,Mikael's Blessing,-0.2494,10495
16.14,All Items,3504,Ardent Censer,-0.1959,3371
16.14,All Items,4005,Imperial Mandate,0.1987,77843
16.14,All Items,4628,Horizon Focus,-0.9281,859
16.14,All Items,4629,Cosmic Drive,-4.0461,308
16.14,All Items,4645,Shadowflame,-2.9874,1598
16.14,All Items,4646,Stormsurge,-4.4358,661
16.14,All Items,6616,Staff of Flowing Water,1.0017,4024
16.14,All Items,6617,Moonstone Renewer,-0.0012,68489
16.14,All Items,6620,Echoes of Helia,0.4217,149530
16.14,All Items,6621,Dawncore,0.9097,2540
16.14,All Items,6653,Liandry's Torment,-1.3467,7216
16.14,All Items,6655,Luden's Echo,-2.5623,12955
16.14,All Items,6657,Rod of Ages,1.1116,120
16.14,All Items,8010,Bloodletter's Curse,-1.3625,617
16.14,All Items,8020,Abyssal Mask,1.2033,137
16.15,Keystone,8369,First Strike,-2.6767,334
16.15,Keystone,8214,Summon Aery,0.0977,140410
16.15,Keystone,8465,Guardian,3.9624,3694
16.15,Keystone,8360,Unsealed Spellbook,-0.9449,126
16.15,Keystone,8229,Arcane Comet,-0.264,63478
16.15,Keystone,8992,Deathfire Touch,-2.2643,2124
16.15,Keystone,8128,Dark Harvest,-3.0535,908
16.15,Keystone,8112,Electrocute,-1.2624,1482
16.15,Keystone,8351,Glacial Augment,0.7924,890
16.15,Spell,3,Exhaust,-0.5519,27630
16.15,Spell,4,Flash,0.0015,213830
16.15,Spell,7,Heal,0.2327,176290
16.15,Spell,12,Teleport,-7.0983,319
16.15,Spell,14,Ignite,-2.2913,9239
16.15,Spell,21,Barrier,-6.0158,437
16.15,Starter,3865,World Atlas,-0.0,213927
16.15,Boots,3009,Boots of Swiftness,-0.2845,6496
16.15,Boots,3020,Sorcerer's Shoes,-2.7775,9936
16.15,Boots,3047,Plated Steelcaps,0.762,1557
16.15,Boots,3111,Mercury's Treads,0.1834,2432
16.15,Boots,3158,Ionian Boots of Lucidity,0.2832,185755
16.15,2nd Item,2065,Shurelya's Battlesong,-2.7662,454
16.15,2nd Item,2503,Blackfire Torch,-2.1901,7308
16.15,2nd Item,2526,Whispering Circlet,-0.5875,5576
16.15,2nd Item,3003,Archangel's Staff,-0.4822,2045
16.15,2nd Item,3107,Redemption,2.2707,696
16.15,2nd Item,3116,Rylai's Crystal Scepter,-0.5331,58149
16.15,2nd Item,3118,Malignance,-3.0622,1117
16.15,2nd Item,3119,Winter's Approach,5.0726,144
16.15,2nd Item,3157,Zhonya's Hourglass,-4.4085,155
16.15,2nd Item,3165,Morellonomicon,-5.1662,188
16.15,2nd Item,3190,Locket of the Iron Solari,-0.7777,149
16.15,2nd Item,3222,Mikael's Blessing,0.8696,2264
16.15,2nd Item,3504,Ardent Censer,-2.0035,375
16.15,2nd Item,4005,Imperial Mandate,0.6091,28751
16.15,2nd Item,6616,Staff of Flowing Water,1.2114,591
16.15,2nd Item,6617,Moonstone Renewer,-0.8164,4874
16.15,2nd Item,6620,Echoes of Helia,0.6359,91249
16.15,2nd Item,6653,Liandry's Torment,-1.4076,761
16.15,2nd Item,6655,Luden's Echo,-3.1352,5538
16.15,3rd Item,2065,Shurelya's Battlesong,-1.1656,895
16.15,3rd Item,2503,Blackfire Torch,-1.1533,3072
16.15,3rd Item,2524,Bandlepipes,-2.3358,155
16.15,3rd Item,2526,Whispering Circlet,0.5851,50290
16.15,3rd Item,3003,Archangel's Staff,-0.5809,3075
16.15,3rd Item,3041,Mejai's Soulstealer,0.9754,339
16.15,3rd Item,3089,Rabadon's Deathcap,-1.3465,116
16.15,3rd Item,3102,Banshee's Veil,-4.6893,120
16.15,3rd Item,3107,Redemption,0.4757,2511
16.15,3rd Item,3109,Knight's Vow,-0.6497,132
16.15,3rd Item,3116,Rylai's Crystal Scepter,0.1464,49385
16.15,3rd Item,3118,Malignance,-2.7315,1007
16.15,3rd Item,3119,Winter's Approach,2.8237,504
16.15,3rd Item,3137,Cryptbloom,-2.4116,104
16.15,3rd Item,3152,Hextech Rocketbelt,0.204,206
16.15,3rd Item,3157,Zhonya's Hourglass,-2.817,1052
16.15,3rd Item,3165,Morellonomicon,-1.0119,2104
16.15,3rd Item,3190,Locket of the Iron Solari,2.0978,678
16.15,3rd Item,3222,Mikael's Blessing,0.0587,3069
16.15,3rd Item,3504,Ardent Censer,-0.0667,805
16.15,3rd Item,4005,Imperial Mandate,-0.0961,17880
16.15,3rd Item,4628,Horizon Focus,0.8035,161
16.15,3rd Item,4645,Shadowflame,-6.2044,641
16.15,3rd Item,4646,Stormsurge,-6.7142,254
16.15,3rd Item,6616,Staff of Flowing Water,-0.298,818
16.15,3rd Item,6617,Moonstone Renewer,-0.2511,20780
16.15,3rd Item,6620,Echoes of Helia,-0.0403,15383
16.15,3rd Item,6621,Dawncore,-0.3265,160
16.15,3rd Item,6653,Liandry's Torment,-2.0734,2540
16.15,3rd Item,6655,Luden's Echo,-2.9358,2226
16.15,3rd Item,8010,Bloodletter's Curse,-0.3542,138
16.15,4th+ Item,2065,Shurelya's Battlesong,1.8158,2161
16.15,4th+ Item,2503,Blackfire Torch,-1.1103,1980
16.15,4th+ Item,2504,Kaenic Rookern,0.8599,125
16.15,4th+ Item,2524,Bandlepipes,2.7483,434
16.15,4th+ Item,2526,Whispering Circlet,0.2264,10061
16.15,4th+ Item,3003,Archangel's Staff,0.5255,1400
16.15,4th+ Item,3041,Mejai's Soulstealer,-0.2552,733
16.15,4th+ Item,3089,Rabadon's Deathcap,-1.4345,736
16.15,4th+ Item,3102,Banshee's Veil,-0.337,570
16.15,4th+ Item,3107,Redemption,0.2774,8174
16.15,4th+ Item,3109,Knight's Vow,1.8984,498
16.15,4th+ Item,3110,Frozen Heart,1.8176,149
16.15,4th+ Item,3116,Rylai's Crystal Scepter,0.2676,14673
16.15,4th+ Item,3118,Malignance,-1.3075,721
16.15,4th+ Item,3119,Winter's Approach,1.1063,518
16.15,4th+ Item,3135,Void Staff,-1.319,176
16.15,4th+ Item,3137,Cryptbloom,-0.7163,510
16.15,4th+ Item,3152,Hextech Rocketbelt,-0.5034,104
16.15,4th+ Item,3157,Zhonya's Hourglass,-2.0349,2597
16.15,4th+ Item,3165,Morellonomicon,-0.4859,9137
16.15,4th+ Item,3190,Locket of the Iron Solari,2.5846,1378
16.15,4th+ Item,3222,Mikael's Blessing,0.7729,2820
16.15,4th+ Item,3504,Ardent Censer,1.5311,1218
16.15,4th+ Item,4005,Imperial Mandate,-1.0729,14354
16.15,4th+ Item,4628,Horizon Focus,0.0842,419
16.15,4th+ Item,4629,Cosmic Drive,-3.9664,174
16.15,4th+ Item,4645,Shadowflame,-2.5446,718
16.15,4th+ Item,4646,Stormsurge,0.7995,194
16.15,4th+ Item,6616,Staff of Flowing Water,0.3249,1859
16.15,4th+ Item,6617,Moonstone Renewer,0.3598,27636
16.15,4th+ Item,6620,Echoes of Helia,0.7058,8496
16.15,4th+ Item,6621,Dawncore,0.3483,1641
16.15,4th+ Item,6653,Liandry's Torment,-1.2383,3047
16.15,4th+ Item,6655,Luden's Echo,-3.0916,1640
16.15,4th+ Item,8010,Bloodletter's Curse,2.0192,432
16.15,All Items,2065,Shurelya's Battlesong,0.4813,3522
16.15,All Items,2503,Blackfire Torch,-1.746,12394
16.15,All Items,2504,Kaenic Rookern,-0.7636,174
16.15,All Items,2524,Bandlepipes,1.7597,606
16.15,All Items,2526,Whispering Circlet,0.4287,65936
16.15,All Items,3003,Archangel's Staff,-0.3044,6521
16.15,All Items,3041,Mejai's Soulstealer,0.1329,1138
16.15,All Items,3050,Zeke's Convergence,0.6187,106
16.15,All Items,3089,Rabadon's Deathcap,-1.2061,900
16.15,All Items,3102,Banshee's Veil,-1.1267,713
16.15,All Items,3107,Redemption,0.4327,11420
16.15,All Items,3109,Knight's Vow,1.5241,645
16.15,All Items,3110,Frozen Heart,1.2395,206
16.15,All Items,3116,Rylai's Crystal Scepter,-0.1606,122242
16.15,All Items,3118,Malignance,-2.5077,2849
16.15,All Items,3119,Winter's Approach,2.3294,1167
16.15,All Items,3135,Void Staff,-0.3607,208
16.15,All Items,3137,Cryptbloom,-1.2489,631
16.15,All Items,3143,Randuin's Omen,-0.4856,116
16.15,All Items,3152,Hextech Rocketbelt,1.1174,361
16.15,All Items,3157,Zhonya's Hourglass,-2.3116,3840
16.15,All Items,3165,Morellonomicon,-0.6651,11468
16.15,All Items,3190,Locket of the Iron Solari,2.2225,2215
16.15,All Items,3222,Mikael's Blessing,0.524,8160
16.15,All Items,3504,Ardent Censer,0.4315,2404
16.15,All Items,4005,Imperial Mandate,0.0029,61020
16.15,All Items,4628,Horizon Focus,0.2987,594
16.15,All Items,4629,Cosmic Drive,-4.1244,244
16.15,All Items,4645,Shadowflame,-4.248,1403
16.15,All Items,4646,Stormsurge,-3.0097,478
16.15,All Items,6616,Staff of Flowing Water,0.3075,3278
16.15,All Items,6617,Moonstone Renewer,0.0161,53330
16.15,All Items,6620,Echoes of Helia,0.5514,115140
16.15,All Items,6621,Dawncore,0.2376,1842
16.15,All Items,6653,Liandry's Torment,-1.5726,6378
16.15,All Items,6655,Luden's Echo,-3.0787,9423
16.15,All Items,8010,Bloodletter's Curse,0.9423,590
16.15,All Items,8020,Abyssal Mask,-2.4134,123
16.16,Keystone,8369,First Strike,-1.2308,139
16.16,Keystone,8214,Summon Aery,0.4897,58318
16.16,Keystone,8465,Guardian,1.8956,1418
16.16,Keystone,8229,Arcane Comet,-1.191,22946
16.16,Keystone,8992,Deathfire Touch,-0.0655,788
16.16,Keystone,8128,Dark Harvest,-3.6263,398
16.16,Keystone,8112,Electrocute,-1.2801,595
16.16,Keystone,8351,Glacial Augment,-0.4207,380
16.16,Spell,3,Exhaust,-0.6435,11314
16.16,Spell,4,Flash,0.0029,85225
16.16,Spell,7,Heal,0.1991,69942
16.16,Spell,12,Teleport,2.8466,114
16.16,Spell,14,Ignite,-1.8773,3683
16.16,Spell,21,Barrier,0.9198,205
16.16,Starter,3865,World Atlas,0.0,85265
16.16,Boots,3009,Boots of Swiftness,-0.4308,2622
16.16,Boots,3020,Sorcerer's Shoes,-2.7134,3809
16.16,Boots,3047,Plated Steelcaps,0.6266,611
16.16,Boots,3111,Mercury's Treads,0.0154,846
16.16,Boots,3158,Ionian Boots of Lucidity,0.2163,74077
16.16,2nd Item,2065,Shurelya's Battlesong,4.1452,231
16.16,2nd Item,2503,Blackfire Torch,-2.6107,2933
16.16,2nd Item,2526,Whispering Circlet,-0.7176,2266
16.16,2nd Item,3003,Archangel's Staff,-0.1346,789
16.16,2nd Item,3107,Redemption,4.6969,291
16.16,2nd Item,3116,Rylai's Crystal Scepter,-0.8388,22977
16.16,2nd Item,3118,Malignance,-2.1858,403
16.16,2nd Item,3190,Locket of the Iron Solari,0.8105,103
16.16,2nd Item,3222,Mikael's Blessing,0.3261,929
16.16,2nd Item,3504,Ardent Censer,-4.9731,164
16.16,2nd Item,4005,Imperial Mandate,0.6225,9998
16.16,2nd Item,6616,Staff of Flowing Water,-1.2025,232
16.16,2nd Item,6617,Moonstone Renewer,0.3469,2062
16.16,2nd Item,6620,Echoes of Helia,0.7671,37921
16.16,2nd Item,6653,Liandry's Torment,-4.6175,316
16.16,2nd Item,6655,Luden's Echo,-3.4211,2015
16.16,3rd Item,2065,Shurelya's Battlesong,-2.2373,427
16.16,3rd Item,2503,Blackfire Torch,-1.3242,1139
16.16,3rd Item,2526,Whispering Circlet,1.1122,20714
16.16,3rd Item,3003,Archangel's Staff,-0.9348,1085
16.16,3rd Item,3041,Mejai's Soulstealer,-0.3937,164
16.16,3rd Item,3107,Redemption,0.397,1027
16.16,3rd Item,3116,Rylai's Crystal Scepter,-0.2818,18726
16.16,3rd Item,3118,Malignance,-3.7255,305
16.16,3rd Item,3119,Winter's Approach,-0.8116,131
16.16,3rd Item,3157,Zhonya's Hourglass,0.7431,350
16.16,3rd Item,3165,Morellonomicon,-1.5783,836
16.16,3rd Item,3190,Locket of the Iron Solari,0.9527,280
16.16,3rd Item,3222,Mikael's Blessing,1.1729,1242
16.16,3rd Item,3504,Ardent Censer,-1.4446,379
16.16,3rd Item,4005,Imperial Mandate,-0.9273,10580
16.16,3rd Item,4645,Shadowflame,-2.6249,294
16.16,3rd Item,6616,Staff of Flowing Water,0.0608,357
16.16,3rd Item,6617,Moonstone Renewer,0.6519,5033
16.16,3rd Item,6620,Echoes of Helia,-0.26,6075
16.16,3rd Item,6653,Liandry's Torment,-1.8281,991
16.16,3rd Item,6655,Luden's Echo,-3.0771,692
16.16,4th+ Item,2065,Shurelya's Battlesong,-0.0178,760
16.16,4th+ Item,2503,Blackfire Torch,-2.9783,779
16.16,4th+ Item,2524,Bandlepipes,0.7837,170
16.16,4th+ Item,2526,Whispering Circlet,-0.3134,3824
16.16,4th+ Item,3003,Archangel's Staff,-2.3189,555
16.16,4th+ Item,3041,Mejai's Soulstealer,2.5659,340
16.16,4th+ Item,3089,Rabadon's Deathcap,-3.3676,270
16.16,4th+ Item,3102,Banshee's Veil,0.2875,195
16.16,4th+ Item,3107,Redemption,1.4811,2949
16.16,4th+ Item,3109,Knight's Vow,0.9892,180
16.16,4th+ Item,3116,Rylai's Crystal Scepter,0.7716,5950
16.16,4th+ Item,3118,Malignance,-2.9549,302
16.16,4th+ Item,3119,Winter's Approach,-3.8857,197
16.16,4th+ Item,3137,Cryptbloom,3.3931,202
16.16,4th+ Item,3157,Zhonya's Hourglass,-0.4266,889
16.16,4th+ Item,3165,Morellonomicon,-1.3884,3404
16.16,4th+ Item,3190,Locket of the Iron Solari,2.9379,542
16.16,4th+ Item,3222,Mikael's Blessing,-0.1157,1222
16.16,4th+ Item,3504,Ardent Censer,1.1978,537
16.16,4th+ Item,4005,Imperial Mandate,0.1104,5061
16.16,4th+ Item,4628,Horizon Focus,-1.745,141
16.16,4th+ Item,4629,Cosmic Drive,-1.835,107
16.16,4th+ Item,4645,Shadowflame,-2.5695,248
16.16,4th+ Item,6616,Staff of Flowing Water,1.5609,665
16.16,4th+ Item,6617,Moonstone Renewer,0.2593,11403
16.16,4th+ Item,6620,Echoes of Helia,0.2638,3274
16.16,4th+ Item,6621,Dawncore,-0.4032,666
16.16,4th+ Item,6653,Liandry's Torment,-0.7904,1093
16.16,4th+ Item,6655,Luden's Echo,-4.8907,650
16.16,4th+ Item,8010,Bloodletter's Curse,-4.4295,137
16.16,All Items,2065,Shurelya's Battlesong,-0.0046,1422
16.16,All Items,2503,Blackfire Torch,-2.3657,4855
16.16,All Items,2524,Bandlepipes,1.3656,250
16.16,All Items,2526,Whispering Circlet,0.7542,26811
16.16,All Items,3003,Archangel's Staff,-0.9911,2429
16.16,All Items,3041,Mejai's Soulstealer,1.7742,540
16.16,All Items,3089,Rabadon's Deathcap,-3.1826,329
16.16,All Items,3102,Banshee's Veil,-0.7587,246
16.16,All Items,3107,Redemption,1.424,4280
16.16,All Items,3109,Knight's Vow,3.2052,234
16.16,All Items,3110,Frozen Heart,5.8371,107
16.16,All Items,3116,Rylai's Crystal Scepter,-0.416,47666
16.16,All Items,3118,Malignance,-2.8722,1013
16.16,All Items,3119,Winter's Approach,-1.8873,357
16.16,All Items,3137,Cryptbloom,3.0369,253
16.16,All Items,3152,Hextech Rocketbelt,-6.5948,126
16.16,All Items,3157,Zhonya's Hourglass,-0.0853,1317
16.16,All Items,3165,Morellonomicon,-1.4825,4332
16.16,All Items,3190,Locket of the Iron Solari,2.0955,927
16.16,All Items,3222,Mikael's Blessing,0.4966,3395
16.16,All Items,3504,Ardent Censer,-0.7116,1084
16.16,All Items,4005,Imperial Mandate,-0.118,25655
16.16,All Items,4628,Horizon Focus,-3.0514,208
16.16,All Items,4629,Cosmic Drive,-1.0506,140
16.16,All Items,4645,Shadowflame,-2.3852,552
16.16,All Items,4646,Stormsurge,1.4703,171
16.16,All Items,6616,Staff of Flowing Water,0.5912,1256
16.16,All Items,6617,Moonstone Renewer,0.3731,18515
16.16,All Items,6620,Echoes of Helia,0.6001,47275
16.16,All Items,6621,Dawncore,-0.2246,736
16.16,All Items,6653,Liandry's Torment,-1.6929,2411
16.16,All Items,6655,Luden's Echo,-3.6437,3363
16.16,All Items,8010,Bloodletter's Curse,-1.9447,193
16.17,Keystone,8369,First Strike,0.6458,208
16.17,Keystone,8214,Summon Aery,0.0563,79661
16.17,Keystone,8465,Guardian,3.6777,2645
16.17,Keystone,8229,Arcane Comet,-0.3663,30656
16.17,Keystone,8992,Deathfire Touch,-0.8592,912
16.17,Keystone,8128,Dark Harvest,-3.7312,478
16.17,Keystone,8112,Electrocute,-1.3669,969
16.17,Keystone,8351,Glacial Augment,3.2275,389
16.17,Spell,3,Exhaust,-1.1041,16007
16.17,Spell,4,Flash,0.0038,116222
16.17,Spell,7,Heal,0.3515,95523
16.17,Spell,12,Teleport,-3.8477,139
16.17,Spell,14,Ignite,-3.519,4371
16.17,Spell,21,Barrier,1.7271,265
16.17,Starter,3865,World Atlas,0.0,116282
16.17,Boots,3009,Boots of Swiftness,-0.0339,4018
16.17,Boots,3020,Sorcerer's Shoes,-1.8375,5137
16.17,Boots,3047,Plated Steelcaps,1.425,792
16.17,Boots,3111,Mercury's Treads,-1.2022,1069
16.17,Boots,3158,Ionian Boots of Lucidity,0.273,101046
16.17,2nd Item,2065,Shurelya's Battlesong,-1.9565,340
16.17,2nd Item,2503,Blackfire Torch,-2.974,3468
16.17,2nd Item,2526,Whispering Circlet,-2.469,2599
16.17,2nd Item,3003,Archangel's Staff,-1.3525,844
16.17,2nd Item,3107,Redemption,-0.1207,319
16.17,2nd Item,3116,Rylai's Crystal Scepter,-0.6596,30259
16.17,2nd Item,3118,Malignance,-1.7804,597
16.17,2nd Item,3190,Locket of the Iron Solari,-3.0825,121
16.17,2nd Item,3222,Mikael's Blessing,-0.6612,1352
16.17,2nd Item,3504,Ardent Censer,-2.2279,250
16.17,2nd Item,4005,Imperial Mandate,0.303,14638
16.17,2nd Item,6616,Staff of Flowing Water,-1.289,305
16.17,2nd Item,6617,Moonstone Renewer,-0.1685,2973
16.17,2nd Item,6620,Echoes of Helia,0.8472,53008
16.17,2nd Item,6653,Liandry's Torment,-1.4546,388
16.17,2nd Item,6655,Luden's Echo,-2.1849,2701
16.17,3rd Item,2065,Shurelya's Battlesong,-0.7092,506
16.17,3rd Item,2503,Blackfire Torch,-3.2053,1385
16.17,3rd Item,2526,Whispering Circlet,0.6842,28963
16.17,3rd Item,3003,Archangel's Staff,-0.7376,1385
16.17,3rd Item,3041,Mejai's Soulstealer,-0.4021,216
16.17,3rd Item,3107,Redemption,-0.2162,1557
16.17,3rd Item,3116,Rylai's Crystal Scepter,0.4344,25339
16.17,3rd Item,3118,Malignance,-2.4412,436
16.17,3rd Item,3119,Winter's Approach,-2.7135,194
16.17,3rd Item,3157,Zhonya's Hourglass,-1.5685,447
16.17,3rd Item,3165,Morellonomicon,-2.0448,930
16.17,3rd Item,3190,Locket of the Iron Solari,-2.7013,340
16.17,3rd Item,3222,Mikael's Blessing,-0.9475,1833
16.17,3rd Item,3504,Ardent Censer,-0.2056,516
16.17,3rd Item,4005,Imperial Mandate,-0.8548,16157
16.17,3rd Item,4645,Shadowflame,-0.4528,380
16.17,3rd Item,4646,Stormsurge,-7.9497,115
16.17,3rd Item,6616,Staff of Flowing Water,1.0085,468
16.17,3rd Item,6617,Moonstone Renewer,0.4865,5941
16.17,3rd Item,6620,Echoes of Helia,-0.0305,7749
16.17,3rd Item,6653,Liandry's Torment,-0.8594,1143
16.17,3rd Item,6655,Luden's Echo,-1.4699,961
16.17,4th+ Item,2065,Shurelya's Battlesong,0.0077,1218
16.17,4th+ Item,2503,Blackfire Torch,-1.1277,874
16.17,4th+ Item,2524,Bandlepipes,3.9604,232
16.17,4th+ Item,2526,Whispering Circlet,0.7673,5621
16.17,4th+ Item,3003,Archangel's Staff,0.0964,717
16.17,4th+ Item,3041,Mejai's Soulstealer,-0.5862,463
16.17,4th+ Item,3089,Rabadon's Deathcap,-5.1207,375
16.17,4th+ Item,3102,Banshee's Veil,-2.2624,218
16.17,4th+ Item,3107,Redemption,0.1623,4138
16.17,4th+ Item,3109,Knight's Vow,2.102,268
16.17,4th+ Item,3116,Rylai's Crystal Scepter,0.3248,7582
16.17,4th+ Item,3118,Malignance,-2.602,426
16.17,4th+ Item,3119,Winter's Approach,5.1782,281
16.17,4th+ Item,3137,Cryptbloom,1.7933,242
16.17,4th+ Item,3157,Zhonya's Hourglass,-0.6055,1179
16.17,4th+ Item,3165,Morellonomicon,-0.247,4410
16.17,4th+ Item,3190,Locket of the Iron Solari,-0.2041,681
16.17,4th+ Item,3222,Mikael's Blessing,-0.4225,1696
16.17,4th+ Item,3504,Ardent Censer,2.3925,790
16.17,4th+ Item,4005,Imperial Mandate,0.1599,6262
16.17,4th+ Item,4628,Horizon Focus,-0.0847,223
16.17,4th+ Item,4629,Cosmic Drive,3.4954,112
16.17,4th+ Item,4645,Shadowflame,-2.72,305
16.17,4th+ Item,6616,Staff of Flowing Water,-0.2897,1332
16.17,4th+ Item,6617,Moonstone Renewer,0.0644,16638
16.17,4th+ Item,6620,Echoes of Helia,-0.3549,4325
16.17,4th+ Item,6621,Dawncore,-0.5262,1156
16.17,4th+ Item,6653,Liandry's Torment,-1.8478,1479
16.17,4th+ Item,6655,Luden's Echo,-1.122,737
16.17,4th+ Item,8010,Bloodletter's Curse,-1.4853,236
16.17,All Items,2065,Shurelya's Battlesong,-0.4816,2071
16.17,All Items,2503,Blackfire Torch,-2.7547,5734
16.17,All Items,2524,Bandlepipes,2.1395,323
16.17,All Items,2526,Whispering Circlet,0.4752,37193
16.17,All Items,3003,Archangel's Staff,-0.689,2948
16.17,All Items,3041,Mejai's Soulstealer,-0.9646,728
16.17,All Items,3089,Rabadon's Deathcap,-5.4359,454
16.17,All Items,3102,Banshee's Veil,-2.7878,278
16.17,All Items,3107,Redemption,0.0527,6034
16.17,All Items,3109,Knight's Vow,1.4021,343
16.17,All Items,3110,Frozen Heart,0.6805,117
16.17,All Items,3116,Rylai's Crystal Scepter,-0.1035,63204
16.17,All Items,3118,Malignance,-2.2124,1465
16.17,All Items,3119,Winter's Approach,2.2795,522
16.17,All Items,3137,Cryptbloom,0.7858,328
16.17,All Items,3152,Hextech Rocketbelt,1.2744,133
16.17,All Items,3157,Zhonya's Hourglass,-1.0085,1690
16.17,All Items,3165,Morellonomicon,-0.5682,5448
16.17,All Items,3190,Locket of the Iron Solari,-1.2273,1154
16.17,All Items,3222,Mikael's Blessing,-0.6936,4888
16.17,All Items,3504,Ardent Censer,0.7809,1561
16.17,All Items,4005,Imperial Mandate,-0.2246,37083
16.17,All Items,4628,Horizon Focus,-2.4784,323
16.17,All Items,4629,Cosmic Drive,5.0861,139
16.17,All Items,4645,Shadowflame,-1.3005,706
16.17,All Items,4646,Stormsurge,-2.6797,237
16.17,All Items,6616,Staff of Flowing Water,-0.1273,2116
16.17,All Items,6617,Moonstone Renewer,0.133,25573
16.17,All Items,6620,Echoes of Helia,0.6616,65101
16.17,All Items,6621,Dawncore,-0.7145,1273
16.17,All Items,6653,Liandry's Torment,-1.4064,3019
16.17,All Items,6655,Luden's Echo,-1.8498,4405
16.17,All Items,8010,Bloodletter's Curse,-1.5996,293
